Using pre-set license
Built from '2022.3/staging' branch; Version is '2022.3.17f1 (4fc78088f837) revision 5228416'; Using compiler version '192829333'; Build Type 'Release'
OS: 'Windows 11  (10.0.26100) 64bit Core' Language: 'en' Physical Memory: 65141 MB
BatchMode: 1, IsHumanControllingUs: 0, StartBugReporterOnCrash: 0, Is64bit: 1, IsPro: 1

COMMAND LINE ARGUMENTS:
C:\Program Files\Unity\Hub\Editor\2022.3.17f1\Editor\Unity.exe
-adb2
-batchMode
-noUpm
-name
AssetImportWorker0
-projectPath
C:/Users/simon/OneDrive/Desktop/Neutralized
-logFile
Logs/AssetImportWorker0.log
-srvPort
61222
Successfully changed project path to: C:/Users/simon/OneDrive/Desktop/Neutralized
C:/Users/simon/OneDrive/Desktop/Neutralized
[UnityMemory] Configuration Parameters - Can be set up in boot.config
    "memorysetup-bucket-allocator-granularity=16"
    "memorysetup-bucket-allocator-bucket-count=8"
    "memorysetup-bucket-allocator-block-size=33554432"
    "memorysetup-bucket-allocator-block-count=8"
    "memorysetup-main-allocator-block-size=16777216"
    "memorysetup-thread-allocator-block-size=16777216"
    "memorysetup-gfx-main-allocator-block-size=16777216"
    "memorysetup-gfx-thread-allocator-block-size=16777216"
    "memorysetup-cache-allocator-block-size=4194304"
    "memorysetup-typetree-allocator-block-size=2097152"
    "memorysetup-profiler-bucket-allocator-granularity=16"
    "memorysetup-profiler-bucket-allocator-bucket-count=8"
    "memorysetup-profiler-bucket-allocator-block-size=33554432"
    "memorysetup-profiler-bucket-allocator-block-count=8"
    "memorysetup-profiler-allocator-block-size=16777216"
    "memorysetup-profiler-editor-allocator-block-size=1048576"
    "memorysetup-temp-allocator-size-main=16777216"
    "memorysetup-job-temp-allocator-block-size=2097152"
    "memorysetup-job-temp-allocator-block-size-background=1048576"
    "memorysetup-job-temp-allocator-reduction-small-platforms=262144"
    "memorysetup-allocator-temp-initial-block-size-main=262144"
    "memorysetup-allocator-temp-initial-block-size-worker=262144"
    "memorysetup-temp-allocator-size-background-worker=32768"
    "memorysetup-temp-allocator-size-job-worker=262144"
    "memorysetup-temp-allocator-size-preload-manager=33554432"
    "memorysetup-temp-allocator-size-nav-mesh-worker=65536"
    "memorysetup-temp-allocator-size-audio-worker=65536"
    "memorysetup-temp-allocator-size-cloud-worker=32768"
    "memorysetup-temp-allocator-size-gi-baking-worker=262144"
    "memorysetup-temp-allocator-size-gfx=262144"
Player connection [45844] Host "[IP] 192.168.0.59 [Port] 0 [Flags] 2 [Guid] 3492562299 [EditorId] 3492562299 [Version] 1048832 [Id] WindowsEditor(7,SimonPC2) [Debug] 1 [PackageName] WindowsEditor [ProjectName] Editor" joined multi-casting on [225.0.0.222:54997]...

Player connection [45844] Host "[IP] 192.168.0.59 [Port] 0 [Flags] 2 [Guid] 3492562299 [EditorId] 3492562299 [Version] 1048832 [Id] WindowsEditor(7,SimonPC2) [Debug] 1 [PackageName] WindowsEditor [ProjectName] Editor" joined alternative multi-casting on [225.0.0.222:34997]...

[Physics::Module] Initialized MultithreadedJobDispatcher with 15 workers.
Refreshing native plugins compatible for Editor in 5.56 ms, found 3 plugins.
Preloading 0 native plugins for Editor in 0.00 ms.
Initialize engine version: 2022.3.17f1 (4fc78088f837)
[Subsystems] Discovering subsystems at path C:/Program Files/Unity/Hub/Editor/2022.3.17f1/Editor/Data/Resources/UnitySubsystems
[Subsystems] Discovering subsystems at path C:/Users/simon/OneDrive/Desktop/Neutralized/Assets
GfxDevice: creating device client; threaded=0; jobified=0
Direct3D:
    Version:  Direct3D 11.0 [level 11.1]
    Renderer: NVIDIA GeForce RTX 5070 Ti (ID=0x2c05)
    Vendor:   NVIDIA
    VRAM:     15907 MB
    Driver:   32.0.15.8180
Initialize mono
Mono path[0] = 'C:/Program Files/Unity/Hub/Editor/2022.3.17f1/Editor/Data/Managed'
Mono path[1] = 'C:/Program Files/Unity/Hub/Editor/2022.3.17f1/Editor/Data/MonoBleedingEdge/lib/mono/unityjit-win32'
Mono config path = 'C:/Program Files/Unity/Hub/Editor/2022.3.17f1/Editor/Data/MonoBleedingEdge/etc'
Using monoOptions --debugger-agent=transport=dt_socket,embedding=1,server=y,suspend=n,address=127.0.0.1:56728
Begin MonoManager ReloadAssembly
Registering precompiled unity dll's ...
Register platform support module: C:/Program Files/Unity/Hub/Editor/2022.3.17f1/Editor/Data/PlaybackEngines/WindowsStandaloneSupport/UnityEditor.WindowsStandalone.Extensions.dll
Registered in 0.004605 seconds.
- Loaded All Assemblies, in  0.187 seconds
Native extension for WindowsStandalone target not found
Mono: successfully reloaded assembly
- Finished resetting the current domain, in  0.144 seconds
Domain Reload Profiling: 330ms
	BeginReloadAssembly (59ms)
		ExecutionOrderSort (0ms)
		DisableScriptedObjects (0ms)
		BackupInstance (0ms)
		ReleaseScriptingObjects (0ms)
		CreateAndSetChildDomain (0ms)
	RebuildCommonClasses (18ms)
	RebuildNativeTypeToScriptingClass (5ms)
	initialDomainReloadingComplete (33ms)
	LoadAllAssembliesAndSetupDomain (70ms)
		LoadAssemblies (58ms)
		RebuildTransferFunctionScriptingTraits (0ms)
		AnalyzeDomain (69ms)
			TypeCache.Refresh (68ms)
				TypeCache.ScanAssembly (61ms)
			ScanForSourceGeneratedMonoScriptInfo (0ms)
			ResolveRequiredComponents (0ms)
	FinalizeReload (144ms)
		ReleaseScriptCaches (0ms)
		RebuildScriptCaches (0ms)
		SetupLoadedEditorAssemblies (113ms)
			LogAssemblyErrors (0ms)
			InitializePlatformSupportModulesInManaged (5ms)
			SetLoadedEditorAssemblies (4ms)
			RefreshPlugins (0ms)
			BeforeProcessingInitializeOnLoad (1ms)
			ProcessInitializeOnLoadAttributes (78ms)
			ProcessInitializeOnLoadMethodAttributes (25ms)
			AfterProcessingInitializeOnLoad (0ms)
			EditorAssembliesLoaded (0ms)
		ExecutionOrderSort2 (0ms)
		AwakeInstancesAfterBackupRestoration (0ms)
========================================================================
Worker process is ready to serve import requests
Begin MonoManager ReloadAssembly
- Loaded All Assemblies, in  0.342 seconds
Refreshing native plugins compatible for Editor in 2.40 ms, found 3 plugins.
Native extension for WindowsStandalone target not found
Mono: successfully reloaded assembly
- Finished resetting the current domain, in  0.338 seconds
Domain Reload Profiling: 679ms
	BeginReloadAssembly (78ms)
		ExecutionOrderSort (0ms)
		DisableScriptedObjects (3ms)
		BackupInstance (0ms)
		ReleaseScriptingObjects (0ms)
		CreateAndSetChildDomain (14ms)
	RebuildCommonClasses (17ms)
	RebuildNativeTypeToScriptingClass (5ms)
	initialDomainReloadingComplete (25ms)
	LoadAllAssembliesAndSetupDomain (215ms)
		LoadAssemblies (162ms)
		RebuildTransferFunctionScriptingTraits (0ms)
		AnalyzeDomain (96ms)
			TypeCache.Refresh (84ms)
				TypeCache.ScanAssembly (78ms)
			ScanForSourceGeneratedMonoScriptInfo (8ms)
			ResolveRequiredComponents (2ms)
	FinalizeReload (338ms)
		ReleaseScriptCaches (0ms)
		RebuildScriptCaches (0ms)
		SetupLoadedEditorAssemblies (264ms)
			LogAssemblyErrors (0ms)
			InitializePlatformSupportModulesInManaged (4ms)
			SetLoadedEditorAssemblies (2ms)
			RefreshPlugins (0ms)
			BeforeProcessingInitializeOnLoad (33ms)
			ProcessInitializeOnLoadAttributes (209ms)
			ProcessInitializeOnLoadMethodAttributes (11ms)
			AfterProcessingInitializeOnLoad (4ms)
			EditorAssembliesLoaded (0ms)
		ExecutionOrderSort2 (0ms)
		AwakeInstancesAfterBackupRestoration (3ms)
Launched and connected shader compiler UnityShaderCompiler.exe after 0.03 seconds
Refreshing native plugins compatible for Editor in 2.90 ms, found 3 plugins.
Preloading 0 native plugins for Editor in 0.00 ms.
Unloading 3881 Unused Serialized files (Serialized files now loaded: 0)
Unloading 54 unused Assets / (131.5 KB). Loaded Objects now: 4359.
Memory consumption went from 149.9 MB to 149.8 MB.
Total: 3.105400 ms (FindLiveObjects: 0.262600 ms CreateObjectMapping: 0.073100 ms MarkObjects: 2.647600 ms  DeleteObjects: 0.121400 ms)

AssetImportParameters requested are different than current active one (requested -> active):
  custom:container-demuxer-ogg: 62fdf1f143b41e24485cea50d1cbac27 -> 
  custom:video-codec-MediaFoundation-h265: 746d11721c4dcdbdad8f713fa42b33f4 -> 
  custom:video-decoder-ogg-theora: a1e56fd34408186e4bbccfd4996cb3dc -> 
  custom:framework-win-MediaFoundation: 216162199b28c13a410421893ffa2e32 -> 
  custom:CustomObjectIndexerAttribute: 6d391050e5a25f67b0a2c618074f2cd9 -> 
  custom:container-demuxer-webm: 4f35f7cbe854078d1ac9338744f61a02 -> 
  custom:container-muxer-webm: aa71ff27fc2769a1b78a27578f13a17b -> 
  custom:video-decoder-webm-vp8: 9c59270c3fd7afecdb556c50c9e8de78 -> 
  custom:SearchIndexIgnoredProperties: e643bd26f0fe6173181afceb89e7c659 -> 
  custom:AudioImporter_EditorPlatform: d09bf68614088b80899f8185d706f6e7 -> 
  custom:video-encoder-webm-vp8: eb34c28f22e8b96e1ab97ce403110664 -> 
  custom:audio-decoder-ogg-vorbis: bf7c407c2cedff20999df2af8eb42d56 -> 
  custom:audio-encoder-webm-vorbis: bf7c407c2cedff20999df2af8eb42d56 -> 
========================================================================
Received Import Request.
  Time since last request: 389200.637106 seconds.
  path: Assets/TextMesh Pro/Shaders/TMPro_Mobile.cginc
  artifactKey: Guid(c334973cef89a9840b0b0c507e0377ab) Importer(2089858483,0ecaa5967403d082aa24f35e1b516d23)
Start importing Assets/TextMesh Pro/Shaders/TMPro_Mobile.cginc using Guid(c334973cef89a9840b0b0c507e0377ab) Importer(2089858483,0ecaa5967403d082aa24f35e1b516d23) Generated GUIDs only implemented for interfaces!
 -> (artifact id: 'd4f182ca52d723c2577166aedd735226') in 0.053848 seconds
Number of updated asset objects reloaded before import = 0
Number of asset objects unloaded after import = 1
========================================================================
Received Import Request.
  Time since last request: 0.000022 seconds.
  path: Assets/Imported Assets/AllSkyFree/Deep Dusk/Deep Dusk Equirect.png
  artifactKey: Guid(66e51860485ae4048a30f7e029e65af7) Importer(2089858483,0ecaa5967403d082aa24f35e1b516d23)
Start importing Assets/Imported Assets/AllSkyFree/Deep Dusk/Deep Dusk Equirect.png using Guid(66e51860485ae4048a30f7e029e65af7) Importer(2089858483,0ecaa5967403d082aa24f35e1b516d23) Generated GUIDs only implemented for interfaces!
 -> (artifact id: 'd11e5b5804d38d4b586a43153f632e41') in 0.061706 seconds
Number of updated asset objects reloaded before import = 0
Number of asset objects unloaded after import = 1
========================================================================
Received Import Request.
  Time since last request: 0.000115 seconds.
  path: Assets/Imported Assets/AllSkyFree/Cold Night/Cold Night__Cam_4_Up+Y.png
  artifactKey: Guid(3d6928c404a7c46c3991bb1b73521d66) Importer(2089858483,0ecaa5967403d082aa24f35e1b516d23)
Start importing Assets/Imported Assets/AllSkyFree/Cold Night/Cold Night__Cam_4_Up+Y.png using Guid(3d6928c404a7c46c3991bb1b73521d66) Importer(2089858483,0ecaa5967403d082aa24f35e1b516d23) Generated GUIDs only implemented for interfaces!
 -> (artifact id: 'c0bd4e1894380447187092bf7a3580d3') in 0.025068 seconds
Number of updated asset objects reloaded before import = 0
Number of asset objects unloaded after import = 1
========================================================================
Received Import Request.
  Time since last request: 0.000096 seconds.
  path: Assets/Imported Assets/AllSkyFree/Cartoon Base BlueSky/Sky_Day_BlueSky_Nothing_Cam_0_Front+Z.png
  artifactKey: Guid(d731d71c2b8e94c18b5ef8be277e6773) Importer(2089858483,0ecaa5967403d082aa24f35e1b516d23)
Start importing Assets/Imported Assets/AllSkyFree/Cartoon Base BlueSky/Sky_Day_BlueSky_Nothing_Cam_0_Front+Z.png using Guid(d731d71c2b8e94c18b5ef8be277e6773) Importer(2089858483,0ecaa5967403d082aa24f35e1b516d23) Generated GUIDs only implemented for interfaces!
 -> (artifact id: '729a86168a2a66c843b0b10a90950708') in 0.016003 seconds
Number of updated asset objects reloaded before import = 0
Number of asset objects unloaded after import = 1
========================================================================
Received Import Request.
  Time since last request: 0.000010 seconds.
  path: Assets/Assets and Scripts/SniperScopeToggle.cs
  artifactKey: Guid(7c74659ec063a194aa6e3aefbef7f686) Importer(2089858483,0ecaa5967403d082aa24f35e1b516d23)
Start importing Assets/Assets and Scripts/SniperScopeToggle.cs using Guid(7c74659ec063a194aa6e3aefbef7f686) Importer(2089858483,0ecaa5967403d082aa24f35e1b516d23) Generated GUIDs only implemented for interfaces!
 -> (artifact id: '00d1c183e146ae57405218cd5e01b106') in 0.007277 seconds
Number of updated asset objects reloaded before import = 0
Number of asset objects unloaded after import = 1
========================================================================
Received Import Request.
  Time since last request: 0.000086 seconds.
  path: Assets/Imported Assets/AllSkyFree/Cartoon Base NightSky/Cartoon Base NightSky_Cam_4_Up+Y.png
  artifactKey: Guid(d8144633fec3342d9b7d9388377fb2a6) Importer(2089858483,0ecaa5967403d082aa24f35e1b516d23)
Start importing Assets/Imported Assets/AllSkyFree/Cartoon Base NightSky/Cartoon Base NightSky_Cam_4_Up+Y.png using Guid(d8144633fec3342d9b7d9388377fb2a6) Importer(2089858483,0ecaa5967403d082aa24f35e1b516d23) Generated GUIDs only implemented for interfaces!
 -> (artifact id: 'b888911f5096f53351c329d515a0bcb4') in 0.016385 seconds
Number of updated asset objects reloaded before import = 0
Number of asset objects unloaded after import = 1
========================================================================
Received Import Request.
  Time since last request: 0.000031 seconds.
  path: Assets/Imported Assets/AllSkyFree/Cold Night/Cold Night__Cam_0_Front+Z.png
  artifactKey: Guid(aad96e1c2baf24d3499e2ea1426ab824) Importer(2089858483,0ecaa5967403d082aa24f35e1b516d23)
Start importing Assets/Imported Assets/AllSkyFree/Cold Night/Cold Night__Cam_0_Front+Z.png using Guid(aad96e1c2baf24d3499e2ea1426ab824) Importer(2089858483,0ecaa5967403d082aa24f35e1b516d23) Generated GUIDs only implemented for interfaces!
 -> (artifact id: '6722b5567e1635676a81a2af0927d465') in 0.018687 seconds
Number of updated asset objects reloaded before import = 0
Number of asset objects unloaded after import = 1
========================================================================
Received Import Request.
  Time since last request: 0.000032 seconds.
  path: Assets/Imported Assets/AllSkyFree/Epic_BlueSunset/Epic_BlueSunset_Cam_1_Back-Z.png
  artifactKey: Guid(cbdb0c81375e549b1bae3506c1863a68) Importer(2089858483,0ecaa5967403d082aa24f35e1b516d23)
Start importing Assets/Imported Assets/AllSkyFree/Epic_BlueSunset/Epic_BlueSunset_Cam_1_Back-Z.png using Guid(cbdb0c81375e549b1bae3506c1863a68) Importer(2089858483,0ecaa5967403d082aa24f35e1b516d23) Generated GUIDs only implemented for interfaces!
 -> (artifact id: 'fd99a36188dcece7951dc2e9ebedfb66') in 0.017124 seconds
Number of updated asset objects reloaded before import = 0
Number of asset objects unloaded after import = 1
========================================================================
Received Import Request.
  Time since last request: 0.000010 seconds.
  path: Assets/Imported Assets/AllSkyFree/Epic_BlueSunset/Epic_BlueSunsetSettings.lighting
  artifactKey: Guid(84e6e981d18c9f743ba409201f869820) Importer(2089858483,0ecaa5967403d082aa24f35e1b516d23)
Start importing Assets/Imported Assets/AllSkyFree/Epic_BlueSunset/Epic_BlueSunsetSettings.lighting using Guid(84e6e981d18c9f743ba409201f869820) Importer(2089858483,0ecaa5967403d082aa24f35e1b516d23) LightingSettings: switching bake backend from 1 to 0.
Generated GUIDs only implemented for interfaces!
 -> (artifact id: '7629eae83002b3e272ec0b9b586404b2') in 0.013374 seconds
Number of updated asset objects reloaded before import = 0
Number of asset objects unloaded after import = 1
========================================================================
Received Import Request.
  Time since last request: 0.000044 seconds.
  path: Assets/Imported Assets/AllSkyFree/Cartoon Base BlueSky/Day_BlueSky_Nothing.unity
  artifactKey: Guid(c227f157df13b418c8ebb9e0b483e121) Importer(2089858483,0ecaa5967403d082aa24f35e1b516d23)
Start importing Assets/Imported Assets/AllSkyFree/Cartoon Base BlueSky/Day_BlueSky_Nothing.unity using Guid(c227f157df13b418c8ebb9e0b483e121) Importer(2089858483,0ecaa5967403d082aa24f35e1b516d23) Generated GUIDs only implemented for interfaces!
 -> (artifact id: '1108dc182c4d018f576415e5b74ff1df') in 0.006110 seconds
Number of updated asset objects reloaded before import = 0
Number of asset objects unloaded after import = 1
========================================================================
Received Import Request.
  Time since last request: 0.000124 seconds.
  path: Assets/Imported Assets/AllSkyFree/Deep Dusk/Deep Dusk__Cam_1_Back-Z.png
  artifactKey: Guid(5e2aba0844c5a4c2ca77ba49a1ea08d5) Importer(2089858483,0ecaa5967403d082aa24f35e1b516d23)
Start importing Assets/Imported Assets/AllSkyFree/Deep Dusk/Deep Dusk__Cam_1_Back-Z.png using Guid(5e2aba0844c5a4c2ca77ba49a1ea08d5) Importer(2089858483,0ecaa5967403d082aa24f35e1b516d23) Generated GUIDs only implemented for interfaces!
 -> (artifact id: '9818a500ffcda5c6b22600bf9f7d3d26') in 0.015966 seconds
Number of updated asset objects reloaded before import = 0
Number of asset objects unloaded after import = 1
========================================================================
Received Import Request.
  Time since last request: 0.000010 seconds.
  path: Assets/Imported Assets/AllSkyFree/Cartoon Base NightSky/Cartoon Base NightSky.unity
  artifactKey: Guid(c4ac93a9f488344c29ac272cddb55dda) Importer(2089858483,0ecaa5967403d082aa24f35e1b516d23)
Start importing Assets/Imported Assets/AllSkyFree/Cartoon Base NightSky/Cartoon Base NightSky.unity using Guid(c4ac93a9f488344c29ac272cddb55dda) Importer(2089858483,0ecaa5967403d082aa24f35e1b516d23) Generated GUIDs only implemented for interfaces!
 -> (artifact id: 'd94d715d0a5846cd88574e1b85d451d6') in 0.005789 seconds
Number of updated asset objects reloaded before import = 0
Number of asset objects unloaded after import = 1
========================================================================
Received Import Request.
  Time since last request: 0.000069 seconds.
  path: Assets/Imported Assets/AllSkyFree/Epic_BlueSunset/Epic_BlueSunset_Cam_2_Left+X.png
  artifactKey: Guid(604c8e250817f485c97f85e8237f7524) Importer(2089858483,0ecaa5967403d082aa24f35e1b516d23)
Start importing Assets/Imported Assets/AllSkyFree/Epic_BlueSunset/Epic_BlueSunset_Cam_2_Left+X.png using Guid(604c8e250817f485c97f85e8237f7524) Importer(2089858483,0ecaa5967403d082aa24f35e1b516d23) Generated GUIDs only implemented for interfaces!
 -> (artifact id: '91c3c5a1d4055752d8f230db89281831') in 0.015127 seconds
Number of updated asset objects reloaded before import = 0
Number of asset objects unloaded after import = 1
========================================================================
Received Import Request.
  Time since last request: 0.000099 seconds.
  path: Assets/TextMesh Pro/Shaders/TMP_Bitmap-Custom-Atlas.shader
  artifactKey: Guid(48bb5f55d8670e349b6e614913f9d910) Importer(2089858483,0ecaa5967403d082aa24f35e1b516d23)
Start importing Assets/TextMesh Pro/Shaders/TMP_Bitmap-Custom-Atlas.shader using Guid(48bb5f55d8670e349b6e614913f9d910) Importer(2089858483,0ecaa5967403d082aa24f35e1b516d23) Generated GUIDs only implemented for interfaces!
 -> (artifact id: '4fd335bb9acdeff393a451b7ee49cc7f') in 0.010521 seconds
Number of updated asset objects reloaded before import = 0
Number of asset objects unloaded after import = 1
========================================================================
Received Import Request.
  Time since last request: 0.000023 seconds.
  path: Assets/Scenes/Neutralized.unity
  artifactKey: Guid(142409b6a65365641ae88de964598f57) Importer(2089858483,0ecaa5967403d082aa24f35e1b516d23)
Start importing Assets/Scenes/Neutralized.unity using Guid(142409b6a65365641ae88de964598f57) Importer(2089858483,0ecaa5967403d082aa24f35e1b516d23) Generated GUIDs only implemented for interfaces!
 -> (artifact id: 'c540f94f63c25e504a85952269b3f925') in 0.005670 seconds
Number of updated asset objects reloaded before import = 0
Number of asset objects unloaded after import = 1
========================================================================
Received Import Request.
  Time since last request: 0.000059 seconds.
  path: Assets/Imported Assets/AllSkyFree/Cold Night/Cold Night Equirect.png
  artifactKey: Guid(97259d0c0ea9f491692be825da27978a) Importer(2089858483,0ecaa5967403d082aa24f35e1b516d23)
Start importing Assets/Imported Assets/AllSkyFree/Cold Night/Cold Night Equirect.png using Guid(97259d0c0ea9f491692be825da27978a) Importer(2089858483,0ecaa5967403d082aa24f35e1b516d23) Generated GUIDs only implemented for interfaces!
 -> (artifact id: '1f63eab7cbafa4c11c18287efbda631c') in 0.023504 seconds
Number of updated asset objects reloaded before import = 0
Number of asset objects unloaded after import = 1
========================================================================
Received Import Request.
  Time since last request: 0.000028 seconds.
  path: Assets/Imported Assets/Cold NightSettings.lighting
  artifactKey: Guid(f211dc142b221f04e99ffc9a0e91f445) Importer(2089858483,0ecaa5967403d082aa24f35e1b516d23)
Start importing Assets/Imported Assets/Cold NightSettings.lighting using Guid(f211dc142b221f04e99ffc9a0e91f445) Importer(2089858483,0ecaa5967403d082aa24f35e1b516d23) LightingSettings: switching bake backend from 1 to 0.
Generated GUIDs only implemented for interfaces!
 -> (artifact id: '5e43054d6efdfb7cae04f5775731c8c7') in 0.007690 seconds
Number of updated asset objects reloaded before import = 0
Number of asset objects unloaded after import = 1
========================================================================
Received Import Request.
  Time since last request: 0.000041 seconds.
  path: Assets/Imported Assets/AllSkyFree/Deep Dusk/Deep Dusk__Cam_5_Down-Y.png
  artifactKey: Guid(2e38ed7c39e8e4314930da8a86ae7a88) Importer(2089858483,0ecaa5967403d082aa24f35e1b516d23)
Start importing Assets/Imported Assets/AllSkyFree/Deep Dusk/Deep Dusk__Cam_5_Down-Y.png using Guid(2e38ed7c39e8e4314930da8a86ae7a88) Importer(2089858483,0ecaa5967403d082aa24f35e1b516d23) Generated GUIDs only implemented for interfaces!
 -> (artifact id: 'dbcd7f22a59da6df8106733100ad8c65') in 0.015915 seconds
Number of updated asset objects reloaded before import = 0
Number of asset objects unloaded after import = 1
========================================================================
Received Import Request.
  Time since last request: 0.000029 seconds.
  path: Assets/Imported Assets/AllSkyFree/Cold Night/Cold Night__Cam_3_Right-X.png
  artifactKey: Guid(2b201733d2df84602b3020984df58790) Importer(2089858483,0ecaa5967403d082aa24f35e1b516d23)
Start importing Assets/Imported Assets/AllSkyFree/Cold Night/Cold Night__Cam_3_Right-X.png using Guid(2b201733d2df84602b3020984df58790) Importer(2089858483,0ecaa5967403d082aa24f35e1b516d23) Generated GUIDs only implemented for interfaces!
 -> (artifact id: '7974a0856c182cc40893a95731d20f6e') in 0.016830 seconds
Number of updated asset objects reloaded before import = 0
Number of asset objects unloaded after import = 1
========================================================================
Received Import Request.
  Time since last request: 0.000048 seconds.
  path: Assets/Imported Assets/AllSkyFree/Epic_BlueSunset/Epic_BlueSunset Equirect.mat
  artifactKey: Guid(cdbb40e11399e4a17882ada20a1b896a) Importer(2089858483,0ecaa5967403d082aa24f35e1b516d23)
Start importing Assets/Imported Assets/AllSkyFree/Epic_BlueSunset/Epic_BlueSunset Equirect.mat using Guid(cdbb40e11399e4a17882ada20a1b896a) Importer(2089858483,0ecaa5967403d082aa24f35e1b516d23) Generated GUIDs only implemented for interfaces!
 -> (artifact id: '5ba9ed5c3d26415f1c3f8a3b77a61468') in 0.019868 seconds
Number of updated asset objects reloaded before import = 0
Number of asset objects unloaded after import = 2
========================================================================
Received Import Request.
  Time since last request: 0.000011 seconds.
  path: Assets/Imported Assets/AllSkyFree/Cartoon Base NightSky/Cartoon Base NightSkySettings.lighting
  artifactKey: Guid(4f3a05c6af99c274ca24bc77e8b959a0) Importer(2089858483,0ecaa5967403d082aa24f35e1b516d23)
Start importing Assets/Imported Assets/AllSkyFree/Cartoon Base NightSky/Cartoon Base NightSkySettings.lighting using Guid(4f3a05c6af99c274ca24bc77e8b959a0) Importer(2089858483,0ecaa5967403d082aa24f35e1b516d23) LightingSettings: switching bake backend from 1 to 0.
Generated GUIDs only implemented for interfaces!
 -> (artifact id: 'cbe753ecbb4437d14759e63b4e8a62e1') in 0.008823 seconds
Number of updated asset objects reloaded before import = 0
Number of asset objects unloaded after import = 1
========================================================================
Received Import Request.
  Time since last request: 0.000066 seconds.
  path: Assets/Imported Assets/AllSkyFree/Cartoon Base BlueSky/Day_BlueSky_Nothing Equirect.mat
  artifactKey: Guid(73324b55f67f54c7bbf43204788b8bbe) Importer(2089858483,0ecaa5967403d082aa24f35e1b516d23)
Start importing Assets/Imported Assets/AllSkyFree/Cartoon Base BlueSky/Day_BlueSky_Nothing Equirect.mat using Guid(73324b55f67f54c7bbf43204788b8bbe) Importer(2089858483,0ecaa5967403d082aa24f35e1b516d23) Generated GUIDs only implemented for interfaces!
 -> (artifact id: 'd89ffae023394e868ff8877f07adb081') in 0.023081 seconds
Number of updated asset objects reloaded before import = 0
Number of asset objects unloaded after import = 2
========================================================================
Received Import Request.
  Time since last request: 0.000010 seconds.
  path: Assets/Imported Assets/SpaceZeta_StreetLamps2/Showcase.unity
  artifactKey: Guid(22fe6b9bed83b024ab7c93fe701b82d7) Importer(2089858483,0ecaa5967403d082aa24f35e1b516d23)
Start importing Assets/Imported Assets/SpaceZeta_StreetLamps2/Showcase.unity using Guid(22fe6b9bed83b024ab7c93fe701b82d7) Importer(2089858483,0ecaa5967403d082aa24f35e1b516d23) Generated GUIDs only implemented for interfaces!
 -> (artifact id: '04c2fb85c9371bbf4f3ed43eea71d588') in 0.006500 seconds
Number of updated asset objects reloaded before import = 0
Number of asset objects unloaded after import = 1
========================================================================
Received Import Request.
  Time since last request: 0.000082 seconds.
  path: Assets/Imported Assets/AllSkyFree/Cold Sunset/Cold Sunset__Cam_3_Right-X.png
  artifactKey: Guid(1f225a337fa434ec1b937d9c8b70a667) Importer(2089858483,0ecaa5967403d082aa24f35e1b516d23)
Start importing Assets/Imported Assets/AllSkyFree/Cold Sunset/Cold Sunset__Cam_3_Right-X.png using Guid(1f225a337fa434ec1b937d9c8b70a667) Importer(2089858483,0ecaa5967403d082aa24f35e1b516d23) Generated GUIDs only implemented for interfaces!
 -> (artifact id: '4d8d832230599ea5c17be77be2878ed8') in 0.015776 seconds
Number of updated asset objects reloaded before import = 0
Number of asset objects unloaded after import = 1
========================================================================
Received Import Request.
  Time since last request: 0.000036 seconds.
  path: Assets/Imported Assets/Simple Vehicle Pack/Demo_scene.unity
  artifactKey: Guid(506b4ac321e63974fafc66c23659ffe6) Importer(2089858483,0ecaa5967403d082aa24f35e1b516d23)
Start importing Assets/Imported Assets/Simple Vehicle Pack/Demo_scene.unity using Guid(506b4ac321e63974fafc66c23659ffe6) Importer(2089858483,0ecaa5967403d082aa24f35e1b516d23) Generated GUIDs only implemented for interfaces!
 -> (artifact id: '55202f3826e4b160bddc48f51a0f7a5b') in 0.005483 seconds
Number of updated asset objects reloaded before import = 0
Number of asset objects unloaded after import = 1
========================================================================
Received Import Request.
  Time since last request: 0.000078 seconds.
  path: Assets/Imported Assets/AllSkyFree/Cartoon Base NightSky/Cartoon Base NightSky_Cam_3_Right-X.png
  artifactKey: Guid(69090bcf98b624e77a2f519630debe54) Importer(2089858483,0ecaa5967403d082aa24f35e1b516d23)
Start importing Assets/Imported Assets/AllSkyFree/Cartoon Base NightSky/Cartoon Base NightSky_Cam_3_Right-X.png using Guid(69090bcf98b624e77a2f519630debe54) Importer(2089858483,0ecaa5967403d082aa24f35e1b516d23) Generated GUIDs only implemented for interfaces!
 -> (artifact id: '1e6cf75a99fd4c095aecebbbe4c60aae') in 0.015485 seconds
Number of updated asset objects reloaded before import = 0
Number of asset objects unloaded after import = 1
========================================================================
Received Import Request.
  Time since last request: 0.000008 seconds.
  path: Assets/TextMesh Pro/Shaders/TMP_SDF-Mobile Masking.shader
  artifactKey: Guid(bc1ede39bf3643ee8e493720e4259791) Importer(2089858483,0ecaa5967403d082aa24f35e1b516d23)
Start importing Assets/TextMesh Pro/Shaders/TMP_SDF-Mobile Masking.shader using Guid(bc1ede39bf3643ee8e493720e4259791) Importer(2089858483,0ecaa5967403d082aa24f35e1b516d23) Generated GUIDs only implemented for interfaces!
 -> (artifact id: '9c6e7100297232c9bbe008bea2cd1844') in 0.008424 seconds
Number of updated asset objects reloaded before import = 0
Number of asset objects unloaded after import = 1
========================================================================
Received Import Request.
  Time since last request: 0.000135 seconds.
  path: Assets/Imported Assets/AllSkyFree/Deep Dusk/Deep Dusk.unity
  artifactKey: Guid(c8a48d1a6bbea47e981602e288f19742) Importer(2089858483,0ecaa5967403d082aa24f35e1b516d23)
Start importing Assets/Imported Assets/AllSkyFree/Deep Dusk/Deep Dusk.unity using Guid(c8a48d1a6bbea47e981602e288f19742) Importer(2089858483,0ecaa5967403d082aa24f35e1b516d23) Generated GUIDs only implemented for interfaces!
 -> (artifact id: '3ea006ffc79808c06c8faed89a53410b') in 0.005933 seconds
Number of updated asset objects reloaded before import = 0
Number of asset objects unloaded after import = 1
========================================================================
Received Import Request.
  Time since last request: 0.000067 seconds.
  path: Assets/TextMesh Pro/Fonts/LiberationSans.ttf
  artifactKey: Guid(e3265ab4bf004d28a9537516768c1c75) Importer(2089858483,0ecaa5967403d082aa24f35e1b516d23)
Start importing Assets/TextMesh Pro/Fonts/LiberationSans.ttf using Guid(e3265ab4bf004d28a9537516768c1c75) Importer(2089858483,0ecaa5967403d082aa24f35e1b516d23) Generated GUIDs only implemented for interfaces!
 -> (artifact id: '3cbea63004b2b240b3bd52937b7ded25') in 0.012269 seconds
Number of updated asset objects reloaded before import = 0
Number of asset objects unloaded after import = 3
========================================================================
Received Import Request.
  Time since last request: 0.000007 seconds.
  path: Assets/TextMesh Pro/Shaders/TMP_Bitmap.shader
  artifactKey: Guid(128e987d567d4e2c824d754223b3f3b0) Importer(2089858483,0ecaa5967403d082aa24f35e1b516d23)
Start importing Assets/TextMesh Pro/Shaders/TMP_Bitmap.shader using Guid(128e987d567d4e2c824d754223b3f3b0) Importer(2089858483,0ecaa5967403d082aa24f35e1b516d23) Generated GUIDs only implemented for interfaces!
 -> (artifact id: 'a94ced0001b0e41cb3656c7841d3a083') in 0.007990 seconds
Number of updated asset objects reloaded before import = 0
Number of asset objects unloaded after import = 1
========================================================================
Received Import Request.
  Time since last request: 0.000066 seconds.
  path: Assets/Imported Assets/AllSkyFree/Cold Night/Cold Night__Cam_1_Back-Z.png
  artifactKey: Guid(7a03001a6d7c746a2a2467b3b3f51660) Importer(2089858483,0ecaa5967403d082aa24f35e1b516d23)
Start importing Assets/Imported Assets/AllSkyFree/Cold Night/Cold Night__Cam_1_Back-Z.png using Guid(7a03001a6d7c746a2a2467b3b3f51660) Importer(2089858483,0ecaa5967403d082aa24f35e1b516d23) Generated GUIDs only implemented for interfaces!
 -> (artifact id: '067248e37c0f4689a5a590305addaf87') in 0.015956 seconds
Number of updated asset objects reloaded before import = 0
Number of asset objects unloaded after import = 1
========================================================================
Received Import Request.
  Time since last request: 0.000064 seconds.
  path: Assets/TextMesh Pro/Shaders/TMP_SDF-Mobile.shader
  artifactKey: Guid(fe393ace9b354375a9cb14cdbbc28be4) Importer(2089858483,0ecaa5967403d082aa24f35e1b516d23)
Start importing Assets/TextMesh Pro/Shaders/TMP_SDF-Mobile.shader using Guid(fe393ace9b354375a9cb14cdbbc28be4) Importer(2089858483,0ecaa5967403d082aa24f35e1b516d23) Generated GUIDs only implemented for interfaces!
 -> (artifact id: '6879cbd0c2a6b03ee012edbc51b8f89f') in 0.007763 seconds
Number of updated asset objects reloaded before import = 0
Number of asset objects unloaded after import = 1
========================================================================
Received Import Request.
  Time since last request: 0.000066 seconds.
  path: Assets/TextMesh Pro/Resources/TMP Settings.asset
  artifactKey: Guid(3f5b5dff67a942289a9defa416b206f3) Importer(2089858483,0ecaa5967403d082aa24f35e1b516d23)
Start importing Assets/TextMesh Pro/Resources/TMP Settings.asset using Guid(3f5b5dff67a942289a9defa416b206f3) Importer(2089858483,0ecaa5967403d082aa24f35e1b516d23) Generated GUIDs only implemented for interfaces!
 -> (artifact id: '888149ec2cf05bc2053caa8e89174023') in 0.027800 seconds
Number of updated asset objects reloaded before import = 0
Number of asset objects unloaded after import = 15
========================================================================
Received Import Request.
  Time since last request: 0.000009 seconds.
  path: Assets/Imported Assets/AllSkyFree/Cold Night/Cold Night__Cam_2_Left+X.png
  artifactKey: Guid(3aa922ca8577f4f66b8810ab41310933) Importer(2089858483,0ecaa5967403d082aa24f35e1b516d23)
Start importing Assets/Imported Assets/AllSkyFree/Cold Night/Cold Night__Cam_2_Left+X.png using Guid(3aa922ca8577f4f66b8810ab41310933) Importer(2089858483,0ecaa5967403d082aa24f35e1b516d23) Generated GUIDs only implemented for interfaces!
 -> (artifact id: '2a3181ec4727d7df3bf35beea10153a6') in 0.017261 seconds
Number of updated asset objects reloaded before import = 0
Number of asset objects unloaded after import = 1
========================================================================
Received Import Request.
  Time since last request: 0.000012 seconds.
  path: Assets/Imported Assets/AllSkyFree/Cartoon Base BlueSky/Day_BlueSky_Nothing.mat
  artifactKey: Guid(c56e28e54cac24b04ae3dd957d214534) Importer(2089858483,0ecaa5967403d082aa24f35e1b516d23)
Start importing Assets/Imported Assets/AllSkyFree/Cartoon Base BlueSky/Day_BlueSky_Nothing.mat using Guid(c56e28e54cac24b04ae3dd957d214534) Importer(2089858483,0ecaa5967403d082aa24f35e1b516d23) Generated GUIDs only implemented for interfaces!
 -> (artifact id: '52680237e2d4de5d4d97a3598e115a97') in 0.012748 seconds
Number of updated asset objects reloaded before import = 0
Number of asset objects unloaded after import = 7
========================================================================
Received Import Request.
  Time since last request: 0.000011 seconds.
  path: Assets/Imported Assets/AllSkyFree/Cartoon Base NightSky/Cartoon Base NightSky_Cam_2_Left+X.png
  artifactKey: Guid(30795c4c7d28549fc98ea24071c47626) Importer(2089858483,0ecaa5967403d082aa24f35e1b516d23)
Start importing Assets/Imported Assets/AllSkyFree/Cartoon Base NightSky/Cartoon Base NightSky_Cam_2_Left+X.png using Guid(30795c4c7d28549fc98ea24071c47626) Importer(2089858483,0ecaa5967403d082aa24f35e1b516d23) Generated GUIDs only implemented for interfaces!
 -> (artifact id: '3b28896364ab7ec17e6e5db308a41aea') in 0.016331 seconds
Number of updated asset objects reloaded before import = 0
Number of asset objects unloaded after import = 1
========================================================================
Received Import Request.
  Time since last request: 0.000065 seconds.
  path: Assets/Imported Assets/AllSkyFree/Cartoon Base BlueSky/Sky_Day_BlueSky_Equirect.png
  artifactKey: Guid(d4c8dc343ae5d4673b7720ffdb1ddf00) Importer(2089858483,0ecaa5967403d082aa24f35e1b516d23)
Start importing Assets/Imported Assets/AllSkyFree/Cartoon Base BlueSky/Sky_Day_BlueSky_Equirect.png using Guid(d4c8dc343ae5d4673b7720ffdb1ddf00) Importer(2089858483,0ecaa5967403d082aa24f35e1b516d23) Generated GUIDs only implemented for interfaces!
 -> (artifact id: '1dc627d23c15ad84747a3b9f636dabbe') in 0.024773 seconds
Number of updated asset objects reloaded before import = 0
Number of asset objects unloaded after import = 1
========================================================================
Received Import Request.
  Time since last request: 0.000056 seconds.
  path: Assets/Assets and Scripts/NpcController.cs
  artifactKey: Guid(97cb1f35763371d469e6bf3d7dd387e2) Importer(2089858483,0ecaa5967403d082aa24f35e1b516d23)
Start importing Assets/Assets and Scripts/NpcController.cs using Guid(97cb1f35763371d469e6bf3d7dd387e2) Importer(2089858483,0ecaa5967403d082aa24f35e1b516d23) Generated GUIDs only implemented for interfaces!
 -> (artifact id: '9e6f2cdc4e11a0bfa2e4a64a2eacd9e7') in 0.006536 seconds
Number of updated asset objects reloaded before import = 0
Number of asset objects unloaded after import = 1
========================================================================
Received Import Request.
  Time since last request: 0.000052 seconds.
  path: Assets/Assets and Scripts/SimpleGameUI.cs
  artifactKey: Guid(1ca5f8bb0818b33438bde4a3c96945a6) Importer(2089858483,0ecaa5967403d082aa24f35e1b516d23)
Start importing Assets/Assets and Scripts/SimpleGameUI.cs using Guid(1ca5f8bb0818b33438bde4a3c96945a6) Importer(2089858483,0ecaa5967403d082aa24f35e1b516d23) Generated GUIDs only implemented for interfaces!
 -> (artifact id: 'e26d510e3ce26ef09b2d7d00e60ae585') in 0.006201 seconds
Number of updated asset objects reloaded before import = 0
Number of asset objects unloaded after import = 1
========================================================================
Received Import Request.
  Time since last request: 0.000072 seconds.
  path: Assets/TextMesh Pro/Shaders/TMP_Bitmap-Mobile.shader
  artifactKey: Guid(1e3b057af24249748ff873be7fafee47) Importer(2089858483,0ecaa5967403d082aa24f35e1b516d23)
Start importing Assets/TextMesh Pro/Shaders/TMP_Bitmap-Mobile.shader using Guid(1e3b057af24249748ff873be7fafee47) Importer(2089858483,0ecaa5967403d082aa24f35e1b516d23) Generated GUIDs only implemented for interfaces!
 -> (artifact id: 'e3b992bcda998b29df59c3a92bf9f8c3') in 0.007175 seconds
Number of updated asset objects reloaded before import = 0
Number of asset objects unloaded after import = 1
========================================================================
Received Import Request.
  Time since last request: 0.000051 seconds.
  path: Assets/Imported Assets/genSuit/genSuit.fbx
  artifactKey: Guid(7aea2d469d67de44f9dd680a5088c739) Importer(2089858483,0ecaa5967403d082aa24f35e1b516d23)
Start importing Assets/Imported Assets/genSuit/genSuit.fbx using Guid(7aea2d469d67de44f9dd680a5088c739) Importer(2089858483,0ecaa5967403d082aa24f35e1b516d23) Generated GUIDs only implemented for interfaces!
 -> (artifact id: '7ed835a0886d4b8b46ea1b30ef159a41') in 0.033988 seconds
Number of updated asset objects reloaded before import = 0
Number of asset objects unloaded after import = 104
========================================================================
Received Import Request.
  Time since last request: 0.000009 seconds.
  path: Assets/Imported Assets/AllSkyFree/Cold Sunset/Cold Sunset__Cam_4_Up+Y.png
  artifactKey: Guid(c9658c52dbf374bf6aeeb26310f71145) Importer(2089858483,0ecaa5967403d082aa24f35e1b516d23)
Start importing Assets/Imported Assets/AllSkyFree/Cold Sunset/Cold Sunset__Cam_4_Up+Y.png using Guid(c9658c52dbf374bf6aeeb26310f71145) Importer(2089858483,0ecaa5967403d082aa24f35e1b516d23) Generated GUIDs only implemented for interfaces!
 -> (artifact id: '5ea9039c7f96852320bab3a68c33667b') in 0.015977 seconds
Number of updated asset objects reloaded before import = 0
Number of asset objects unloaded after import = 1
========================================================================
Received Import Request.
  Time since last request: 0.000041 seconds.
  path: Assets/Imported Assets/AllSkyFree/Cold Sunset/Cold Sunset__Cam_5_Down-Y.png
  artifactKey: Guid(6458ffa0dcd6b4ea5b30ac5085d8c68a) Importer(2089858483,0ecaa5967403d082aa24f35e1b516d23)
Start importing Assets/Imported Assets/AllSkyFree/Cold Sunset/Cold Sunset__Cam_5_Down-Y.png using Guid(6458ffa0dcd6b4ea5b30ac5085d8c68a) Importer(2089858483,0ecaa5967403d082aa24f35e1b516d23) Generated GUIDs only implemented for interfaces!
 -> (artifact id: 'c0534fde64ba3316b0e4738c756044b1') in 0.014033 seconds
Number of updated asset objects reloaded before import = 0
Number of asset objects unloaded after import = 1
========================================================================
Received Import Request.
  Time since last request: 0.000075 seconds.
  path: Assets/Imported Assets/Mess Maker Free/Mess Maker Documentation.pdf
  artifactKey: Guid(5dd34d23df9f0ee47ac055383e4d74ca) Importer(2089858483,0ecaa5967403d082aa24f35e1b516d23)
Start importing Assets/Imported Assets/Mess Maker Free/Mess Maker Documentation.pdf using Guid(5dd34d23df9f0ee47ac055383e4d74ca) Importer(2089858483,0ecaa5967403d082aa24f35e1b516d23) Generated GUIDs only implemented for interfaces!
 -> (artifact id: '78b67cb9a6f2c8c634639b7425c10215') in 0.005327 seconds
Number of updated asset objects reloaded before import = 0
Number of asset objects unloaded after import = 1
========================================================================
Received Import Request.
  Time since last request: 0.000064 seconds.
  path: Assets/Assets and Scripts/GameManager.cs
  artifactKey: Guid(0175b829ed82d684fb4f98baf0b48048) Importer(2089858483,0ecaa5967403d082aa24f35e1b516d23)
Start importing Assets/Assets and Scripts/GameManager.cs using Guid(0175b829ed82d684fb4f98baf0b48048) Importer(2089858483,0ecaa5967403d082aa24f35e1b516d23) Generated GUIDs only implemented for interfaces!
 -> (artifact id: '492d2e7c96651b8f6b266ee52bc8e4c4') in 0.006108 seconds
Number of updated asset objects reloaded before import = 0
Number of asset objects unloaded after import = 1
========================================================================
Received Import Request.
  Time since last request: 0.000090 seconds.
  path: Assets/Assets and Scripts/Ch18_nonPBR.fbx
  artifactKey: Guid(2ce90be2cb82e60499f2bc64d877b56a) Importer(2089858483,0ecaa5967403d082aa24f35e1b516d23)
Start importing Assets/Assets and Scripts/Ch18_nonPBR.fbx using Guid(2ce90be2cb82e60499f2bc64d877b56a) Importer(2089858483,0ecaa5967403d082aa24f35e1b516d23) Generated GUIDs only implemented for interfaces!
 -> (artifact id: 'fabd3fc15700a968c733c58936ba7d62') in 0.016358 seconds
Number of updated asset objects reloaded before import = 0
Number of asset objects unloaded after import = 139
========================================================================
Received Import Request.
  Time since last request: 0.000007 seconds.
  path: Assets/TextMesh Pro/Shaders/TMP_SDF-Surface.shader
  artifactKey: Guid(f7ada0af4f174f0694ca6a487b8f543d) Importer(2089858483,0ecaa5967403d082aa24f35e1b516d23)
Start importing Assets/TextMesh Pro/Shaders/TMP_SDF-Surface.shader using Guid(f7ada0af4f174f0694ca6a487b8f543d) Importer(2089858483,0ecaa5967403d082aa24f35e1b516d23) Generated GUIDs only implemented for interfaces!
 -> (artifact id: '591b2cd84b796779e648ef350e849844') in 0.009297 seconds
Number of updated asset objects reloaded before import = 0
Number of asset objects unloaded after import = 1
========================================================================
Received Import Request.
  Time since last request: 0.000022 seconds.
  path: Assets/Imported Assets/AllSkyFree/Cartoon Base BlueSky/Sky_Day_BlueSky_Nothing_Cam_2_Left+X.png
  artifactKey: Guid(6b8f010ba933d4f01bdedec2c1a8a025) Importer(2089858483,0ecaa5967403d082aa24f35e1b516d23)
Start importing Assets/Imported Assets/AllSkyFree/Cartoon Base BlueSky/Sky_Day_BlueSky_Nothing_Cam_2_Left+X.png using Guid(6b8f010ba933d4f01bdedec2c1a8a025) Importer(2089858483,0ecaa5967403d082aa24f35e1b516d23) Generated GUIDs only implemented for interfaces!
 -> (artifact id: 'dcedcb94827451feaa9b59059e9e7b63') in 0.013947 seconds
Number of updated asset objects reloaded before import = 0
Number of asset objects unloaded after import = 1
========================================================================
Received Import Request.
  Time since last request: 0.000047 seconds.
  path: Assets/TextMesh Pro/Shaders/TMPro_Properties.cginc
  artifactKey: Guid(3997e2241185407d80309a82f9148466) Importer(2089858483,0ecaa5967403d082aa24f35e1b516d23)
Start importing Assets/TextMesh Pro/Shaders/TMPro_Properties.cginc using Guid(3997e2241185407d80309a82f9148466) Importer(2089858483,0ecaa5967403d082aa24f35e1b516d23) Generated GUIDs only implemented for interfaces!
 -> (artifact id: '8c543834048dbaad90c42a87aad1c9c1') in 0.009515 seconds
Number of updated asset objects reloaded before import = 0
Number of asset objects unloaded after import = 1
========================================================================
Received Import Request.
  Time since last request: 0.000049 seconds.
  path: Assets/TextMesh Pro/Fonts/LiberationSans - OFL.txt
  artifactKey: Guid(6e59c59b81ab47f9b6ec5781fa725d2c) Importer(2089858483,0ecaa5967403d082aa24f35e1b516d23)
Start importing Assets/TextMesh Pro/Fonts/LiberationSans - OFL.txt using Guid(6e59c59b81ab47f9b6ec5781fa725d2c) Importer(2089858483,0ecaa5967403d082aa24f35e1b516d23) Generated GUIDs only implemented for interfaces!
 -> (artifact id: '1b0a6a8052accc941969f3876ff0794e') in 0.006548 seconds
Number of updated asset objects reloaded before import = 0
Number of asset objects unloaded after import = 1
========================================================================
Received Import Request.
  Time since last request: 0.000053 seconds.
  path: Assets/Assets and Scripts/Target.prefab
  artifactKey: Guid(6f3932a88e210794bba8a4ddaa8b5c39) Importer(2089858483,0ecaa5967403d082aa24f35e1b516d23)
Start importing Assets/Assets and Scripts/Target.prefab using Guid(6f3932a88e210794bba8a4ddaa8b5c39) Importer(2089858483,0ecaa5967403d082aa24f35e1b516d23) Generated GUIDs only implemented for interfaces!
 -> (artifact id: '42d4b06c0dd75f64f8b24ee0ce13c94d') in 0.008199 seconds
Number of updated asset objects reloaded before import = 0
Number of asset objects unloaded after import = 6
========================================================================
Received Import Request.
  Time since last request: 0.000054 seconds.
  path: Assets/Imported Assets/AllSkyFree/Deep Dusk/Deep Dusk__Cam_3_Right-X.png
  artifactKey: Guid(47551dad0d90646a9a5dac436076f38a) Importer(2089858483,0ecaa5967403d082aa24f35e1b516d23)
Start importing Assets/Imported Assets/AllSkyFree/Deep Dusk/Deep Dusk__Cam_3_Right-X.png using Guid(47551dad0d90646a9a5dac436076f38a) Importer(2089858483,0ecaa5967403d082aa24f35e1b516d23) Generated GUIDs only implemented for interfaces!
 -> (artifact id: '84563a6d5aade0ee423534d85a083472') in 0.015615 seconds
Number of updated asset objects reloaded before import = 0
Number of asset objects unloaded after import = 1
========================================================================
Received Import Request.
  Time since last request: 0.000062 seconds.
  path: Assets/Imported Assets/Easy FPS/_sceneSettings.lighting
  artifactKey: Guid(4eea1f261be2b9c45b8ead3f80d0ca9d) Importer(2089858483,0ecaa5967403d082aa24f35e1b516d23)
Start importing Assets/Imported Assets/Easy FPS/_sceneSettings.lighting using Guid(4eea1f261be2b9c45b8ead3f80d0ca9d) Importer(2089858483,0ecaa5967403d082aa24f35e1b516d23) LightingSettings: switching bake backend from 1 to 0.
Generated GUIDs only implemented for interfaces!
 -> (artifact id: '80d9ef12593d4034201b40107b858060') in 0.009164 seconds
Number of updated asset objects reloaded before import = 0
Number of asset objects unloaded after import = 1
========================================================================
Received Import Request.
  Time since last request: 0.000056 seconds.
  path: Assets/Imported Assets/AllSkyFree/Cold Night/Cold NightSettings.lighting
  artifactKey: Guid(5b127e205d8046c4a9f74b6a14ccb867) Importer(2089858483,0ecaa5967403d082aa24f35e1b516d23)
Start importing Assets/Imported Assets/AllSkyFree/Cold Night/Cold NightSettings.lighting using Guid(5b127e205d8046c4a9f74b6a14ccb867) Importer(2089858483,0ecaa5967403d082aa24f35e1b516d23) LightingSettings: switching bake backend from 1 to 0.
Generated GUIDs only implemented for interfaces!
 -> (artifact id: '5aaaf67378e055d632eef16a1f9ad8ae') in 0.008103 seconds
Number of updated asset objects reloaded before import = 0
Number of asset objects unloaded after import = 1
========================================================================
Received Import Request.
  Time since last request: 0.000041 seconds.
  path: Assets/Imported Assets/genSuit/genSuit.unity
  artifactKey: Guid(b7d9a5b3fad134b4689e06aafa3028d7) Importer(2089858483,0ecaa5967403d082aa24f35e1b516d23)
Start importing Assets/Imported Assets/genSuit/genSuit.unity using Guid(b7d9a5b3fad134b4689e06aafa3028d7) Importer(2089858483,0ecaa5967403d082aa24f35e1b516d23) Generated GUIDs only implemented for interfaces!
 -> (artifact id: '1213d70be0b989ca346165e90916a7e4') in 0.005196 seconds
Number of updated asset objects reloaded before import = 0
Number of asset objects unloaded after import = 1
========================================================================
Received Import Request.
  Time since last request: 0.000101 seconds.
  path: Assets/Imported Assets/AllSkyFree/Cold Night/Cold Night.unity
  artifactKey: Guid(8c6f0d7d2a576443a92d35db4d83c4da) Importer(2089858483,0ecaa5967403d082aa24f35e1b516d23)
Start importing Assets/Imported Assets/AllSkyFree/Cold Night/Cold Night.unity using Guid(8c6f0d7d2a576443a92d35db4d83c4da) Importer(2089858483,0ecaa5967403d082aa24f35e1b516d23) Generated GUIDs only implemented for interfaces!
 -> (artifact id: '39e52ae19261019724c51a3e8bdf4856') in 0.005989 seconds
Number of updated asset objects reloaded before import = 0
Number of asset objects unloaded after import = 1
========================================================================
Received Import Request.
  Time since last request: 0.502392 seconds.
  path: Assets/Imported Assets/AllSkyFree/Epic_BlueSunset/Epic_BlueSunset_Cam_3_Right-X.png
  artifactKey: Guid(04869052f46ba428caebe862513e3b5d) Importer(2089858483,0ecaa5967403d082aa24f35e1b516d23)
Start importing Assets/Imported Assets/AllSkyFree/Epic_BlueSunset/Epic_BlueSunset_Cam_3_Right-X.png using Guid(04869052f46ba428caebe862513e3b5d) Importer(2089858483,0ecaa5967403d082aa24f35e1b516d23) Generated GUIDs only implemented for interfaces!
 -> (artifact id: 'e574e6696202911f905346b3eaad864d') in 0.019353 seconds
Number of updated asset objects reloaded before import = 0
Number of asset objects unloaded after import = 1
========================================================================
Received Import Request.
  Time since last request: 0.000010 seconds.
  path: Assets/Imported Assets/ARCADE - FREE Racing Car/Prefabs (With Colliders)/Free Racing Car Purple Variant.prefab
  artifactKey: Guid(62010132604e8c94d96b4cb4fe6d3394) Importer(2089858483,0ecaa5967403d082aa24f35e1b516d23)
Start importing Assets/Imported Assets/ARCADE - FREE Racing Car/Prefabs (With Colliders)/Free Racing Car Purple Variant.prefab using Guid(62010132604e8c94d96b4cb4fe6d3394) Importer(2089858483,0ecaa5967403d082aa24f35e1b516d23) Generated GUIDs only implemented for interfaces!
 -> (artifact id: 'd99366404482d00da34e0912aa9d414b') in 0.011561 seconds
Number of updated asset objects reloaded before import = 0
Number of asset objects unloaded after import = 102
========================================================================
Received Import Request.
  Time since last request: 0.000009 seconds.
  path: Assets/Imported Assets/AllSkyFree/Space_AnotherPlanet/AllSky_Space_AnotherPlanet_Cam_1_Back-Z.png
  artifactKey: Guid(0264465325ebb45239163258479c2a60) Importer(2089858483,0ecaa5967403d082aa24f35e1b516d23)
Start importing Assets/Imported Assets/AllSkyFree/Space_AnotherPlanet/AllSky_Space_AnotherPlanet_Cam_1_Back-Z.png using Guid(0264465325ebb45239163258479c2a60) Importer(2089858483,0ecaa5967403d082aa24f35e1b516d23) Generated GUIDs only implemented for interfaces!
 -> (artifact id: 'ead6e07b1af069dd02458b504d495dc2') in 0.016439 seconds
Number of updated asset objects reloaded before import = 0
Number of asset objects unloaded after import = 1
========================================================================
Received Import Request.
  Time since last request: 0.000009 seconds.
  path: Assets/Imported Assets/AllSkyFree/_AllSkyFreeDemoEnvironment/MoonGlow.prefab
  artifactKey: Guid(cbbc4ba2ae44f43b1b809ffb964ac38e) Importer(2089858483,0ecaa5967403d082aa24f35e1b516d23)
Start importing Assets/Imported Assets/AllSkyFree/_AllSkyFreeDemoEnvironment/MoonGlow.prefab using Guid(cbbc4ba2ae44f43b1b809ffb964ac38e) Importer(2089858483,0ecaa5967403d082aa24f35e1b516d23) Generated GUIDs only implemented for interfaces!
 -> (artifact id: 'e799ee4efa6a8e2281a25b9f6c129c05') in 0.009378 seconds
Number of updated asset objects reloaded before import = 0
Number of asset objects unloaded after import = 5
========================================================================
Received Import Request.
  Time since last request: 0.000057 seconds.
  path: Assets/Imported Assets/AllSkyFree/Epic_BlueSunset/Epic_BlueSunset_Cam_5_Down-Y.png
  artifactKey: Guid(3e1c1042c332d4444bfe47799ff3e0d3) Importer(2089858483,0ecaa5967403d082aa24f35e1b516d23)
Start importing Assets/Imported Assets/AllSkyFree/Epic_BlueSunset/Epic_BlueSunset_Cam_5_Down-Y.png using Guid(3e1c1042c332d4444bfe47799ff3e0d3) Importer(2089858483,0ecaa5967403d082aa24f35e1b516d23) Generated GUIDs only implemented for interfaces!
 -> (artifact id: '5c8872fca52b127874eb579e09aaa0a5') in 0.015508 seconds
Number of updated asset objects reloaded before import = 0
Number of asset objects unloaded after import = 1
========================================================================
Received Import Request.
  Time since last request: 0.000051 seconds.
  path: Assets/Imported Assets/AllSkyFree/Night MoonBurst/Night Moon Burst_Cam_4_Up+Y.png
  artifactKey: Guid(544d3cf87e24a464fa433d08257479d1) Importer(2089858483,0ecaa5967403d082aa24f35e1b516d23)
Start importing Assets/Imported Assets/AllSkyFree/Night MoonBurst/Night Moon Burst_Cam_4_Up+Y.png using Guid(544d3cf87e24a464fa433d08257479d1) Importer(2089858483,0ecaa5967403d082aa24f35e1b516d23) Generated GUIDs only implemented for interfaces!
 -> (artifact id: '6e1898971944dad22bc8a559f633ed6d') in 0.015364 seconds
Number of updated asset objects reloaded before import = 0
Number of asset objects unloaded after import = 1
========================================================================
Received Import Request.
  Time since last request: 0.000027 seconds.
  path: Assets/Imported Assets/AllSkyFree/Epic_GloriousPink/Epic_GloriousPink_EquiRect.png
  artifactKey: Guid(8a293ce833d584fc98516e0e74f495a4) Importer(2089858483,0ecaa5967403d082aa24f35e1b516d23)
Start importing Assets/Imported Assets/AllSkyFree/Epic_GloriousPink/Epic_GloriousPink_EquiRect.png using Guid(8a293ce833d584fc98516e0e74f495a4) Importer(2089858483,0ecaa5967403d082aa24f35e1b516d23) Generated GUIDs only implemented for interfaces!
 -> (artifact id: 'a2e4baa4f0577fc31a4eca6bcd3f785e') in 0.021647 seconds
Number of updated asset objects reloaded before import = 0
Number of asset objects unloaded after import = 1
========================================================================
Received Import Request.
  Time since last request: 0.000010 seconds.
  path: Assets/Imported Assets/AllSkyFree/Epic_GloriousPink/Epic_GloriousPinkSettings.lighting
  artifactKey: Guid(173633243a6d4214796d01f2fae1c5bb) Importer(2089858483,0ecaa5967403d082aa24f35e1b516d23)
Start importing Assets/Imported Assets/AllSkyFree/Epic_GloriousPink/Epic_GloriousPinkSettings.lighting using Guid(173633243a6d4214796d01f2fae1c5bb) Importer(2089858483,0ecaa5967403d082aa24f35e1b516d23) LightingSettings: switching bake backend from 1 to 0.
Generated GUIDs only implemented for interfaces!
 -> (artifact id: '02e94b0a3c123f48a4a7b67f5711528d') in 0.009817 seconds
Number of updated asset objects reloaded before import = 0
Number of asset objects unloaded after import = 1
========================================================================
Received Import Request.
  Time since last request: 0.000036 seconds.
  path: Assets/Imported Assets/AllSkyFree/Space_AnotherPlanet/AllSky_Space_AnotherPlanet_Cam_0_Front+Z.png
  artifactKey: Guid(0b5345cf23ab840779a8cbf1b89f355a) Importer(2089858483,0ecaa5967403d082aa24f35e1b516d23)
Start importing Assets/Imported Assets/AllSkyFree/Space_AnotherPlanet/AllSky_Space_AnotherPlanet_Cam_0_Front+Z.png using Guid(0b5345cf23ab840779a8cbf1b89f355a) Importer(2089858483,0ecaa5967403d082aa24f35e1b516d23) Generated GUIDs only implemented for interfaces!
 -> (artifact id: '27f174e884c3a7874428326699077412') in 0.015752 seconds
Number of updated asset objects reloaded before import = 0
Number of asset objects unloaded after import = 1
========================================================================
Received Import Request.
  Time since last request: 0.000049 seconds.
  path: Assets/Imported Assets/ARCADE - FREE Racing Car/Prefabs (Meshes Only)/Free Racing Car Gray Variant.prefab
  artifactKey: Guid(f430073c636116b4b9c0f5e6ddcde097) Importer(2089858483,0ecaa5967403d082aa24f35e1b516d23)
Start importing Assets/Imported Assets/ARCADE - FREE Racing Car/Prefabs (Meshes Only)/Free Racing Car Gray Variant.prefab using Guid(f430073c636116b4b9c0f5e6ddcde097) Importer(2089858483,0ecaa5967403d082aa24f35e1b516d23) Generated GUIDs only implemented for interfaces!
 -> (artifact id: 'b06c2c8f20a5c9590df778f427af3735') in 0.007454 seconds
Number of updated asset objects reloaded before import = 0
Number of asset objects unloaded after import = 70
========================================================================
Received Import Request.
  Time since last request: 0.000008 seconds.
  path: Assets/Imported Assets/Bench/Prefabs/Bench_URP.prefab
  artifactKey: Guid(7b03057a37f517047a9a7560796f2de8) Importer(2089858483,0ecaa5967403d082aa24f35e1b516d23)
Start importing Assets/Imported Assets/Bench/Prefabs/Bench_URP.prefab using Guid(7b03057a37f517047a9a7560796f2de8) Importer(2089858483,0ecaa5967403d082aa24f35e1b516d23) Generated GUIDs only implemented for interfaces!
 -> (artifact id: 'ec108a00789db0dea454b54af7adcd86') in 0.008427 seconds
Number of updated asset objects reloaded before import = 0
Number of asset objects unloaded after import = 7
========================================================================
Received Import Request.
  Time since last request: 0.000008 seconds.
  path: Assets/Imported Assets/AllSkyFree/Epic_GloriousPink/Epic_GloriousPink_Cam_1_Back-Z.png
  artifactKey: Guid(8e7251cff63ea413db367d2893f57bf6) Importer(2089858483,0ecaa5967403d082aa24f35e1b516d23)
Start importing Assets/Imported Assets/AllSkyFree/Epic_GloriousPink/Epic_GloriousPink_Cam_1_Back-Z.png using Guid(8e7251cff63ea413db367d2893f57bf6) Importer(2089858483,0ecaa5967403d082aa24f35e1b516d23) Generated GUIDs only implemented for interfaces!
 -> (artifact id: 'df7cf9874b7b1d00bfca97234d64e165') in 0.016632 seconds
Number of updated asset objects reloaded before import = 0
Number of asset objects unloaded after import = 1
========================================================================
Received Import Request.
  Time since last request: 0.000052 seconds.
  path: Assets/Imported Assets/AllSkyFree/Night MoonBurst/Night Moon Burst.mat
  artifactKey: Guid(c494c335823f54b52b2e87e1b7a63a23) Importer(2089858483,0ecaa5967403d082aa24f35e1b516d23)
Start importing Assets/Imported Assets/AllSkyFree/Night MoonBurst/Night Moon Burst.mat using Guid(c494c335823f54b52b2e87e1b7a63a23) Importer(2089858483,0ecaa5967403d082aa24f35e1b516d23) Generated GUIDs only implemented for interfaces!
 -> (artifact id: 'e69b5bd67f2b47705d6cdb7dab80e0e6') in 0.015584 seconds
Number of updated asset objects reloaded before import = 0
Number of asset objects unloaded after import = 7
========================================================================
Received Import Request.
  Time since last request: 0.000010 seconds.
  path: Assets/Imported Assets/AllSkyFree/Epic_GloriousPink/Epic_GloriousPink_Cam_2_Left+X.png
  artifactKey: Guid(c85a861fbad8f45169567bbfa332ecf8) Importer(2089858483,0ecaa5967403d082aa24f35e1b516d23)
Start importing Assets/Imported Assets/AllSkyFree/Epic_GloriousPink/Epic_GloriousPink_Cam_2_Left+X.png using Guid(c85a861fbad8f45169567bbfa332ecf8) Importer(2089858483,0ecaa5967403d082aa24f35e1b516d23) Generated GUIDs only implemented for interfaces!
 -> (artifact id: 'd0023b9eb5b225575752f13f329b4437') in 0.016590 seconds
Number of updated asset objects reloaded before import = 0
Number of asset objects unloaded after import = 1
========================================================================
Received Import Request.
  Time since last request: 0.000050 seconds.
  path: Assets/Imported Assets/AllSkyFree/Overcast Low/AllSky_Overcast4_Low.mat
  artifactKey: Guid(f2b5f3f20933f434e850db1b710542fd) Importer(2089858483,0ecaa5967403d082aa24f35e1b516d23)
Start importing Assets/Imported Assets/AllSkyFree/Overcast Low/AllSky_Overcast4_Low.mat using Guid(f2b5f3f20933f434e850db1b710542fd) Importer(2089858483,0ecaa5967403d082aa24f35e1b516d23) Generated GUIDs only implemented for interfaces!
 -> (artifact id: '0af7120d5333b112eb7c81361325fece') in 0.014883 seconds
Number of updated asset objects reloaded before import = 0
Number of asset objects unloaded after import = 7
========================================================================
Received Import Request.
  Time since last request: 0.000010 seconds.
  path: Assets/Imported Assets/ARCADE - FREE Racing Car/Prefabs (Meshes Only)/Free Racing Car Purple Variant.prefab
  artifactKey: Guid(98c57f100a7d7684dba02b8725bbc5d8) Importer(2089858483,0ecaa5967403d082aa24f35e1b516d23)
Start importing Assets/Imported Assets/ARCADE - FREE Racing Car/Prefabs (Meshes Only)/Free Racing Car Purple Variant.prefab using Guid(98c57f100a7d7684dba02b8725bbc5d8) Importer(2089858483,0ecaa5967403d082aa24f35e1b516d23) Generated GUIDs only implemented for interfaces!
 -> (artifact id: '8bf7ee29a0edf44ed8f3797f1f04ce4c') in 0.007305 seconds
Number of updated asset objects reloaded before import = 0
Number of asset objects unloaded after import = 70
========================================================================
Received Import Request.
  Time since last request: 0.000008 seconds.
  path: Assets/Imported Assets/AllSkyFree/Epic_GloriousPink/Epic_GloriousPink.unity
  artifactKey: Guid(a6ac75420f93c4fa99b35113a21e4eff) Importer(2089858483,0ecaa5967403d082aa24f35e1b516d23)
Start importing Assets/Imported Assets/AllSkyFree/Epic_GloriousPink/Epic_GloriousPink.unity using Guid(a6ac75420f93c4fa99b35113a21e4eff) Importer(2089858483,0ecaa5967403d082aa24f35e1b516d23) Generated GUIDs only implemented for interfaces!
 -> (artifact id: 'ecb433f2e44692c545a05106b71e0c89') in 0.006946 seconds
Number of updated asset objects reloaded before import = 0
Number of asset objects unloaded after import = 1
========================================================================
Received Import Request.
  Time since last request: 0.000112 seconds.
  path: Assets/Imported Assets/Easy FPS/Prefabs/bloodEffectParticlePrefab_melee.prefab
  artifactKey: Guid(ffbf169ab9dcfdc45ae14010bc82a6b2) Importer(2089858483,0ecaa5967403d082aa24f35e1b516d23)
Start importing Assets/Imported Assets/Easy FPS/Prefabs/bloodEffectParticlePrefab_melee.prefab using Guid(ffbf169ab9dcfdc45ae14010bc82a6b2) Importer(2089858483,0ecaa5967403d082aa24f35e1b516d23) Generated GUIDs only implemented for interfaces!
 -> (artifact id: '403590f2f8f038bd81785d2a22fe1dc6') in 0.049501 seconds
Number of updated asset objects reloaded before import = 0
Number of asset objects unloaded after import = 7
========================================================================
Received Import Request.
  Time since last request: 0.000012 seconds.
  path: Assets/Imported Assets/Arabic Neoclassical/Street Road/Demo_Roads.unity
  artifactKey: Guid(3da4bf4c0939baa40a0cac9da3991455) Importer(2089858483,0ecaa5967403d082aa24f35e1b516d23)
Start importing Assets/Imported Assets/Arabic Neoclassical/Street Road/Demo_Roads.unity using Guid(3da4bf4c0939baa40a0cac9da3991455) Importer(2089858483,0ecaa5967403d082aa24f35e1b516d23) Generated GUIDs only implemented for interfaces!
 -> (artifact id: 'e8cd4ca7d4561d0498dd89f7743f7def') in 0.011427 seconds
Number of updated asset objects reloaded before import = 0
Number of asset objects unloaded after import = 1
========================================================================
Received Import Request.
  Time since last request: 0.000074 seconds.
  path: Assets/Imported Assets/ARCADE - FREE Racing Car/Prefabs (With Colliders)/Free Racing Car.prefab
  artifactKey: Guid(133308cdb8794744caaef026bde9e1f0) Importer(2089858483,0ecaa5967403d082aa24f35e1b516d23)
Start importing Assets/Imported Assets/ARCADE - FREE Racing Car/Prefabs (With Colliders)/Free Racing Car.prefab using Guid(133308cdb8794744caaef026bde9e1f0) Importer(2089858483,0ecaa5967403d082aa24f35e1b516d23) Generated GUIDs only implemented for interfaces!
 -> (artifact id: 'd0164931f5e4887a3ac53b28061c660d') in 0.011932 seconds
Number of updated asset objects reloaded before import = 0
Number of asset objects unloaded after import = 54
========================================================================
Received Import Request.
  Time since last request: 0.000011 seconds.
  path: Assets/Imported Assets/AllSkyFree/_AllSkyFreeDemoEnvironment/Mountain Glare.flare
  artifactKey: Guid(2a00ea45fcd354f66aa8d68da3f62026) Importer(2089858483,0ecaa5967403d082aa24f35e1b516d23)
Start importing Assets/Imported Assets/AllSkyFree/_AllSkyFreeDemoEnvironment/Mountain Glare.flare using Guid(2a00ea45fcd354f66aa8d68da3f62026) Importer(2089858483,0ecaa5967403d082aa24f35e1b516d23) Generated GUIDs only implemented for interfaces!
 -> (artifact id: '52d32ed8bc1b227927ae9ac69edfc756') in 0.008774 seconds
Number of updated asset objects reloaded before import = 0
Number of asset objects unloaded after import = 1
========================================================================
Received Import Request.
  Time since last request: 0.000012 seconds.
  path: Assets/Imported Assets/AllSkyFree/Night MoonBurst/AllSky_Night_MoonBurst Equirect.mat
  artifactKey: Guid(51b74d7bad397457d883c5940f7664d8) Importer(2089858483,0ecaa5967403d082aa24f35e1b516d23)
Start importing Assets/Imported Assets/AllSkyFree/Night MoonBurst/AllSky_Night_MoonBurst Equirect.mat using Guid(51b74d7bad397457d883c5940f7664d8) Importer(2089858483,0ecaa5967403d082aa24f35e1b516d23) Generated GUIDs only implemented for interfaces!
 -> (artifact id: '545d0877ce6234c331dd6fc99fc38c19') in 0.019457 seconds
Number of updated asset objects reloaded before import = 0
Number of asset objects unloaded after import = 2
========================================================================
Received Import Request.
  Time since last request: 0.000012 seconds.
  path: Assets/Imported Assets/Bench/Prefabs/Bench_Build_In.prefab
  artifactKey: Guid(ed4d5edda5e0ef641913321ad450e02c) Importer(2089858483,0ecaa5967403d082aa24f35e1b516d23)
Start importing Assets/Imported Assets/Bench/Prefabs/Bench_Build_In.prefab using Guid(ed4d5edda5e0ef641913321ad450e02c) Importer(2089858483,0ecaa5967403d082aa24f35e1b516d23) Generated GUIDs only implemented for interfaces!
 -> (artifact id: '5ca881b32842798f7941056850a42a52') in 0.015057 seconds
Number of updated asset objects reloaded before import = 0
Number of asset objects unloaded after import = 7
========================================================================
Received Import Request.
  Time since last request: 0.000011 seconds.
  path: Assets/Imported Assets/ARCADE - FREE Racing Car/Prefabs (With Colliders)/Free Racing Car Gray Variant.prefab
  artifactKey: Guid(4d1624804e8167f479ab63c5302ff1d5) Importer(2089858483,0ecaa5967403d082aa24f35e1b516d23)
Start importing Assets/Imported Assets/ARCADE - FREE Racing Car/Prefabs (With Colliders)/Free Racing Car Gray Variant.prefab using Guid(4d1624804e8167f479ab63c5302ff1d5) Importer(2089858483,0ecaa5967403d082aa24f35e1b516d23) Generated GUIDs only implemented for interfaces!
 -> (artifact id: 'c0ab8cf8c370127698b75403c51385a7') in 0.008284 seconds
Number of updated asset objects reloaded before import = 0
Number of asset objects unloaded after import = 102
========================================================================
Received Import Request.
  Time since last request: 0.000009 seconds.
  path: Assets/Imported Assets/AllSkyFree/_AllSkyFreeDemoEnvironment/AllSky_DemoEnvironment_Center.fbx
  artifactKey: Guid(258cb4865d37b4292be3195af50aaa8c) Importer(2089858483,0ecaa5967403d082aa24f35e1b516d23)
Start importing Assets/Imported Assets/AllSkyFree/_AllSkyFreeDemoEnvironment/AllSky_DemoEnvironment_Center.fbx using Guid(258cb4865d37b4292be3195af50aaa8c) Importer(2089858483,0ecaa5967403d082aa24f35e1b516d23) Generated GUIDs only implemented for interfaces!
 -> (artifact id: '3ad5ef2ee55d2c7d546f702ac49aa40c') in 0.019298 seconds
Number of updated asset objects reloaded before import = 0
Number of asset objects unloaded after import = 7
========================================================================
Received Import Request.
  Time since last request: 0.000025 seconds.
  path: Assets/Imported Assets/ARCADE - FREE Racing Car/Prefabs (With Colliders)/Free Racing Car Blue Variant.prefab
  artifactKey: Guid(e9be6b9d71ce20345b55b654f6eca5d9) Importer(2089858483,0ecaa5967403d082aa24f35e1b516d23)
Start importing Assets/Imported Assets/ARCADE - FREE Racing Car/Prefabs (With Colliders)/Free Racing Car Blue Variant.prefab using Guid(e9be6b9d71ce20345b55b654f6eca5d9) Importer(2089858483,0ecaa5967403d082aa24f35e1b516d23) Generated GUIDs only implemented for interfaces!
 -> (artifact id: '92a41c63d5b5fbd6086cdddf71192f98') in 0.007728 seconds
Number of updated asset objects reloaded before import = 0
Number of asset objects unloaded after import = 102
========================================================================
Received Import Request.
  Time since last request: 0.000008 seconds.
  path: Assets/Imported Assets/Easy FPS/Prefabs/Bullet.prefab
  artifactKey: Guid(c9e619a669d974fd28b5c89e43f2bce2) Importer(2089858483,0ecaa5967403d082aa24f35e1b516d23)
Start importing Assets/Imported Assets/Easy FPS/Prefabs/Bullet.prefab using Guid(c9e619a669d974fd28b5c89e43f2bce2) Importer(2089858483,0ecaa5967403d082aa24f35e1b516d23) Generated GUIDs only implemented for interfaces!
 -> (artifact id: 'b64cb535946f0681669c1cedaa021ae8') in 0.015756 seconds
Number of updated asset objects reloaded before import = 0
Number of asset objects unloaded after import = 21
========================================================================
Received Import Request.
  Time since last request: 0.000008 seconds.
  path: Assets/Imported Assets/Easy FPS/Images/horizon_crosshir.png
  artifactKey: Guid(e1aa4c90445944348a112c3b7fa4b318) Importer(2089858483,0ecaa5967403d082aa24f35e1b516d23)
Start importing Assets/Imported Assets/Easy FPS/Images/horizon_crosshir.png using Guid(e1aa4c90445944348a112c3b7fa4b318) Importer(2089858483,0ecaa5967403d082aa24f35e1b516d23) Generated GUIDs only implemented for interfaces!
 -> (artifact id: '3d94db400543087e7a9a9bf6083672a4') in 0.014941 seconds
Number of updated asset objects reloaded before import = 0
Number of asset objects unloaded after import = 1
========================================================================
Received Import Request.
  Time since last request: 0.000039 seconds.
  path: Assets/Imported Assets/Easy FPS/Images/vertical_crosshir.png
  artifactKey: Guid(3f8b669e9880644cbb903f67bbc9f824) Importer(2089858483,0ecaa5967403d082aa24f35e1b516d23)
Start importing Assets/Imported Assets/Easy FPS/Images/vertical_crosshir.png using Guid(3f8b669e9880644cbb903f67bbc9f824) Importer(2089858483,0ecaa5967403d082aa24f35e1b516d23) Generated GUIDs only implemented for interfaces!
 -> (artifact id: '84e901beb01724c9865aa3576100b2a1') in 0.014222 seconds
Number of updated asset objects reloaded before import = 0
Number of asset objects unloaded after import = 1
========================================================================
Received Import Request.
  Time since last request: 0.000033 seconds.
  path: Assets/Imported Assets/Arabic Neoclassical/Street Road/HDRP.unitypackage
  artifactKey: Guid(c422e4c593a00d148a7fc68458b23cdd) Importer(2089858483,0ecaa5967403d082aa24f35e1b516d23)
Start importing Assets/Imported Assets/Arabic Neoclassical/Street Road/HDRP.unitypackage using Guid(c422e4c593a00d148a7fc68458b23cdd) Importer(2089858483,0ecaa5967403d082aa24f35e1b516d23) Generated GUIDs only implemented for interfaces!
 -> (artifact id: '2f36b6766af0e89d549c8a6fea932cac') in 0.005240 seconds
Number of updated asset objects reloaded before import = 0
Number of asset objects unloaded after import = 1
========================================================================
Received Import Request.
  Time since last request: 0.000086 seconds.
  path: Assets/Imported Assets/AllSkyFree/_AllSkyFreeDemoEnvironment/SunGlare.psd
  artifactKey: Guid(85a4e5125000348519b7a18a518e6a69) Importer(2089858483,0ecaa5967403d082aa24f35e1b516d23)
Start importing Assets/Imported Assets/AllSkyFree/_AllSkyFreeDemoEnvironment/SunGlare.psd using Guid(85a4e5125000348519b7a18a518e6a69) Importer(2089858483,0ecaa5967403d082aa24f35e1b516d23) Generated GUIDs only implemented for interfaces!
 -> (artifact id: '460fe62d71e853295a4abfde84077680') in 0.013704 seconds
Number of updated asset objects reloaded before import = 0
Number of asset objects unloaded after import = 1
========================================================================
Received Import Request.
  Time since last request: 0.000063 seconds.
  path: Assets/Imported Assets/AllSkyFree/Overcast Low/Sky_AllSky_Overcast4_Low_Cam_5_Down-Y.png
  artifactKey: Guid(4164b771c2b784c2da3cbe10847a182e) Importer(2089858483,0ecaa5967403d082aa24f35e1b516d23)
Start importing Assets/Imported Assets/AllSkyFree/Overcast Low/Sky_AllSky_Overcast4_Low_Cam_5_Down-Y.png using Guid(4164b771c2b784c2da3cbe10847a182e) Importer(2089858483,0ecaa5967403d082aa24f35e1b516d23) Generated GUIDs only implemented for interfaces!
 -> (artifact id: 'fea8aba532152f8b42f61a4b99b53f29') in 0.016270 seconds
Number of updated asset objects reloaded before import = 0
Number of asset objects unloaded after import = 1
========================================================================
Received Import Request.
  Time since last request: 0.000052 seconds.
  path: Assets/Imported Assets/AllSkyFree/Overcast Low/Sky_AllSky_Overcast4_Low_Cam_4_Up+Y.png
  artifactKey: Guid(93ce6277acd7243f685c04cc3c1d0cc4) Importer(2089858483,0ecaa5967403d082aa24f35e1b516d23)
Start importing Assets/Imported Assets/AllSkyFree/Overcast Low/Sky_AllSky_Overcast4_Low_Cam_4_Up+Y.png using Guid(93ce6277acd7243f685c04cc3c1d0cc4) Importer(2089858483,0ecaa5967403d082aa24f35e1b516d23) Generated GUIDs only implemented for interfaces!
 -> (artifact id: '7f31b182bc60c06af36339fb9d4316d5') in 0.015956 seconds
Number of updated asset objects reloaded before import = 0
Number of asset objects unloaded after import = 1
========================================================================
Received Import Request.
  Time since last request: 0.000024 seconds.
  path: Assets/Imported Assets/AllSkyFree/Epic_BlueSunset/Epic_BlueSunset_EquiRect_flat.png
  artifactKey: Guid(e71fc492f440446b99875b8e1df890ba) Importer(2089858483,0ecaa5967403d082aa24f35e1b516d23)
Start importing Assets/Imported Assets/AllSkyFree/Epic_BlueSunset/Epic_BlueSunset_EquiRect_flat.png using Guid(e71fc492f440446b99875b8e1df890ba) Importer(2089858483,0ecaa5967403d082aa24f35e1b516d23) Generated GUIDs only implemented for interfaces!
 -> (artifact id: '118609c56781699dd00297a322410572') in 0.027872 seconds
Number of updated asset objects reloaded before import = 0
Number of asset objects unloaded after import = 1
========================================================================
Received Import Request.
  Time since last request: 0.000015 seconds.
  path: Assets/Imported Assets/AllSkyFree/Overcast Low/AllSky_Overcast4_Low.png
  artifactKey: Guid(c8f21f62fdb3e43c5b32917c84683698) Importer(2089858483,0ecaa5967403d082aa24f35e1b516d23)
Start importing Assets/Imported Assets/AllSkyFree/Overcast Low/AllSky_Overcast4_Low.png using Guid(c8f21f62fdb3e43c5b32917c84683698) Importer(2089858483,0ecaa5967403d082aa24f35e1b516d23) Generated GUIDs only implemented for interfaces!
 -> (artifact id: 'e14e9ba9fa744631a8669751b234c1e7') in 0.022745 seconds
Number of updated asset objects reloaded before import = 0
Number of asset objects unloaded after import = 1
========================================================================
Received Import Request.
  Time since last request: 0.000049 seconds.
  path: Assets/Imported Assets/Bench/Materials/Bench_Build_In.mat
  artifactKey: Guid(8f22bcf9ef7c01141875be9427d09e5f) Importer(2089858483,0ecaa5967403d082aa24f35e1b516d23)
Start importing Assets/Imported Assets/Bench/Materials/Bench_Build_In.mat using Guid(8f22bcf9ef7c01141875be9427d09e5f) Importer(2089858483,0ecaa5967403d082aa24f35e1b516d23) Generated GUIDs only implemented for interfaces!
 -> (artifact id: '8269e5d85d16f43229bc2ba05ad1ebff') in 0.019006 seconds
Number of updated asset objects reloaded before import = 0
Number of asset objects unloaded after import = 5
========================================================================
Received Import Request.
  Time since last request: 0.000010 seconds.
  path: Assets/Imported Assets/AllSkyFree/Overcast Low/AllSky_Overcast4_Low.unity
  artifactKey: Guid(5d6a31542c4b5409faf229e819f55341) Importer(2089858483,0ecaa5967403d082aa24f35e1b516d23)
Start importing Assets/Imported Assets/AllSkyFree/Overcast Low/AllSky_Overcast4_Low.unity using Guid(5d6a31542c4b5409faf229e819f55341) Importer(2089858483,0ecaa5967403d082aa24f35e1b516d23) Generated GUIDs only implemented for interfaces!
 -> (artifact id: 'ebcc20615d4238021fe0cd5f51cfa06a') in 0.005502 seconds
Number of updated asset objects reloaded before import = 0
Number of asset objects unloaded after import = 1
========================================================================
Received Import Request.
  Time since last request: 0.000065 seconds.
  path: Assets/Imported Assets/Bench/Materials/Bench_URP.mat
  artifactKey: Guid(cd0433a4a09bb9b4889634ec9aaca702) Importer(2089858483,0ecaa5967403d082aa24f35e1b516d23)
Start importing Assets/Imported Assets/Bench/Materials/Bench_URP.mat using Guid(cd0433a4a09bb9b4889634ec9aaca702) Importer(2089858483,0ecaa5967403d082aa24f35e1b516d23) Generated GUIDs only implemented for interfaces!
 -> (artifact id: '8e8db87257f569c4a479a9b14e9a9b56') in 0.007260 seconds
Number of updated asset objects reloaded before import = 0
Number of asset objects unloaded after import = 1
========================================================================
Received Import Request.
  Time since last request: 0.000034 seconds.
  path: Assets/Imported Assets/ARCADE - FREE Racing Car/Textures/AFRC_Env_Mat.png
  artifactKey: Guid(34a74330fac842a4f97649ddf77d6d50) Importer(2089858483,0ecaa5967403d082aa24f35e1b516d23)
Start importing Assets/Imported Assets/ARCADE - FREE Racing Car/Textures/AFRC_Env_Mat.png using Guid(34a74330fac842a4f97649ddf77d6d50) Importer(2089858483,0ecaa5967403d082aa24f35e1b516d23) Generated GUIDs only implemented for interfaces!
 -> (artifact id: '6e2382d4401e5ddc42b82b45c450661a') in 0.017543 seconds
Number of updated asset objects reloaded before import = 0
Number of asset objects unloaded after import = 1
========================================================================
Received Import Request.
  Time since last request: 0.000063 seconds.
  path: Assets/Imported Assets/AllSkyFree/Epic_GloriousPink/Epic_GloriousPink_Cam_3_Right-X.png
  artifactKey: Guid(938f8444195114ab791cdba8f627e3e7) Importer(2089858483,0ecaa5967403d082aa24f35e1b516d23)
Start importing Assets/Imported Assets/AllSkyFree/Epic_GloriousPink/Epic_GloriousPink_Cam_3_Right-X.png using Guid(938f8444195114ab791cdba8f627e3e7) Importer(2089858483,0ecaa5967403d082aa24f35e1b516d23) Generated GUIDs only implemented for interfaces!
 -> (artifact id: 'ba5d15d8b80af7bbf90e0e9b1a48f2f1') in 0.015778 seconds
Number of updated asset objects reloaded before import = 0
Number of asset objects unloaded after import = 1
========================================================================
Received Import Request.
  Time since last request: 0.000029 seconds.
  path: Assets/Imported Assets/Bench/Textures/Bench_AL.png
  artifactKey: Guid(c6ea904c2705cfd4cb561c56dbcec8f8) Importer(2089858483,0ecaa5967403d082aa24f35e1b516d23)
Start importing Assets/Imported Assets/Bench/Textures/Bench_AL.png using Guid(c6ea904c2705cfd4cb561c56dbcec8f8) Importer(2089858483,0ecaa5967403d082aa24f35e1b516d23) Generated GUIDs only implemented for interfaces!
 -> (artifact id: '116727b759e09f7df02737bda0b991f4') in 0.014854 seconds
Number of updated asset objects reloaded before import = 0
Number of asset objects unloaded after import = 1
========================================================================
Received Import Request.
  Time since last request: 0.000049 seconds.
  path: Assets/Imported Assets/AllSkyFree/Space_AnotherPlanet/AllSky_Space_AnotherPlanetSettings.lighting
  artifactKey: Guid(ca72929cfc2cf554b9ffdb937ba39852) Importer(2089858483,0ecaa5967403d082aa24f35e1b516d23)
Start importing Assets/Imported Assets/AllSkyFree/Space_AnotherPlanet/AllSky_Space_AnotherPlanetSettings.lighting using Guid(ca72929cfc2cf554b9ffdb937ba39852) Importer(2089858483,0ecaa5967403d082aa24f35e1b516d23) LightingSettings: switching bake backend from 1 to 0.
Generated GUIDs only implemented for interfaces!
 -> (artifact id: '187f1dc8e457139e5910463d5c5648cb') in 0.008247 seconds
Number of updated asset objects reloaded before import = 0
Number of asset objects unloaded after import = 1
========================================================================
Received Import Request.
  Time since last request: 0.000040 seconds.
  path: Assets/Imported Assets/AllSkyFree/Epic_GloriousPink/Epic_GloriousPink_Cam_5_Down-Y.png
  artifactKey: Guid(213ae241f43b44b3f961dd8739080120) Importer(2089858483,0ecaa5967403d082aa24f35e1b516d23)
Start importing Assets/Imported Assets/AllSkyFree/Epic_GloriousPink/Epic_GloriousPink_Cam_5_Down-Y.png using Guid(213ae241f43b44b3f961dd8739080120) Importer(2089858483,0ecaa5967403d082aa24f35e1b516d23) Generated GUIDs only implemented for interfaces!
 -> (artifact id: '747a692149613bfc0cf4c1abff6d8a97') in 0.015961 seconds
Number of updated asset objects reloaded before import = 0
Number of asset objects unloaded after import = 1
========================================================================
Received Import Request.
  Time since last request: 0.000039 seconds.
  path: Assets/Imported Assets/AllSkyFree/Space_AnotherPlanet/AllSky_Space_AnotherPlanet.unity
  artifactKey: Guid(32897540bc73941088749c21da202563) Importer(2089858483,0ecaa5967403d082aa24f35e1b516d23)
Start importing Assets/Imported Assets/AllSkyFree/Space_AnotherPlanet/AllSky_Space_AnotherPlanet.unity using Guid(32897540bc73941088749c21da202563) Importer(2089858483,0ecaa5967403d082aa24f35e1b516d23) Generated GUIDs only implemented for interfaces!
 -> (artifact id: '038801d25e7043e8548b8e506e8dfcd5') in 0.005534 seconds
Number of updated asset objects reloaded before import = 0
Number of asset objects unloaded after import = 1
========================================================================
Received Import Request.
  Time since last request: 0.000060 seconds.
  path: Assets/Imported Assets/AllSkyFree/Overcast Low/AllSky_Overcast4_LowSettings.lighting
  artifactKey: Guid(cbc7f9c65e36a90498ca0b30f728716d) Importer(2089858483,0ecaa5967403d082aa24f35e1b516d23)
Start importing Assets/Imported Assets/AllSkyFree/Overcast Low/AllSky_Overcast4_LowSettings.lighting using Guid(cbc7f9c65e36a90498ca0b30f728716d) Importer(2089858483,0ecaa5967403d082aa24f35e1b516d23) LightingSettings: switching bake backend from 1 to 0.
Generated GUIDs only implemented for interfaces!
 -> (artifact id: '2549c0ecb6d3c77a7d07862b8fe60693') in 0.008186 seconds
Number of updated asset objects reloaded before import = 0
Number of asset objects unloaded after import = 1
========================================================================
Received Import Request.
  Time since last request: 0.000049 seconds.
  path: Assets/Imported Assets/ARCADE - FREE Racing Car/Prefabs (Meshes Only)/Free Racing Car.prefab
  artifactKey: Guid(c4cad50aa03bbca42938fe318344950b) Importer(2089858483,0ecaa5967403d082aa24f35e1b516d23)
Start importing Assets/Imported Assets/ARCADE - FREE Racing Car/Prefabs (Meshes Only)/Free Racing Car.prefab using Guid(c4cad50aa03bbca42938fe318344950b) Importer(2089858483,0ecaa5967403d082aa24f35e1b516d23) Generated GUIDs only implemented for interfaces!
 -> (artifact id: '085e1ba1f41bfbbe00bc9c08bf5bc23c') in 0.006720 seconds
Number of updated asset objects reloaded before import = 0
Number of asset objects unloaded after import = 38
========================================================================
Received Import Request.
  Time since last request: 0.000008 seconds.
  path: Assets/Imported Assets/AllSkyFree/Overcast Low/Sky_AllSky_Overcast4_Low_Cam_1_Back-Z.png
  artifactKey: Guid(4efb8fd75703d43cab6f01b240a7c945) Importer(2089858483,0ecaa5967403d082aa24f35e1b516d23)
Start importing Assets/Imported Assets/AllSkyFree/Overcast Low/Sky_AllSky_Overcast4_Low_Cam_1_Back-Z.png using Guid(4efb8fd75703d43cab6f01b240a7c945) Importer(2089858483,0ecaa5967403d082aa24f35e1b516d23) Generated GUIDs only implemented for interfaces!
 -> (artifact id: '62f6e062d943cf8153471fd5f4b57c95') in 0.015904 seconds
Number of updated asset objects reloaded before import = 0
Number of asset objects unloaded after import = 1
========================================================================
Received Import Request.
  Time since last request: 0.000045 seconds.
  path: Assets/Imported Assets/AllSkyFree/Space_AnotherPlanet/AllSky_Space_AnotherPlanet_Cam_4_Up+Y.png
  artifactKey: Guid(a6e9f4ff100a94264a812ad74e17416c) Importer(2089858483,0ecaa5967403d082aa24f35e1b516d23)
Start importing Assets/Imported Assets/AllSkyFree/Space_AnotherPlanet/AllSky_Space_AnotherPlanet_Cam_4_Up+Y.png using Guid(a6e9f4ff100a94264a812ad74e17416c) Importer(2089858483,0ecaa5967403d082aa24f35e1b516d23) Generated GUIDs only implemented for interfaces!
 -> (artifact id: '10d635220a9526008425796b12130464') in 0.017646 seconds
Number of updated asset objects reloaded before import = 0
Number of asset objects unloaded after import = 1
========================================================================
Received Import Request.
  Time since last request: 0.000078 seconds.
  path: Assets/Imported Assets/ARCADE - FREE Racing Car/Meshes/ARCADE - FREE Racing Car.fbx
  artifactKey: Guid(9ec6a8fc6925acb4abc5500eeecb8270) Importer(2089858483,0ecaa5967403d082aa24f35e1b516d23)
Start importing Assets/Imported Assets/ARCADE - FREE Racing Car/Meshes/ARCADE - FREE Racing Car.fbx using Guid(9ec6a8fc6925acb4abc5500eeecb8270) Importer(2089858483,0ecaa5967403d082aa24f35e1b516d23) Generated GUIDs only implemented for interfaces!
 -> (artifact id: '4061dcc6eadc7dd8f388589ddf4734fc') in 0.014168 seconds
Number of updated asset objects reloaded before import = 0
Number of asset objects unloaded after import = 34
========================================================================
Received Import Request.
  Time since last request: 0.000008 seconds.
  path: Assets/Imported Assets/AllSkyFree/Overcast Low/Sky_AllSky_Overcast4_Low_Cam_0_Front+Z.png
  artifactKey: Guid(402fe3aa91fba453f92dd3bbe820dbd9) Importer(2089858483,0ecaa5967403d082aa24f35e1b516d23)
Start importing Assets/Imported Assets/AllSkyFree/Overcast Low/Sky_AllSky_Overcast4_Low_Cam_0_Front+Z.png using Guid(402fe3aa91fba453f92dd3bbe820dbd9) Importer(2089858483,0ecaa5967403d082aa24f35e1b516d23) Generated GUIDs only implemented for interfaces!
 -> (artifact id: '966203ae3d4d6c68c8f359510e81a395') in 0.015779 seconds
Number of updated asset objects reloaded before import = 0
Number of asset objects unloaded after import = 1
========================================================================
Received Import Request.
  Time since last request: 0.311241 seconds.
  path: Assets/Imported Assets/Easy FPS/Prefabs/Player.prefab
  artifactKey: Guid(c391f12a928274acab8576bb6030641d) Importer(2089858483,0ecaa5967403d082aa24f35e1b516d23)
Start importing Assets/Imported Assets/Easy FPS/Prefabs/Player.prefab using Guid(c391f12a928274acab8576bb6030641d) Importer(2089858483,0ecaa5967403d082aa24f35e1b516d23) Generated GUIDs only implemented for interfaces!
 -> (artifact id: 'c3eb1de4d514182b2dbe5988884f9058') in 0.020750 seconds
Number of updated asset objects reloaded before import = 0
Number of asset objects unloaded after import = 57
========================================================================
Received Import Request.
  Time since last request: 0.000009 seconds.
  path: Assets/Imported Assets/Easy FPS/Scripts/BulletScript.cs
  artifactKey: Guid(15e3d39d01a5946499fa8b6b5dc1b00f) Importer(2089858483,0ecaa5967403d082aa24f35e1b516d23)
Start importing Assets/Imported Assets/Easy FPS/Scripts/BulletScript.cs using Guid(15e3d39d01a5946499fa8b6b5dc1b00f) Importer(2089858483,0ecaa5967403d082aa24f35e1b516d23) Generated GUIDs only implemented for interfaces!
 -> (artifact id: '9f535eaac3d02832e7110f292991cb5f') in 0.005981 seconds
Number of updated asset objects reloaded before import = 0
Number of asset objects unloaded after import = 1
========================================================================
Received Import Request.
  Time since last request: 0.000051 seconds.
  path: Assets/Imported Assets/Mess Maker Free/Sample Scene Assets/Samnple Scene Lighting Settings.lighting
  artifactKey: Guid(30a4ebca471b7e24b98d8bd78fb72629) Importer(2089858483,0ecaa5967403d082aa24f35e1b516d23)
Start importing Assets/Imported Assets/Mess Maker Free/Sample Scene Assets/Samnple Scene Lighting Settings.lighting using Guid(30a4ebca471b7e24b98d8bd78fb72629) Importer(2089858483,0ecaa5967403d082aa24f35e1b516d23) Generated GUIDs only implemented for interfaces!
 -> (artifact id: '2c884d2eeea347c75d346eb9f24fd391') in 0.008385 seconds
Number of updated asset objects reloaded before import = 0
Number of asset objects unloaded after import = 1
========================================================================
Received Import Request.
  Time since last request: 0.000054 seconds.
  path: Assets/Imported Assets/Survivalist/Materials/Backpack1_Skin1.mat
  artifactKey: Guid(bb22c5d48abf85d4f98617d056e1d110) Importer(2089858483,0ecaa5967403d082aa24f35e1b516d23)
Start importing Assets/Imported Assets/Survivalist/Materials/Backpack1_Skin1.mat using Guid(bb22c5d48abf85d4f98617d056e1d110) Importer(2089858483,0ecaa5967403d082aa24f35e1b516d23) Generated GUIDs only implemented for interfaces!
 -> (artifact id: '73d8c4ed29a0aa58acc1b166c634fd0b') in 0.014188 seconds
Number of updated asset objects reloaded before import = 0
Number of asset objects unloaded after import = 6
========================================================================
Received Import Request.
  Time since last request: 0.000008 seconds.
  path: Assets/Imported Assets/Mess Maker Free/Scripts/MessMakerPoole.cs
  artifactKey: Guid(ed7dff76949f3d84c8980c069cfd03df) Importer(2089858483,0ecaa5967403d082aa24f35e1b516d23)
Start importing Assets/Imported Assets/Mess Maker Free/Scripts/MessMakerPoole.cs using Guid(ed7dff76949f3d84c8980c069cfd03df) Importer(2089858483,0ecaa5967403d082aa24f35e1b516d23) Generated GUIDs only implemented for interfaces!
 -> (artifact id: '8fa6c2964ba2415896818442af54661b') in 0.005988 seconds
Number of updated asset objects reloaded before import = 0
Number of asset objects unloaded after import = 1
========================================================================
Received Import Request.
  Time since last request: 0.000069 seconds.
  path: Assets/Imported Assets/Mess Maker Free/Prefabs/Mess Maker Poole Empty.prefab
  artifactKey: Guid(643a9882a6816d04d8b5591b567abd3b) Importer(2089858483,0ecaa5967403d082aa24f35e1b516d23)
Start importing Assets/Imported Assets/Mess Maker Free/Prefabs/Mess Maker Poole Empty.prefab using Guid(643a9882a6816d04d8b5591b567abd3b) Importer(2089858483,0ecaa5967403d082aa24f35e1b516d23) Generated GUIDs only implemented for interfaces!
 -> (artifact id: '73fc2a023a6d82c282105d8bf3a4b4e7') in 0.007264 seconds
Number of updated asset objects reloaded before import = 0
Number of asset objects unloaded after import = 5
========================================================================
Received Import Request.
  Time since last request: 0.000051 seconds.
  path: Assets/Imported Assets/Easy FPS/Scripts/GunScript.cs
  artifactKey: Guid(a804723bdccf04fca985e160ab5f88d5) Importer(2089858483,0ecaa5967403d082aa24f35e1b516d23)
Start importing Assets/Imported Assets/Easy FPS/Scripts/GunScript.cs using Guid(a804723bdccf04fca985e160ab5f88d5) Importer(2089858483,0ecaa5967403d082aa24f35e1b516d23) Generated GUIDs only implemented for interfaces!
 -> (artifact id: '5ff4f15ac447e3d3913cc23da8b518cc') in 0.005713 seconds
Number of updated asset objects reloaded before import = 0
Number of asset objects unloaded after import = 1
========================================================================
Received Import Request.
  Time since last request: 0.000087 seconds.
  path: Assets/Imported Assets/Survivalist/Materials/Boots3_Skin1.mat
  artifactKey: Guid(b4968c47c65a7f04d838250af66552f0) Importer(2089858483,0ecaa5967403d082aa24f35e1b516d23)
Start importing Assets/Imported Assets/Survivalist/Materials/Boots3_Skin1.mat using Guid(b4968c47c65a7f04d838250af66552f0) Importer(2089858483,0ecaa5967403d082aa24f35e1b516d23) Generated GUIDs only implemented for interfaces!
 -> (artifact id: '9434d1777c74476cf93053a657ccf166') in 0.010758 seconds
Number of updated asset objects reloaded before import = 0
Number of asset objects unloaded after import = 6
========================================================================
Received Import Request.
  Time since last request: 0.000010 seconds.
  path: Assets/Imported Assets/Simple Vehicle Pack/Textures/cars_albedo_2.tif
  artifactKey: Guid(7cb8cb42b17248f4a993ba742a595e5f) Importer(2089858483,0ecaa5967403d082aa24f35e1b516d23)
Start importing Assets/Imported Assets/Simple Vehicle Pack/Textures/cars_albedo_2.tif using Guid(7cb8cb42b17248f4a993ba742a595e5f) Importer(2089858483,0ecaa5967403d082aa24f35e1b516d23) Generated GUIDs only implemented for interfaces!
 -> (artifact id: '6e9955554481d7a6dfba61ec097bd4ad') in 0.013659 seconds
Number of updated asset objects reloaded before import = 0
Number of asset objects unloaded after import = 1
========================================================================
Received Import Request.
  Time since last request: 0.000067 seconds.
  path: Assets/Imported Assets/Survivalist/Materials/Pants2_Skin2.mat
  artifactKey: Guid(91e1bfddab2e07149a6e37f1c74aa6e0) Importer(2089858483,0ecaa5967403d082aa24f35e1b516d23)
Start importing Assets/Imported Assets/Survivalist/Materials/Pants2_Skin2.mat using Guid(91e1bfddab2e07149a6e37f1c74aa6e0) Importer(2089858483,0ecaa5967403d082aa24f35e1b516d23) Generated GUIDs only implemented for interfaces!
 -> (artifact id: '9e08a93772c38ca13275730e3fba869f') in 0.012813 seconds
Number of updated asset objects reloaded before import = 0
Number of asset objects unloaded after import = 6
========================================================================
Received Import Request.
  Time since last request: 0.000008 seconds.
  path: Assets/Imported Assets/Simple Vehicle Pack/Prefabs/Police_car.prefab
  artifactKey: Guid(f463242ba59e68243b7a693d4f0cfc18) Importer(2089858483,0ecaa5967403d082aa24f35e1b516d23)
Start importing Assets/Imported Assets/Simple Vehicle Pack/Prefabs/Police_car.prefab using Guid(f463242ba59e68243b7a693d4f0cfc18) Importer(2089858483,0ecaa5967403d082aa24f35e1b516d23) Generated GUIDs only implemented for interfaces!
 -> (artifact id: '2018144d3a112509eda78d4fbd74d4ae') in 0.006444 seconds
Number of updated asset objects reloaded before import = 0
Number of asset objects unloaded after import = 29
========================================================================
Received Import Request.
  Time since last request: 0.000008 seconds.
  path: Assets/Imported Assets/Patio_table/Textures/Table1of10_DefaultMaterial_Height.tif
  artifactKey: Guid(a7c03b9434c4ce94b96a76b0a3b1b22e) Importer(2089858483,0ecaa5967403d082aa24f35e1b516d23)
Start importing Assets/Imported Assets/Patio_table/Textures/Table1of10_DefaultMaterial_Height.tif using Guid(a7c03b9434c4ce94b96a76b0a3b1b22e) Importer(2089858483,0ecaa5967403d082aa24f35e1b516d23) Generated GUIDs only implemented for interfaces!
 -> (artifact id: '9549353c4696e4e4a31667f409931e32') in 0.017795 seconds
Number of updated asset objects reloaded before import = 0
Number of asset objects unloaded after import = 1
========================================================================
Received Import Request.
  Time since last request: 0.000071 seconds.
  path: Assets/Imported Assets/SpaceZeta_StreetLamps2/Materials/T_StreetLampRound2A_normal.png
  artifactKey: Guid(6c4cf36f39a17bd45a7f1ace72ed294c) Importer(2089858483,0ecaa5967403d082aa24f35e1b516d23)
Start importing Assets/Imported Assets/SpaceZeta_StreetLamps2/Materials/T_StreetLampRound2A_normal.png using Guid(6c4cf36f39a17bd45a7f1ace72ed294c) Importer(2089858483,0ecaa5967403d082aa24f35e1b516d23) Generated GUIDs only implemented for interfaces!
 -> (artifact id: 'ec35b9d4c2fd35384ab07ed2b64cb784') in 0.016021 seconds
Number of updated asset objects reloaded before import = 0
Number of asset objects unloaded after import = 1
========================================================================
Received Import Request.
  Time since last request: 0.000067 seconds.
  path: Assets/Imported Assets/Simple Vehicle Pack/Prefabs/Car_3.prefab
  artifactKey: Guid(512151c1530b99343a884b12ee9c5e1e) Importer(2089858483,0ecaa5967403d082aa24f35e1b516d23)
Start importing Assets/Imported Assets/Simple Vehicle Pack/Prefabs/Car_3.prefab using Guid(512151c1530b99343a884b12ee9c5e1e) Importer(2089858483,0ecaa5967403d082aa24f35e1b516d23) Generated GUIDs only implemented for interfaces!
 -> (artifact id: '6410bbca6e4804b43192ca72a8fa10f6') in 0.006509 seconds
Number of updated asset objects reloaded before import = 0
Number of asset objects unloaded after import = 29
========================================================================
Received Import Request.
  Time since last request: 0.000009 seconds.
  path: Assets/Imported Assets/Survivalist/Materials/Hands1_Skin1.mat
  artifactKey: Guid(a4f3038e85335ab4eb10f074fda8b6ad) Importer(2089858483,0ecaa5967403d082aa24f35e1b516d23)
Start importing Assets/Imported Assets/Survivalist/Materials/Hands1_Skin1.mat using Guid(a4f3038e85335ab4eb10f074fda8b6ad) Importer(2089858483,0ecaa5967403d082aa24f35e1b516d23) Generated GUIDs only implemented for interfaces!
 -> (artifact id: '8bab7c056ad7f50ec38c2b1431cc730f') in 0.014074 seconds
Number of updated asset objects reloaded before import = 0
Number of asset objects unloaded after import = 5
========================================================================
Received Import Request.
  Time since last request: 0.000008 seconds.
  path: Assets/Imported Assets/SpaceZeta_StreetLamps2/Prefabs/StreetLampRound2A.prefab
  artifactKey: Guid(120d7631bf5b4b94f8271411b1868e06) Importer(2089858483,0ecaa5967403d082aa24f35e1b516d23)
Start importing Assets/Imported Assets/SpaceZeta_StreetLamps2/Prefabs/StreetLampRound2A.prefab using Guid(120d7631bf5b4b94f8271411b1868e06) Importer(2089858483,0ecaa5967403d082aa24f35e1b516d23) Generated GUIDs only implemented for interfaces!
 -> (artifact id: 'ab89f1054af2dc124d4a7062c1050aaa') in 0.009201 seconds
Number of updated asset objects reloaded before import = 0
Number of asset objects unloaded after import = 15
========================================================================
Received Import Request.
  Time since last request: 0.000009 seconds.
  path: Assets/Imported Assets/Easy FPS/Scripts/ScopeAimingCinemachine.cs
  artifactKey: Guid(613a57ebd77ff1641a46ce9570c1f6d8) Importer(2089858483,0ecaa5967403d082aa24f35e1b516d23)
Start importing Assets/Imported Assets/Easy FPS/Scripts/ScopeAimingCinemachine.cs using Guid(613a57ebd77ff1641a46ce9570c1f6d8) Importer(2089858483,0ecaa5967403d082aa24f35e1b516d23) Generated GUIDs only implemented for interfaces!
 -> (artifact id: '348b1824c98a026330b6c36753f2ec4f') in 0.006010 seconds
Number of updated asset objects reloaded before import = 0
Number of asset objects unloaded after import = 1
========================================================================
Received Import Request.
  Time since last request: 0.000056 seconds.
  path: Assets/Imported Assets/Patio_table/Textures/AO.tif
  artifactKey: Guid(387395245c73a454a97dba35787cac70) Importer(2089858483,0ecaa5967403d082aa24f35e1b516d23)
Start importing Assets/Imported Assets/Patio_table/Textures/AO.tif using Guid(387395245c73a454a97dba35787cac70) Importer(2089858483,0ecaa5967403d082aa24f35e1b516d23) Generated GUIDs only implemented for interfaces!
 -> (artifact id: '0afbd1961e5f5b5b803086f88ce613ab') in 0.015279 seconds
Number of updated asset objects reloaded before import = 0
Number of asset objects unloaded after import = 1
========================================================================
Received Import Request.
  Time since last request: 0.000058 seconds.
  path: Assets/Imported Assets/Survivalist/Materials/Hands1_Skin2.mat
  artifactKey: Guid(1f04324fc44f0984596062b227d2375c) Importer(2089858483,0ecaa5967403d082aa24f35e1b516d23)
Start importing Assets/Imported Assets/Survivalist/Materials/Hands1_Skin2.mat using Guid(1f04324fc44f0984596062b227d2375c) Importer(2089858483,0ecaa5967403d082aa24f35e1b516d23) Generated GUIDs only implemented for interfaces!
 -> (artifact id: 'd127adb5e85367347c1c72da70dc4ac4') in 0.011821 seconds
Number of updated asset objects reloaded before import = 0
Number of asset objects unloaded after import = 4
========================================================================
Received Import Request.
  Time since last request: 0.000024 seconds.
  path: Assets/Imported Assets/Patio_table/Textures/RGBmetalArough_RGBmetalArough.tif
  artifactKey: Guid(0bb1b6dab690100418804ab1c2d38eff) Importer(2089858483,0ecaa5967403d082aa24f35e1b516d23)
Start importing Assets/Imported Assets/Patio_table/Textures/RGBmetalArough_RGBmetalArough.tif using Guid(0bb1b6dab690100418804ab1c2d38eff) Importer(2089858483,0ecaa5967403d082aa24f35e1b516d23) Generated GUIDs only implemented for interfaces!
 -> (artifact id: 'ec64b61a9663f5aaf687ef72f0ff9d84') in 0.015416 seconds
Number of updated asset objects reloaded before import = 0
Number of asset objects unloaded after import = 1
========================================================================
Received Import Request.
  Time since last request: 0.000077 seconds.
  path: Assets/Imported Assets/SpaceZeta_StreetLamps2/Materials/M_StreetLampRound1B.mat
  artifactKey: Guid(b68ad0ddbe075d2469a914b975c596f9) Importer(2089858483,0ecaa5967403d082aa24f35e1b516d23)
Start importing Assets/Imported Assets/SpaceZeta_StreetLamps2/Materials/M_StreetLampRound1B.mat using Guid(b68ad0ddbe075d2469a914b975c596f9) Importer(2089858483,0ecaa5967403d082aa24f35e1b516d23) Generated GUIDs only implemented for interfaces!
 -> (artifact id: 'ccb347b34f63b4b78ac14bb91bcfa15e') in 0.012595 seconds
Number of updated asset objects reloaded before import = 0
Number of asset objects unloaded after import = 6
========================================================================
Received Import Request.
  Time since last request: 0.000008 seconds.
  path: Assets/Imported Assets/SpaceZeta_StreetLamps2/Materials/T_StreetLampRound1B_roughness.png
  artifactKey: Guid(69941ceaf31373a46a5a7918b0514d16) Importer(2089858483,0ecaa5967403d082aa24f35e1b516d23)
Start importing Assets/Imported Assets/SpaceZeta_StreetLamps2/Materials/T_StreetLampRound1B_roughness.png using Guid(69941ceaf31373a46a5a7918b0514d16) Importer(2089858483,0ecaa5967403d082aa24f35e1b516d23) Generated GUIDs only implemented for interfaces!
 -> (artifact id: '8f949a7bef34dbd80a14f4aa901f1383') in 0.014634 seconds
Number of updated asset objects reloaded before import = 0
Number of asset objects unloaded after import = 1
========================================================================
Received Import Request.
  Time since last request: 0.000031 seconds.
  path: Assets/Imported Assets/Mess Maker Free/Materials/Pottery.mat
  artifactKey: Guid(deb7478fe65f5af4e85dac00cb9d1c56) Importer(2089858483,0ecaa5967403d082aa24f35e1b516d23)
Start importing Assets/Imported Assets/Mess Maker Free/Materials/Pottery.mat using Guid(deb7478fe65f5af4e85dac00cb9d1c56) Importer(2089858483,0ecaa5967403d082aa24f35e1b516d23) Generated GUIDs only implemented for interfaces!
 -> (artifact id: '176402e729e62f7bedd18abc8860611d') in 0.008362 seconds
Number of updated asset objects reloaded before import = 0
Number of asset objects unloaded after import = 3
========================================================================
Received Import Request.
  Time since last request: 0.000008 seconds.
  path: Assets/Imported Assets/Mess Maker Free/Materials/Chicken Bone.mat
  artifactKey: Guid(6817ac00176b7c34fae0cc46f9256374) Importer(2089858483,0ecaa5967403d082aa24f35e1b516d23)
Start importing Assets/Imported Assets/Mess Maker Free/Materials/Chicken Bone.mat using Guid(6817ac00176b7c34fae0cc46f9256374) Importer(2089858483,0ecaa5967403d082aa24f35e1b516d23) Generated GUIDs only implemented for interfaces!
 -> (artifact id: 'e1e0e87c25ea0d829031aa2bbe1f5afd') in 0.007619 seconds
Number of updated asset objects reloaded before import = 0
Number of asset objects unloaded after import = 3
========================================================================
Received Import Request.
  Time since last request: 0.000006 seconds.
  path: Assets/Imported Assets/Simple Vehicle Pack/Models/car_1.FBX
  artifactKey: Guid(75fac0ffc516dac4fb20ed28a0b923fd) Importer(2089858483,0ecaa5967403d082aa24f35e1b516d23)
Start importing Assets/Imported Assets/Simple Vehicle Pack/Models/car_1.FBX using Guid(75fac0ffc516dac4fb20ed28a0b923fd) Importer(2089858483,0ecaa5967403d082aa24f35e1b516d23) Generated GUIDs only implemented for interfaces!
 -> (artifact id: '300ab5718c0d144b40fd108e0e794537') in 0.013478 seconds
Number of updated asset objects reloaded before import = 0
Number of asset objects unloaded after import = 29
========================================================================
Received Import Request.
  Time since last request: 0.000045 seconds.
  path: Assets/Imported Assets/Simple Vehicle Pack/Models/bus.FBX
  artifactKey: Guid(7f4f24cb528cb884a874e5266f87c831) Importer(2089858483,0ecaa5967403d082aa24f35e1b516d23)
Start importing Assets/Imported Assets/Simple Vehicle Pack/Models/bus.FBX using Guid(7f4f24cb528cb884a874e5266f87c831) Importer(2089858483,0ecaa5967403d082aa24f35e1b516d23) Generated GUIDs only implemented for interfaces!
 -> (artifact id: 'a270892f4ce861212badfe69915a5e9c') in 0.011477 seconds
Number of updated asset objects reloaded before import = 0
Number of asset objects unloaded after import = 29
========================================================================
Received Import Request.
  Time since last request: 0.000053 seconds.
  path: Assets/Imported Assets/Survivalist/Materials/Boots3_Skin2.mat
  artifactKey: Guid(2c89187d4215b9f4c83dcefb5456897d) Importer(2089858483,0ecaa5967403d082aa24f35e1b516d23)
Start importing Assets/Imported Assets/Survivalist/Materials/Boots3_Skin2.mat using Guid(2c89187d4215b9f4c83dcefb5456897d) Importer(2089858483,0ecaa5967403d082aa24f35e1b516d23) Generated GUIDs only implemented for interfaces!
 -> (artifact id: 'aa727d94df9911de6bc95428d0824d0a') in 0.010682 seconds
Number of updated asset objects reloaded before import = 0
Number of asset objects unloaded after import = 6
========================================================================
Received Import Request.
  Time since last request: 0.000007 seconds.
  path: Assets/Imported Assets/Mess Maker Free/Materials/Vodka Label.mat
  artifactKey: Guid(477af023eafa6ca44a2c37e85c85c4d8) Importer(2089858483,0ecaa5967403d082aa24f35e1b516d23)
Start importing Assets/Imported Assets/Mess Maker Free/Materials/Vodka Label.mat using Guid(477af023eafa6ca44a2c37e85c85c4d8) Importer(2089858483,0ecaa5967403d082aa24f35e1b516d23) Generated GUIDs only implemented for interfaces!
 -> (artifact id: '5d87c65f6c2a8d305c7fd838b90e88f3') in 0.007441 seconds
Number of updated asset objects reloaded before import = 0
Number of asset objects unloaded after import = 2
========================================================================
Received Import Request.
  Time since last request: 0.000030 seconds.
  path: Assets/Imported Assets/Survivalist/Materials/Cap1_Skin2.mat
  artifactKey: Guid(177b89c6830906448881f566d8143446) Importer(2089858483,0ecaa5967403d082aa24f35e1b516d23)
Start importing Assets/Imported Assets/Survivalist/Materials/Cap1_Skin2.mat using Guid(177b89c6830906448881f566d8143446) Importer(2089858483,0ecaa5967403d082aa24f35e1b516d23) Generated GUIDs only implemented for interfaces!
 -> (artifact id: '4fdf4c3df48e41e402f257699d4d318b') in 0.014310 seconds
Number of updated asset objects reloaded before import = 0
Number of asset objects unloaded after import = 6
========================================================================
Received Import Request.
  Time since last request: 0.000009 seconds.
  path: Assets/Imported Assets/Easy FPS/Sounds/pullweapon.wav
  artifactKey: Guid(dbc32fd9a698df44d9a5f6566769c32f) Importer(2089858483,0ecaa5967403d082aa24f35e1b516d23)
Start importing Assets/Imported Assets/Easy FPS/Sounds/pullweapon.wav using Guid(dbc32fd9a698df44d9a5f6566769c32f) Importer(2089858483,0ecaa5967403d082aa24f35e1b516d23) Generated GUIDs only implemented for interfaces!
 -> (artifact id: '14517dfee38f3d5c5c7a130867847489') in 0.029724 seconds
Number of updated asset objects reloaded before import = 0
Number of asset objects unloaded after import = 1
========================================================================
Received Import Request.
  Time since last request: 0.000036 seconds.
  path: Assets/Imported Assets/Survivalist/Materials/Gloves1_Skin1.mat
  artifactKey: Guid(7e5e6c8eb72897145ac408f805ab3a7a) Importer(2089858483,0ecaa5967403d082aa24f35e1b516d23)
Start importing Assets/Imported Assets/Survivalist/Materials/Gloves1_Skin1.mat using Guid(7e5e6c8eb72897145ac408f805ab3a7a) Importer(2089858483,0ecaa5967403d082aa24f35e1b516d23) Generated GUIDs only implemented for interfaces!
 -> (artifact id: '2159b94b51c938cbc16e01de39f9690c') in 0.012507 seconds
Number of updated asset objects reloaded before import = 0
Number of asset objects unloaded after import = 5
========================================================================
Received Import Request.
  Time since last request: 0.000008 seconds.
  path: Assets/Imported Assets/Mess Maker Free/obj/Rubbish.fbx
  artifactKey: Guid(6ee79a39487f7bb4abefb33640b1f96a) Importer(2089858483,0ecaa5967403d082aa24f35e1b516d23)
Start importing Assets/Imported Assets/Mess Maker Free/obj/Rubbish.fbx using Guid(6ee79a39487f7bb4abefb33640b1f96a) Importer(2089858483,0ecaa5967403d082aa24f35e1b516d23) Generated GUIDs only implemented for interfaces!
 -> (artifact id: '0eda902f94154267ded1ea0a3551f949') in 0.045890 seconds
Number of updated asset objects reloaded before import = 0
Number of asset objects unloaded after import = 257
========================================================================
Received Import Request.
  Time since last request: 0.000011 seconds.
  path: Assets/Imported Assets/SpaceZeta_StreetLamps2/Materials/T_StreetLampRound2A_metallic.png
  artifactKey: Guid(55f04c11299f98a4f903ce195936d19e) Importer(2089858483,0ecaa5967403d082aa24f35e1b516d23)
Start importing Assets/Imported Assets/SpaceZeta_StreetLamps2/Materials/T_StreetLampRound2A_metallic.png using Guid(55f04c11299f98a4f903ce195936d19e) Importer(2089858483,0ecaa5967403d082aa24f35e1b516d23) Generated GUIDs only implemented for interfaces!
 -> (artifact id: '8a3235d5e2f8d672ed1800eaccdb1b05') in 0.014531 seconds
Number of updated asset objects reloaded before import = 0
Number of asset objects unloaded after import = 1
========================================================================
Received Import Request.
  Time since last request: 0.000016 seconds.
  path: Assets/Imported Assets/SpaceZeta_StreetLamps2/Materials/T_StreetLampRound1B_metallic.png
  artifactKey: Guid(95b845144d548d640b2ba8dbbd9baba9) Importer(2089858483,0ecaa5967403d082aa24f35e1b516d23)
Start importing Assets/Imported Assets/SpaceZeta_StreetLamps2/Materials/T_StreetLampRound1B_metallic.png using Guid(95b845144d548d640b2ba8dbbd9baba9) Importer(2089858483,0ecaa5967403d082aa24f35e1b516d23) Generated GUIDs only implemented for interfaces!
 -> (artifact id: '1f4ba21c62590823545c3c504ad6e94d') in 0.015500 seconds
Number of updated asset objects reloaded before import = 0
Number of asset objects unloaded after import = 1
========================================================================
Received Import Request.
  Time since last request: 0.000066 seconds.
  path: Assets/Imported Assets/SpaceZeta_StreetLamps2/Materials/T_StreetLampRound2B_roughness.png
  artifactKey: Guid(3f687a27243a43c4195e1835d39ee617) Importer(2089858483,0ecaa5967403d082aa24f35e1b516d23)
Start importing Assets/Imported Assets/SpaceZeta_StreetLamps2/Materials/T_StreetLampRound2B_roughness.png using Guid(3f687a27243a43c4195e1835d39ee617) Importer(2089858483,0ecaa5967403d082aa24f35e1b516d23) Generated GUIDs only implemented for interfaces!
 -> (artifact id: '84f19b88ac1e678f848c7eb388ae8702') in 0.014467 seconds
Number of updated asset objects reloaded before import = 0
Number of asset objects unloaded after import = 1
========================================================================
Received Import Request.
  Time since last request: 0.000071 seconds.
  path: Assets/Imported Assets/Mess Maker Free/Materials/AppleCore Green.mat
  artifactKey: Guid(e54c46fda7b9f6f458650f3be75c7919) Importer(2089858483,0ecaa5967403d082aa24f35e1b516d23)
Start importing Assets/Imported Assets/Mess Maker Free/Materials/AppleCore Green.mat using Guid(e54c46fda7b9f6f458650f3be75c7919) Importer(2089858483,0ecaa5967403d082aa24f35e1b516d23) Generated GUIDs only implemented for interfaces!
 -> (artifact id: '3e424787527d58a52c9935e6d0e7053e') in 0.008250 seconds
Number of updated asset objects reloaded before import = 0
Number of asset objects unloaded after import = 3
========================================================================
Received Import Request.
  Time since last request: 0.000008 seconds.
  path: Assets/Imported Assets/SpaceZeta_StreetLamps2/Materials/T_StreetLampRound1B_emission.png
  artifactKey: Guid(39bc3c1ef5b16bf4d82a13bb05c37195) Importer(2089858483,0ecaa5967403d082aa24f35e1b516d23)
Start importing Assets/Imported Assets/SpaceZeta_StreetLamps2/Materials/T_StreetLampRound1B_emission.png using Guid(39bc3c1ef5b16bf4d82a13bb05c37195) Importer(2089858483,0ecaa5967403d082aa24f35e1b516d23) Generated GUIDs only implemented for interfaces!
 -> (artifact id: 'e702f53296d3ce51efc5d60b58a30839') in 0.015407 seconds
Number of updated asset objects reloaded before import = 0
Number of asset objects unloaded after import = 1
========================================================================
Received Import Request.
  Time since last request: 0.000067 seconds.
  path: Assets/Imported Assets/Survivalist/Basemesh/SK_Military_Survivalist.fbx
  artifactKey: Guid(0e55d5c42cc96404f872b45455603f8b) Importer(2089858483,0ecaa5967403d082aa24f35e1b516d23)
Start importing Assets/Imported Assets/Survivalist/Basemesh/SK_Military_Survivalist.fbx using Guid(0e55d5c42cc96404f872b45455603f8b) Importer(2089858483,0ecaa5967403d082aa24f35e1b516d23) Generated GUIDs only implemented for interfaces!
 -> (artifact id: '6bb2fc0af72fee41bd2d1923efc5e5ae') in 0.028607 seconds
Number of updated asset objects reloaded before import = 0
Number of asset objects unloaded after import = 186
========================================================================
Received Import Request.
  Time since last request: 0.000012 seconds.
  path: Assets/Imported Assets/Easy FPS/Sounds/hitMarker.wav
  artifactKey: Guid(68f790dbfa1f84670a70b81bd91a98e1) Importer(2089858483,0ecaa5967403d082aa24f35e1b516d23)
Start importing Assets/Imported Assets/Easy FPS/Sounds/hitMarker.wav using Guid(68f790dbfa1f84670a70b81bd91a98e1) Importer(2089858483,0ecaa5967403d082aa24f35e1b516d23) Generated GUIDs only implemented for interfaces!
 -> (artifact id: '466f36fe6e705e4f50f8e1d7136383aa') in 0.041738 seconds
Number of updated asset objects reloaded before import = 0
Number of asset objects unloaded after import = 1
========================================================================
Received Import Request.
  Time since last request: 0.000009 seconds.
  path: Assets/Imported Assets/SpaceZeta_StreetLamps2/Materials/M_StreetLampRound2B.mat
  artifactKey: Guid(d4c68e8aa2730c34296474efebb51b6d) Importer(2089858483,0ecaa5967403d082aa24f35e1b516d23)
Start importing Assets/Imported Assets/SpaceZeta_StreetLamps2/Materials/M_StreetLampRound2B.mat using Guid(d4c68e8aa2730c34296474efebb51b6d) Importer(2089858483,0ecaa5967403d082aa24f35e1b516d23) Generated GUIDs only implemented for interfaces!
 -> (artifact id: 'c1c0dd0f73e1f635fd487e22ac50dece') in 0.014963 seconds
Number of updated asset objects reloaded before import = 0
Number of asset objects unloaded after import = 6
========================================================================
Received Import Request.
  Time since last request: 0.000009 seconds.
  path: Assets/Imported Assets/Mess Maker Free/Materials/Beer Can Green.mat
  artifactKey: Guid(53eee7cd88f521c499c9c2b4a993651c) Importer(2089858483,0ecaa5967403d082aa24f35e1b516d23)
Start importing Assets/Imported Assets/Mess Maker Free/Materials/Beer Can Green.mat using Guid(53eee7cd88f521c499c9c2b4a993651c) Importer(2089858483,0ecaa5967403d082aa24f35e1b516d23) Generated GUIDs only implemented for interfaces!
 -> (artifact id: '8dcc8e415c7c6f304e2d3b8796fb153a') in 0.006819 seconds
Number of updated asset objects reloaded before import = 0
Number of asset objects unloaded after import = 2
========================================================================
Received Import Request.
  Time since last request: 0.000047 seconds.
  path: Assets/Imported Assets/Simple Vehicle Pack/Materials/Bus_2.mat
  artifactKey: Guid(73e805105a361df41b7e14313b517476) Importer(2089858483,0ecaa5967403d082aa24f35e1b516d23)
Start importing Assets/Imported Assets/Simple Vehicle Pack/Materials/Bus_2.mat using Guid(73e805105a361df41b7e14313b517476) Importer(2089858483,0ecaa5967403d082aa24f35e1b516d23) Generated GUIDs only implemented for interfaces!
 -> (artifact id: 'eb669f0603cdb69293a03540e7fd3404') in 0.008478 seconds
Number of updated asset objects reloaded before import = 0
Number of asset objects unloaded after import = 4
========================================================================
Received Import Request.
  Time since last request: 0.000009 seconds.
  path: Assets/Imported Assets/Simple Vehicle Pack/Prefabs/Car_4.prefab
  artifactKey: Guid(ab26596a331d7ee43a3e9d29e2be9f84) Importer(2089858483,0ecaa5967403d082aa24f35e1b516d23)
Start importing Assets/Imported Assets/Simple Vehicle Pack/Prefabs/Car_4.prefab using Guid(ab26596a331d7ee43a3e9d29e2be9f84) Importer(2089858483,0ecaa5967403d082aa24f35e1b516d23) Generated GUIDs only implemented for interfaces!
 -> (artifact id: 'da5b8fc55ca5321f2bcd64fcc87a17cb') in 0.006388 seconds
Number of updated asset objects reloaded before import = 0
Number of asset objects unloaded after import = 29
========================================================================
Received Import Request.
  Time since last request: 0.000015 seconds.
  path: Assets/Imported Assets/Survivalist/Materials/Pants2_Skin1.mat
  artifactKey: Guid(39c752ff4621e8f408fe3e0030d2cbce) Importer(2089858483,0ecaa5967403d082aa24f35e1b516d23)
Start importing Assets/Imported Assets/Survivalist/Materials/Pants2_Skin1.mat using Guid(39c752ff4621e8f408fe3e0030d2cbce) Importer(2089858483,0ecaa5967403d082aa24f35e1b516d23) Generated GUIDs only implemented for interfaces!
 -> (artifact id: 'ff73b252aed221bc1ae992e32d289112') in 0.013037 seconds
Number of updated asset objects reloaded before import = 0
Number of asset objects unloaded after import = 6
========================================================================
Received Import Request.
  Time since last request: 0.000008 seconds.
  path: Assets/Imported Assets/Mess Maker Free/Materials/AppleCore Red.mat
  artifactKey: Guid(d50d0b1007285794e9b4fe249f5efda7) Importer(2089858483,0ecaa5967403d082aa24f35e1b516d23)
Start importing Assets/Imported Assets/Mess Maker Free/Materials/AppleCore Red.mat using Guid(d50d0b1007285794e9b4fe249f5efda7) Importer(2089858483,0ecaa5967403d082aa24f35e1b516d23) Generated GUIDs only implemented for interfaces!
 -> (artifact id: 'e6c06487caf56a3bf59bb313d17be874') in 0.008535 seconds
Number of updated asset objects reloaded before import = 0
Number of asset objects unloaded after import = 3
========================================================================
Received Import Request.
  Time since last request: 0.000008 seconds.
  path: Assets/Imported Assets/Mess Maker Free/Materials/Glass Red.mat
  artifactKey: Guid(7cf48fd5766c6434793af2f49f0643cb) Importer(2089858483,0ecaa5967403d082aa24f35e1b516d23)
Start importing Assets/Imported Assets/Mess Maker Free/Materials/Glass Red.mat using Guid(7cf48fd5766c6434793af2f49f0643cb) Importer(2089858483,0ecaa5967403d082aa24f35e1b516d23) Generated GUIDs only implemented for interfaces!
 -> (artifact id: '154a7800bd02931834e21e4954cbc567') in 0.006980 seconds
Number of updated asset objects reloaded before import = 0
Number of asset objects unloaded after import = 1
========================================================================
Received Import Request.
  Time since last request: 0.000056 seconds.
  path: Assets/Imported Assets/Easy FPS/Sounds/reloadSound.wav
  artifactKey: Guid(d85099fefd84d429788e09001413207b) Importer(2089858483,0ecaa5967403d082aa24f35e1b516d23)
Start importing Assets/Imported Assets/Easy FPS/Sounds/reloadSound.wav using Guid(d85099fefd84d429788e09001413207b) Importer(2089858483,0ecaa5967403d082aa24f35e1b516d23) Generated GUIDs only implemented for interfaces!
 -> (artifact id: '64589b8bd43432b9f51c5cf6cad08b50') in 0.040666 seconds
Number of updated asset objects reloaded before import = 0
Number of asset objects unloaded after import = 1
========================================================================
Received Import Request.
  Time since last request: 0.000011 seconds.
  path: Assets/Imported Assets/Simple Vehicle Pack/Textures/cars_albedo.tif
  artifactKey: Guid(3ab13998715565f41826b8e7e94e9be4) Importer(2089858483,0ecaa5967403d082aa24f35e1b516d23)
Start importing Assets/Imported Assets/Simple Vehicle Pack/Textures/cars_albedo.tif using Guid(3ab13998715565f41826b8e7e94e9be4) Importer(2089858483,0ecaa5967403d082aa24f35e1b516d23) Generated GUIDs only implemented for interfaces!
 -> (artifact id: '250595eee9be5707264d7aed73127b93') in 0.014582 seconds
Number of updated asset objects reloaded before import = 0
Number of asset objects unloaded after import = 1
========================================================================
Received Import Request.
  Time since last request: 0.000090 seconds.
  path: Assets/Imported Assets/Survivalist/Materials/Head1.mat
  artifactKey: Guid(01e354ee2a262cf40a7b08040b6236fe) Importer(2089858483,0ecaa5967403d082aa24f35e1b516d23)
Start importing Assets/Imported Assets/Survivalist/Materials/Head1.mat using Guid(01e354ee2a262cf40a7b08040b6236fe) Importer(2089858483,0ecaa5967403d082aa24f35e1b516d23) Generated GUIDs only implemented for interfaces!
 -> (artifact id: 'f15209ba0a41ce87867517f59f09546d') in 0.011946 seconds
Number of updated asset objects reloaded before import = 0
Number of asset objects unloaded after import = 5
========================================================================
Received Import Request.
  Time since last request: 0.000040 seconds.
  path: Assets/Imported Assets/Easy FPS/Scripts/GunInventory.cs
  artifactKey: Guid(65862fe2a77934c2a8e0f7efd1755329) Importer(2089858483,0ecaa5967403d082aa24f35e1b516d23)
Start importing Assets/Imported Assets/Easy FPS/Scripts/GunInventory.cs using Guid(65862fe2a77934c2a8e0f7efd1755329) Importer(2089858483,0ecaa5967403d082aa24f35e1b516d23) Generated GUIDs only implemented for interfaces!
 -> (artifact id: '0452d55f01612c334048ea18132bb77a') in 0.007074 seconds
Number of updated asset objects reloaded before import = 0
Number of asset objects unloaded after import = 1
========================================================================
Received Import Request.
  Time since last request: 0.000060 seconds.
  path: Assets/Imported Assets/Mess Maker Free/Prefabs/Mess Maker.prefab
  artifactKey: Guid(ac1b1b5e1165c114684ef1b66f53b774) Importer(2089858483,0ecaa5967403d082aa24f35e1b516d23)
Start importing Assets/Imported Assets/Mess Maker Free/Prefabs/Mess Maker.prefab using Guid(ac1b1b5e1165c114684ef1b66f53b774) Importer(2089858483,0ecaa5967403d082aa24f35e1b516d23) Generated GUIDs only implemented for interfaces!
 -> (artifact id: '6479eced415201d8310a4ce40877dbb8') in 0.008425 seconds
Number of updated asset objects reloaded before import = 0
Number of asset objects unloaded after import = 6
========================================================================
Received Import Request.
  Time since last request: 0.000079 seconds.
  path: Assets/Imported Assets/Mess Maker Free/Materials/Soda Can Green.mat
  artifactKey: Guid(27887615c4509034aaad881d3a8efcb1) Importer(2089858483,0ecaa5967403d082aa24f35e1b516d23)
Start importing Assets/Imported Assets/Mess Maker Free/Materials/Soda Can Green.mat using Guid(27887615c4509034aaad881d3a8efcb1) Importer(2089858483,0ecaa5967403d082aa24f35e1b516d23) Generated GUIDs only implemented for interfaces!
 -> (artifact id: '3c11df54a3ae9cf89c4600e7fc6d4982') in 0.006974 seconds
Number of updated asset objects reloaded before import = 0
Number of asset objects unloaded after import = 2
========================================================================
Received Import Request.
  Time since last request: 0.000008 seconds.
  path: Assets/Imported Assets/SpaceZeta_StreetLamps2/Prefabs/StreetLampRound2B.prefab
  artifactKey: Guid(805fe8520ca8daf4f9855ded306a0ca1) Importer(2089858483,0ecaa5967403d082aa24f35e1b516d23)
Start importing Assets/Imported Assets/SpaceZeta_StreetLamps2/Prefabs/StreetLampRound2B.prefab using Guid(805fe8520ca8daf4f9855ded306a0ca1) Importer(2089858483,0ecaa5967403d082aa24f35e1b516d23) Generated GUIDs only implemented for interfaces!
 -> (artifact id: 'bd34ffcd2578be49437f32e508b316c4') in 0.008794 seconds
Number of updated asset objects reloaded before import = 0
Number of asset objects unloaded after import = 15
========================================================================
Received Import Request.
  Time since last request: 0.000008 seconds.
  path: Assets/Imported Assets/Kinemation/SightsAligner/SightsAligner-documentation.pdf
  artifactKey: Guid(5a8ee278bcd2d0b47a3113b560ddbdcd) Importer(2089858483,0ecaa5967403d082aa24f35e1b516d23)
Start importing Assets/Imported Assets/Kinemation/SightsAligner/SightsAligner-documentation.pdf using Guid(5a8ee278bcd2d0b47a3113b560ddbdcd) Importer(2089858483,0ecaa5967403d082aa24f35e1b516d23) Generated GUIDs only implemented for interfaces!
 -> (artifact id: 'ec47de12ad18a1d45ba7a255a9feff56') in 0.005268 seconds
Number of updated asset objects reloaded before import = 0
Number of asset objects unloaded after import = 1
========================================================================
Received Import Request.
  Time since last request: 0.000047 seconds.
  path: Assets/Imported Assets/Mess Maker Free/Materials/Wood.mat
  artifactKey: Guid(b6d4eb550b268604dba640237e0c07f7) Importer(2089858483,0ecaa5967403d082aa24f35e1b516d23)
Start importing Assets/Imported Assets/Mess Maker Free/Materials/Wood.mat using Guid(b6d4eb550b268604dba640237e0c07f7) Importer(2089858483,0ecaa5967403d082aa24f35e1b516d23) Generated GUIDs only implemented for interfaces!
 -> (artifact id: 'f0b7ca08a7c23dce4d8d60295581f045') in 0.008995 seconds
Number of updated asset objects reloaded before import = 0
Number of asset objects unloaded after import = 3
========================================================================
Received Import Request.
  Time since last request: 0.000009 seconds.
  path: Assets/Imported Assets/Easy FPS/Scripts/PlayerMovementScript.cs
  artifactKey: Guid(97308ddfdff1d496cb759a41c819b13f) Importer(2089858483,0ecaa5967403d082aa24f35e1b516d23)
Start importing Assets/Imported Assets/Easy FPS/Scripts/PlayerMovementScript.cs using Guid(97308ddfdff1d496cb759a41c819b13f) Importer(2089858483,0ecaa5967403d082aa24f35e1b516d23) Generated GUIDs only implemented for interfaces!
 -> (artifact id: '54bef3124720e2e0edd073f562d8bfe3') in 0.006836 seconds
Number of updated asset objects reloaded before import = 0
Number of asset objects unloaded after import = 1
========================================================================
Received Import Request.
  Time since last request: 0.000088 seconds.
  path: Assets/Imported Assets/SpaceZeta_StreetLamps2/Materials/T_StreetLampRound2B_metallic.png
  artifactKey: Guid(d110414fcaeb3c046a0794262e059328) Importer(2089858483,0ecaa5967403d082aa24f35e1b516d23)
Start importing Assets/Imported Assets/SpaceZeta_StreetLamps2/Materials/T_StreetLampRound2B_metallic.png using Guid(d110414fcaeb3c046a0794262e059328) Importer(2089858483,0ecaa5967403d082aa24f35e1b516d23) Generated GUIDs only implemented for interfaces!
 -> (artifact id: '6e136d27be6ca628aed023a9daae3fdf') in 0.015708 seconds
Number of updated asset objects reloaded before import = 0
Number of asset objects unloaded after import = 1
========================================================================
Received Import Request.
  Time since last request: 0.000105 seconds.
  path: Assets/Imported Assets/Mess Maker Free/Materials/Beer Label Blue.mat
  artifactKey: Guid(a54ec300e0734614bbf766aa323f74e3) Importer(2089858483,0ecaa5967403d082aa24f35e1b516d23)
Start importing Assets/Imported Assets/Mess Maker Free/Materials/Beer Label Blue.mat using Guid(a54ec300e0734614bbf766aa323f74e3) Importer(2089858483,0ecaa5967403d082aa24f35e1b516d23) Generated GUIDs only implemented for interfaces!
 -> (artifact id: '3d87d10cfc30912fb8532c23840ef622') in 0.008485 seconds
Number of updated asset objects reloaded before import = 0
Number of asset objects unloaded after import = 2
========================================================================
Received Import Request.
  Time since last request: 0.000009 seconds.
  path: Assets/Imported Assets/Survivalist/Materials/Boots3_Skin3.mat
  artifactKey: Guid(a210e4596a34b764387336c54096ea70) Importer(2089858483,0ecaa5967403d082aa24f35e1b516d23)
Start importing Assets/Imported Assets/Survivalist/Materials/Boots3_Skin3.mat using Guid(a210e4596a34b764387336c54096ea70) Importer(2089858483,0ecaa5967403d082aa24f35e1b516d23) Generated GUIDs only implemented for interfaces!
 -> (artifact id: '0b73ce9cb2294cb94dff838fe31be0c2') in 0.010644 seconds
Number of updated asset objects reloaded before import = 0
Number of asset objects unloaded after import = 6
========================================================================
Received Import Request.
  Time since last request: 0.000008 seconds.
  path: Assets/Imported Assets/Mess Maker Free/Materials/Cheeseburger.mat
  artifactKey: Guid(2eca8f0c22069114dbbd46a2f7da3b24) Importer(2089858483,0ecaa5967403d082aa24f35e1b516d23)
Start importing Assets/Imported Assets/Mess Maker Free/Materials/Cheeseburger.mat using Guid(2eca8f0c22069114dbbd46a2f7da3b24) Importer(2089858483,0ecaa5967403d082aa24f35e1b516d23) Generated GUIDs only implemented for interfaces!
 -> (artifact id: 'e90c754523c36218e5d1765d5d21bf2d') in 0.009107 seconds
Number of updated asset objects reloaded before import = 0
Number of asset objects unloaded after import = 3
========================================================================
Received Import Request.
  Time since last request: 0.000008 seconds.
  path: Assets/Imported Assets/Simple Vehicle Pack/Models/police_car.FBX
  artifactKey: Guid(442255f864e16934790fbb3b49639885) Importer(2089858483,0ecaa5967403d082aa24f35e1b516d23)
Start importing Assets/Imported Assets/Simple Vehicle Pack/Models/police_car.FBX using Guid(442255f864e16934790fbb3b49639885) Importer(2089858483,0ecaa5967403d082aa24f35e1b516d23) Generated GUIDs only implemented for interfaces!
 -> (artifact id: '7fca8b8b07cbb8934252709da62ee2e0') in 0.011649 seconds
Number of updated asset objects reloaded before import = 0
Number of asset objects unloaded after import = 29
========================================================================
Received Import Request.
  Time since last request: 0.000009 seconds.
  path: Assets/Imported Assets/Mess Maker Free/Scripts/MessMaker.cs
  artifactKey: Guid(1fd6852bcdd1f7147bfa71851bf9bb9d) Importer(2089858483,0ecaa5967403d082aa24f35e1b516d23)
Start importing Assets/Imported Assets/Mess Maker Free/Scripts/MessMaker.cs using Guid(1fd6852bcdd1f7147bfa71851bf9bb9d) Importer(2089858483,0ecaa5967403d082aa24f35e1b516d23) Generated GUIDs only implemented for interfaces!
 -> (artifact id: '41f136a94d0596fb3270abdde201bd18') in 0.006653 seconds
Number of updated asset objects reloaded before import = 0
Number of asset objects unloaded after import = 1
========================================================================
Received Import Request.
  Time since last request: 0.000043 seconds.
  path: Assets/Imported Assets/Survivalist/Materials/Cap1_Skin3.mat
  artifactKey: Guid(96a5b189e0fdcb74b970135d97057d9a) Importer(2089858483,0ecaa5967403d082aa24f35e1b516d23)
Start importing Assets/Imported Assets/Survivalist/Materials/Cap1_Skin3.mat using Guid(96a5b189e0fdcb74b970135d97057d9a) Importer(2089858483,0ecaa5967403d082aa24f35e1b516d23) Generated GUIDs only implemented for interfaces!
 -> (artifact id: '7352dca4b0de6e8529e852a02b75bc70') in 0.011930 seconds
Number of updated asset objects reloaded before import = 0
Number of asset objects unloaded after import = 6
========================================================================
Received Import Request.
  Time since last request: 0.000007 seconds.
  path: Assets/Imported Assets/Simple Vehicle Pack/Prefabs/Bus_2.prefab
  artifactKey: Guid(34941e62fdb557544ada8af1b5333ae0) Importer(2089858483,0ecaa5967403d082aa24f35e1b516d23)
Start importing Assets/Imported Assets/Simple Vehicle Pack/Prefabs/Bus_2.prefab using Guid(34941e62fdb557544ada8af1b5333ae0) Importer(2089858483,0ecaa5967403d082aa24f35e1b516d23) Generated GUIDs only implemented for interfaces!
 -> (artifact id: '26eb2e2c7b2e300f0c168e6fd9829435') in 0.006841 seconds
Number of updated asset objects reloaded before import = 0
Number of asset objects unloaded after import = 29
========================================================================
Received Import Request.
  Time since last request: 0.000008 seconds.
  path: Assets/Imported Assets/Mess Maker Free/Materials/Beer Label Green.mat
  artifactKey: Guid(003b5559c89d64644b6922a14ee8d118) Importer(2089858483,0ecaa5967403d082aa24f35e1b516d23)
Start importing Assets/Imported Assets/Mess Maker Free/Materials/Beer Label Green.mat using Guid(003b5559c89d64644b6922a14ee8d118) Importer(2089858483,0ecaa5967403d082aa24f35e1b516d23) Generated GUIDs only implemented for interfaces!
 -> (artifact id: 'bd5779c101d9fada85dfe868b24f2c63') in 0.007336 seconds
Number of updated asset objects reloaded before import = 0
Number of asset objects unloaded after import = 2
========================================================================
Received Import Request.
  Time since last request: 0.000055 seconds.
  path: Assets/Imported Assets/SpaceZeta_StreetLamps2/Materials/T_StreetLampRound1A_roughness.png
  artifactKey: Guid(770de1fffe66ce4419c4e894d69ffd0d) Importer(2089858483,0ecaa5967403d082aa24f35e1b516d23)
Start importing Assets/Imported Assets/SpaceZeta_StreetLamps2/Materials/T_StreetLampRound1A_roughness.png using Guid(770de1fffe66ce4419c4e894d69ffd0d) Importer(2089858483,0ecaa5967403d082aa24f35e1b516d23) Generated GUIDs only implemented for interfaces!
 -> (artifact id: '5b7f99e44024b72ef871d221acd56f16') in 0.015597 seconds
Number of updated asset objects reloaded before import = 0
Number of asset objects unloaded after import = 1
========================================================================
Received Import Request.
  Time since last request: 0.000077 seconds.
  path: Assets/Imported Assets/Simple Vehicle Pack/Materials/Cars_2.mat
  artifactKey: Guid(aa87e04130195564ba9a4d334968abc1) Importer(2089858483,0ecaa5967403d082aa24f35e1b516d23)
Start importing Assets/Imported Assets/Simple Vehicle Pack/Materials/Cars_2.mat using Guid(aa87e04130195564ba9a4d334968abc1) Importer(2089858483,0ecaa5967403d082aa24f35e1b516d23) Generated GUIDs only implemented for interfaces!
 -> (artifact id: 'fbf28b8fdf87812cee3a6b63862237b0') in 0.009394 seconds
Number of updated asset objects reloaded before import = 0
Number of asset objects unloaded after import = 4
========================================================================
Received Import Request.
  Time since last request: 0.000007 seconds.
  path: Assets/Imported Assets/Survivalist/Materials/Pouches1_Skin1.mat
  artifactKey: Guid(66281e6f4c3b1b34d8046c9fdea8fa9f) Importer(2089858483,0ecaa5967403d082aa24f35e1b516d23)
Start importing Assets/Imported Assets/Survivalist/Materials/Pouches1_Skin1.mat using Guid(66281e6f4c3b1b34d8046c9fdea8fa9f) Importer(2089858483,0ecaa5967403d082aa24f35e1b516d23) Generated GUIDs only implemented for interfaces!
 -> (artifact id: '1985ea395480bf8958563126f074c2f0') in 0.012194 seconds
Number of updated asset objects reloaded before import = 0
Number of asset objects unloaded after import = 6
========================================================================
Received Import Request.
  Time since last request: 0.000009 seconds.
  path: Assets/Imported Assets/SpaceZeta_StreetLamps2/Materials/T_StreetLampRound1A_basecolor.png
  artifactKey: Guid(d4e2e560e008ecd40b2abd7b884d2812) Importer(2089858483,0ecaa5967403d082aa24f35e1b516d23)
Start importing Assets/Imported Assets/SpaceZeta_StreetLamps2/Materials/T_StreetLampRound1A_basecolor.png using Guid(d4e2e560e008ecd40b2abd7b884d2812) Importer(2089858483,0ecaa5967403d082aa24f35e1b516d23) Generated GUIDs only implemented for interfaces!
 -> (artifact id: 'a62d94a1caeb468a1ab55ce15230645a') in 0.017527 seconds
Number of updated asset objects reloaded before import = 0
Number of asset objects unloaded after import = 1
========================================================================
Received Import Request.
  Time since last request: 0.000011 seconds.
  path: Assets/Imported Assets/Patio_table/Prefab/Patio_table_unity.prefab
  artifactKey: Guid(ebfedbd5958bee14092128f8fe8aeaa7) Importer(2089858483,0ecaa5967403d082aa24f35e1b516d23)
Start importing Assets/Imported Assets/Patio_table/Prefab/Patio_table_unity.prefab using Guid(ebfedbd5958bee14092128f8fe8aeaa7) Importer(2089858483,0ecaa5967403d082aa24f35e1b516d23) Generated GUIDs only implemented for interfaces!
 -> (artifact id: 'c88da77d92c85929ef08ef7d9e04414d') in 0.007992 seconds
Number of updated asset objects reloaded before import = 0
Number of asset objects unloaded after import = 8
========================================================================
Received Import Request.
  Time since last request: 0.000048 seconds.
  path: Assets/Imported Assets/Mess Maker Free/Prefabs/Mess Maker Poole High Poly.prefab
  artifactKey: Guid(d9c7cf1a6a245e04f9d819e9df397dbc) Importer(2089858483,0ecaa5967403d082aa24f35e1b516d23)
Start importing Assets/Imported Assets/Mess Maker Free/Prefabs/Mess Maker Poole High Poly.prefab using Guid(d9c7cf1a6a245e04f9d819e9df397dbc) Importer(2089858483,0ecaa5967403d082aa24f35e1b516d23) Generated GUIDs only implemented for interfaces!
 -> (artifact id: 'e075ad2ef0989823f0e6fa964ad51a20') in 0.017982 seconds
Number of updated asset objects reloaded before import = 0
Number of asset objects unloaded after import = 389
========================================================================
Received Import Request.
  Time since last request: 0.000008 seconds.
  path: Assets/Imported Assets/Kevin Iglesias/Human Animations/Human Basic Motions 2.4 FREE.pdf
  artifactKey: Guid(9fefcdfef4f1bde45bef8b66dd81e417) Importer(2089858483,0ecaa5967403d082aa24f35e1b516d23)
Start importing Assets/Imported Assets/Kevin Iglesias/Human Animations/Human Basic Motions 2.4 FREE.pdf using Guid(9fefcdfef4f1bde45bef8b66dd81e417) Importer(2089858483,0ecaa5967403d082aa24f35e1b516d23) Generated GUIDs only implemented for interfaces!
 -> (artifact id: '34e06d9ee8a9fba8258407f5c21906b4') in 0.006252 seconds
Number of updated asset objects reloaded before import = 0
Number of asset objects unloaded after import = 1
========================================================================
Received Import Request.
  Time since last request: 0.000033 seconds.
  path: Assets/Imported Assets/Patio_table/Scene/Sample_scene.unity
  artifactKey: Guid(ce2f87470a45f084a9037f67573a6650) Importer(2089858483,0ecaa5967403d082aa24f35e1b516d23)
Start importing Assets/Imported Assets/Patio_table/Scene/Sample_scene.unity using Guid(ce2f87470a45f084a9037f67573a6650) Importer(2089858483,0ecaa5967403d082aa24f35e1b516d23) Generated GUIDs only implemented for interfaces!
 -> (artifact id: '5815ff9ad8ffe7a3f8b23460334997b2') in 0.005758 seconds
Number of updated asset objects reloaded before import = 0
Number of asset objects unloaded after import = 1
========================================================================
Received Import Request.
  Time since last request: 0.007065 seconds.
  path: Assets/Imported Assets/Survivalist/Materials/Pouches1_Skin2.mat
  artifactKey: Guid(fd4594c9614f0424da87b142d7d3801c) Importer(2089858483,0ecaa5967403d082aa24f35e1b516d23)
Start importing Assets/Imported Assets/Survivalist/Materials/Pouches1_Skin2.mat using Guid(fd4594c9614f0424da87b142d7d3801c) Importer(2089858483,0ecaa5967403d082aa24f35e1b516d23) Generated GUIDs only implemented for interfaces!
 -> (artifact id: '540cbafbbf533cdc13428f733fea0f30') in 0.016118 seconds
Number of updated asset objects reloaded before import = 0
Number of asset objects unloaded after import = 6
========================================================================
Received Import Request.
  Time since last request: 0.000011 seconds.
  path: Assets/Imported Assets/Survivalist/Materials URP/URP_Cap1_Skin1.mat
  artifactKey: Guid(9e2e0aa2d3552f44ca191a0594ed99fc) Importer(2089858483,0ecaa5967403d082aa24f35e1b516d23)
Start importing Assets/Imported Assets/Survivalist/Materials URP/URP_Cap1_Skin1.mat using Guid(9e2e0aa2d3552f44ca191a0594ed99fc) Importer(2089858483,0ecaa5967403d082aa24f35e1b516d23) Generated GUIDs only implemented for interfaces!
 -> (artifact id: '45ee42db07d75e6ac844d511abf52ba7') in 0.006840 seconds
Number of updated asset objects reloaded before import = 0
Number of asset objects unloaded after import = 1
========================================================================
Received Import Request.
  Time since last request: 0.000039 seconds.
  path: Assets/Imported Assets/Survivalist/Materials HDRP/HDRP_FPS_Hands1_Skin1.mat
  artifactKey: Guid(443cc63146bff3b44b314de406e8d507) Importer(2089858483,0ecaa5967403d082aa24f35e1b516d23)
Start importing Assets/Imported Assets/Survivalist/Materials HDRP/HDRP_FPS_Hands1_Skin1.mat using Guid(443cc63146bff3b44b314de406e8d507) Importer(2089858483,0ecaa5967403d082aa24f35e1b516d23) Generated GUIDs only implemented for interfaces!
 -> (artifact id: '2a723c0ca12569e73cfb1e2d295df62e') in 0.007889 seconds
Number of updated asset objects reloaded before import = 0
Number of asset objects unloaded after import = 1
========================================================================
Received Import Request.
  Time since last request: 0.000049 seconds.
  path: Assets/Imported Assets/Survivalist/Prefab/PlayerArmature.prefab
  artifactKey: Guid(76b9d8179905d454e9bf6dcc847231ce) Importer(2089858483,0ecaa5967403d082aa24f35e1b516d23)
Start importing Assets/Imported Assets/Survivalist/Prefab/PlayerArmature.prefab using Guid(76b9d8179905d454e9bf6dcc847231ce) Importer(2089858483,0ecaa5967403d082aa24f35e1b516d23) Generated GUIDs only implemented for interfaces!
 -> (artifact id: '130ad99743fa75fda1f5b69c7ea088e0') in 0.021685 seconds
Number of updated asset objects reloaded before import = 0
Number of asset objects unloaded after import = 358
========================================================================
Received Import Request.
  Time since last request: 0.000008 seconds.
  path: Assets/Imported Assets/Survivalist/Materials URP/URP_Pouches1_Skin1.mat
  artifactKey: Guid(67185e5c94b5e1a4b8b70464ea42260f) Importer(2089858483,0ecaa5967403d082aa24f35e1b516d23)
Start importing Assets/Imported Assets/Survivalist/Materials URP/URP_Pouches1_Skin1.mat using Guid(67185e5c94b5e1a4b8b70464ea42260f) Importer(2089858483,0ecaa5967403d082aa24f35e1b516d23) Generated GUIDs only implemented for interfaces!
 -> (artifact id: 'bb52fedc90e4cc730196d2be1f72d8df') in 0.007579 seconds
Number of updated asset objects reloaded before import = 0
Number of asset objects unloaded after import = 1
========================================================================
Received Import Request.
  Time since last request: 0.000032 seconds.
  path: Assets/Imported Assets/AllSkyFree/_AllSkyFreeDemoEnvironment/Materials/AllSkyDemoEnv_SphereSkyReflect.mat
  artifactKey: Guid(6b37186f17556447eb6746e517892110) Importer(2089858483,0ecaa5967403d082aa24f35e1b516d23)
Start importing Assets/Imported Assets/AllSkyFree/_AllSkyFreeDemoEnvironment/Materials/AllSkyDemoEnv_SphereSkyReflect.mat using Guid(6b37186f17556447eb6746e517892110) Importer(2089858483,0ecaa5967403d082aa24f35e1b516d23) Generated GUIDs only implemented for interfaces!
 -> (artifact id: '2fa7ff18c9aa8da18b45608f9bf194b6') in 0.007669 seconds
Number of updated asset objects reloaded before import = 0
Number of asset objects unloaded after import = 1
========================================================================
Received Import Request.
  Time since last request: 0.000061 seconds.
  path: Assets/Imported Assets/Survivalist/Materials HDRP/HDRP_Vest1_Skin2.mat
  artifactKey: Guid(80ea27ed5b44dcc4fa4eb46a7cfcce44) Importer(2089858483,0ecaa5967403d082aa24f35e1b516d23)
Start importing Assets/Imported Assets/Survivalist/Materials HDRP/HDRP_Vest1_Skin2.mat using Guid(80ea27ed5b44dcc4fa4eb46a7cfcce44) Importer(2089858483,0ecaa5967403d082aa24f35e1b516d23) Generated GUIDs only implemented for interfaces!
 -> (artifact id: 'b321413cbd5e9ffa8879a70d3dc23337') in 0.006504 seconds
Number of updated asset objects reloaded before import = 0
Number of asset objects unloaded after import = 1
========================================================================
Received Import Request.
  Time since last request: 0.000045 seconds.
  path: Assets/Imported Assets/AllSkyFree/_AllSkyFreeDemoEnvironment/Materials/AllSkyDemoEnv_MountainGlow.mat
  artifactKey: Guid(1d924399aa96d4378b9c507b7669a4f4) Importer(2089858483,0ecaa5967403d082aa24f35e1b516d23)
Start importing Assets/Imported Assets/AllSkyFree/_AllSkyFreeDemoEnvironment/Materials/AllSkyDemoEnv_MountainGlow.mat using Guid(1d924399aa96d4378b9c507b7669a4f4) Importer(2089858483,0ecaa5967403d082aa24f35e1b516d23) Generated GUIDs only implemented for interfaces!
 -> (artifact id: '3e5bf86ca7ecc8dad5212385f3c30cfe') in 0.007130 seconds
Number of updated asset objects reloaded before import = 0
Number of asset objects unloaded after import = 1
========================================================================
Received Import Request.
  Time since last request: 0.000009 seconds.
  path: Assets/Imported Assets/Survivalist/Materials URP/URP_Head1.mat
  artifactKey: Guid(e4a33c71948b6a846b08d647bb62280c) Importer(2089858483,0ecaa5967403d082aa24f35e1b516d23)
Start importing Assets/Imported Assets/Survivalist/Materials URP/URP_Head1.mat using Guid(e4a33c71948b6a846b08d647bb62280c) Importer(2089858483,0ecaa5967403d082aa24f35e1b516d23) Generated GUIDs only implemented for interfaces!
 -> (artifact id: '93918b71a5e828673edb07e03c9de478') in 0.007308 seconds
Number of updated asset objects reloaded before import = 0
Number of asset objects unloaded after import = 1
========================================================================
Received Import Request.
  Time since last request: 0.000064 seconds.
  path: Assets/Imported Assets/ARCADE - FREE Racing Car/Materials/Color Variations/AFRC_Mat_Col4.mat
  artifactKey: Guid(104696f8b5f23d24586d858b68916bdc) Importer(2089858483,0ecaa5967403d082aa24f35e1b516d23)
Start importing Assets/Imported Assets/ARCADE - FREE Racing Car/Materials/Color Variations/AFRC_Mat_Col4.mat using Guid(104696f8b5f23d24586d858b68916bdc) Importer(2089858483,0ecaa5967403d082aa24f35e1b516d23) Generated GUIDs only implemented for interfaces!
 -> (artifact id: '212253679f798ddb68a8522cbe982a58') in 0.017914 seconds
Number of updated asset objects reloaded before import = 0
Number of asset objects unloaded after import = 2
========================================================================
Received Import Request.
  Time since last request: 0.000008 seconds.
  path: Assets/Imported Assets/Survivalist/Materials URP/URP_Backpack1_Skin3.mat
  artifactKey: Guid(bc58aa514ab258f4893db2112f1454c6) Importer(2089858483,0ecaa5967403d082aa24f35e1b516d23)
Start importing Assets/Imported Assets/Survivalist/Materials URP/URP_Backpack1_Skin3.mat using Guid(bc58aa514ab258f4893db2112f1454c6) Importer(2089858483,0ecaa5967403d082aa24f35e1b516d23) Generated GUIDs only implemented for interfaces!
 -> (artifact id: '0439bfd744f172a0e2315dbb7d908f03') in 0.007474 seconds
Number of updated asset objects reloaded before import = 0
Number of asset objects unloaded after import = 1
========================================================================
Received Import Request.
  Time since last request: 0.000036 seconds.
  path: Assets/Imported Assets/Easy FPS/Images/Materials/bloodColor.mat
  artifactKey: Guid(8d9ea170b1f707e4b8c201442ccaf92c) Importer(2089858483,0ecaa5967403d082aa24f35e1b516d23)
Start importing Assets/Imported Assets/Easy FPS/Images/Materials/bloodColor.mat using Guid(8d9ea170b1f707e4b8c201442ccaf92c) Importer(2089858483,0ecaa5967403d082aa24f35e1b516d23) Generated GUIDs only implemented for interfaces!
 -> (artifact id: '4c66d62ef5ddb0a21a236deea7cb24e9') in 0.006840 seconds
Number of updated asset objects reloaded before import = 0
Number of asset objects unloaded after import = 1
========================================================================
Received Import Request.
  Time since last request: 0.000050 seconds.
  path: Assets/Imported Assets/Survivalist/Materials HDRP/HDRP_Pouches1_Skin3.mat
  artifactKey: Guid(e105ed8a7c64859449c86b4a90e6149b) Importer(2089858483,0ecaa5967403d082aa24f35e1b516d23)
Start importing Assets/Imported Assets/Survivalist/Materials HDRP/HDRP_Pouches1_Skin3.mat using Guid(e105ed8a7c64859449c86b4a90e6149b) Importer(2089858483,0ecaa5967403d082aa24f35e1b516d23) Generated GUIDs only implemented for interfaces!
 -> (artifact id: '57db6c2915cc349bf18fb44efd245d42') in 0.006589 seconds
Number of updated asset objects reloaded before import = 0
Number of asset objects unloaded after import = 1
========================================================================
Received Import Request.
  Time since last request: 0.000125 seconds.
  path: Assets/Imported Assets/Survivalist/Prefab/Survivalist (2).prefab
  artifactKey: Guid(bae3b6da9f558a04994badd5424cbd6f) Importer(2089858483,0ecaa5967403d082aa24f35e1b516d23)
Start importing Assets/Imported Assets/Survivalist/Prefab/Survivalist (2).prefab using Guid(bae3b6da9f558a04994badd5424cbd6f) Importer(2089858483,0ecaa5967403d082aa24f35e1b516d23) Generated GUIDs only implemented for interfaces!
 -> (artifact id: 'd916b10ca467617b48d46cd3dfa55dce') in 0.013519 seconds
Number of updated asset objects reloaded before import = 0
Number of asset objects unloaded after import = 186
========================================================================
Received Import Request.
  Time since last request: 0.000008 seconds.
  path: Assets/Imported Assets/Survivalist/StarterAssets/license.txt
  artifactKey: Guid(b846ecad8a98bd34dba8a5daf996d86e) Importer(2089858483,0ecaa5967403d082aa24f35e1b516d23)
Start importing Assets/Imported Assets/Survivalist/StarterAssets/license.txt using Guid(b846ecad8a98bd34dba8a5daf996d86e) Importer(2089858483,0ecaa5967403d082aa24f35e1b516d23) Generated GUIDs only implemented for interfaces!
 -> (artifact id: '0ecca08c4a5b0329a0dffebf76585390') in 0.010369 seconds
Number of updated asset objects reloaded before import = 0
Number of asset objects unloaded after import = 1
========================================================================
Received Import Request.
  Time since last request: 0.000066 seconds.
  path: Assets/Imported Assets/ARCADE - FREE Racing Car/Textures/Color Variations/AFRC_Tex_Col2.png
  artifactKey: Guid(6242e2ca19f64494ba8e4ae07a3a2c39) Importer(2089858483,0ecaa5967403d082aa24f35e1b516d23)
Start importing Assets/Imported Assets/ARCADE - FREE Racing Car/Textures/Color Variations/AFRC_Tex_Col2.png using Guid(6242e2ca19f64494ba8e4ae07a3a2c39) Importer(2089858483,0ecaa5967403d082aa24f35e1b516d23) Generated GUIDs only implemented for interfaces!
 -> (artifact id: 'a28845a369fc7c85c81961c9d0f8ab5f') in 0.014724 seconds
Number of updated asset objects reloaded before import = 0
Number of asset objects unloaded after import = 1
========================================================================
Received Import Request.
  Time since last request: 0.000043 seconds.
  path: Assets/Imported Assets/Survivalist/Prefab/FPS_Survivalist (1).prefab
  artifactKey: Guid(8fc0faafcb8253844b019baf5e1f16c2) Importer(2089858483,0ecaa5967403d082aa24f35e1b516d23)
Start importing Assets/Imported Assets/Survivalist/Prefab/FPS_Survivalist (1).prefab using Guid(8fc0faafcb8253844b019baf5e1f16c2) Importer(2089858483,0ecaa5967403d082aa24f35e1b516d23) Generated GUIDs only implemented for interfaces!
 -> (artifact id: 'c7e7e10f277e4d24335ecc737603732b') in 0.014425 seconds
Number of updated asset objects reloaded before import = 0
Number of asset objects unloaded after import = 186
========================================================================
Received Import Request.
  Time since last request: 0.000012 seconds.
  path: Assets/Imported Assets/ARCADE - FREE Racing Car/Materials/Color Variations/AFRC_Mat_Col2.mat
  artifactKey: Guid(d2344366b80fe3d4f886ec412e0174fa) Importer(2089858483,0ecaa5967403d082aa24f35e1b516d23)
Start importing Assets/Imported Assets/ARCADE - FREE Racing Car/Materials/Color Variations/AFRC_Mat_Col2.mat using Guid(d2344366b80fe3d4f886ec412e0174fa) Importer(2089858483,0ecaa5967403d082aa24f35e1b516d23) Generated GUIDs only implemented for interfaces!
 -> (artifact id: '85d05c6eb7366f722b1cf65e5cb815fb') in 0.008768 seconds
Number of updated asset objects reloaded before import = 0
Number of asset objects unloaded after import = 2
========================================================================
Received Import Request.
  Time since last request: 0.000008 seconds.
  path: Assets/Imported Assets/AllSkyFree/_AllSkyFreeDemoEnvironment/Materials/AllSkyDemoEnv_LightMetal.mat
  artifactKey: Guid(3e33a38e2349f447d9fb9ae62269009c) Importer(2089858483,0ecaa5967403d082aa24f35e1b516d23)
Start importing Assets/Imported Assets/AllSkyFree/_AllSkyFreeDemoEnvironment/Materials/AllSkyDemoEnv_LightMetal.mat using Guid(3e33a38e2349f447d9fb9ae62269009c) Importer(2089858483,0ecaa5967403d082aa24f35e1b516d23) Generated GUIDs only implemented for interfaces!
 -> (artifact id: '8bd1dc59c37a46d4d8c846ef656f3c5d') in 0.008519 seconds
Number of updated asset objects reloaded before import = 0
Number of asset objects unloaded after import = 1
========================================================================
Received Import Request.
  Time since last request: 0.000028 seconds.
  path: Assets/Imported Assets/Survivalist/Materials URP/URP_Cap1_Skin2.mat
  artifactKey: Guid(395fd9fdae985024b8e9c65ed877cfce) Importer(2089858483,0ecaa5967403d082aa24f35e1b516d23)
Start importing Assets/Imported Assets/Survivalist/Materials URP/URP_Cap1_Skin2.mat using Guid(395fd9fdae985024b8e9c65ed877cfce) Importer(2089858483,0ecaa5967403d082aa24f35e1b516d23) Generated GUIDs only implemented for interfaces!
 -> (artifact id: 'a01b570ccacba5e37dc71b1cbf6d1681') in 0.007544 seconds
Number of updated asset objects reloaded before import = 0
Number of asset objects unloaded after import = 1
========================================================================
Received Import Request.
  Time since last request: 0.000039 seconds.
  path: Assets/Imported Assets/Survivalist/Prefab/Survivalist (4).prefab
  artifactKey: Guid(2fc773a5e63399340957bc7dcff6b22e) Importer(2089858483,0ecaa5967403d082aa24f35e1b516d23)
Start importing Assets/Imported Assets/Survivalist/Prefab/Survivalist (4).prefab using Guid(2fc773a5e63399340957bc7dcff6b22e) Importer(2089858483,0ecaa5967403d082aa24f35e1b516d23) Generated GUIDs only implemented for interfaces!
 -> (artifact id: '4b9a01b406e9e18cb3d174810df4ce48') in 0.012247 seconds
Number of updated asset objects reloaded before import = 0
Number of asset objects unloaded after import = 186
========================================================================
Received Import Request.
  Time since last request: 0.000009 seconds.
  path: Assets/Imported Assets/Easy FPS/MuzzelFlash/MuzzlePrefabs/muzzelFlash 02.prefab
  artifactKey: Guid(487eef9aff9d0f543836d5af5ab26430) Importer(2089858483,0ecaa5967403d082aa24f35e1b516d23)
Start importing Assets/Imported Assets/Easy FPS/MuzzelFlash/MuzzlePrefabs/muzzelFlash 02.prefab using Guid(487eef9aff9d0f543836d5af5ab26430) Importer(2089858483,0ecaa5967403d082aa24f35e1b516d23) Generated GUIDs only implemented for interfaces!
 -> (artifact id: '29e466d51d69577f08b8acbcd2235068') in 0.012137 seconds
Number of updated asset objects reloaded before import = 0
Number of asset objects unloaded after import = 8
========================================================================
Received Import Request.
  Time since last request: 0.000044 seconds.
  path: Assets/Imported Assets/Survivalist/Materials HDRP/HDRP_Pants2_Skin3.mat
  artifactKey: Guid(315b9206d1b6e5841aa9209f2e1f8b92) Importer(2089858483,0ecaa5967403d082aa24f35e1b516d23)
Start importing Assets/Imported Assets/Survivalist/Materials HDRP/HDRP_Pants2_Skin3.mat using Guid(315b9206d1b6e5841aa9209f2e1f8b92) Importer(2089858483,0ecaa5967403d082aa24f35e1b516d23) Generated GUIDs only implemented for interfaces!
 -> (artifact id: '4a6e1520c4412bd9e7b9a4dae0a76b42') in 0.007087 seconds
Number of updated asset objects reloaded before import = 0
Number of asset objects unloaded after import = 1
========================================================================
Received Import Request.
  Time since last request: 0.000052 seconds.
  path: Assets/Imported Assets/Survivalist/Prefab/Survivalist (1).prefab
  artifactKey: Guid(29275473dc42c1a499187925872e54cb) Importer(2089858483,0ecaa5967403d082aa24f35e1b516d23)
Start importing Assets/Imported Assets/Survivalist/Prefab/Survivalist (1).prefab using Guid(29275473dc42c1a499187925872e54cb) Importer(2089858483,0ecaa5967403d082aa24f35e1b516d23) Generated GUIDs only implemented for interfaces!
 -> (artifact id: '4798b31eac4ef505bad9d6c1fc5ee57a') in 0.014678 seconds
Number of updated asset objects reloaded before import = 0
Number of asset objects unloaded after import = 186
========================================================================
Received Import Request.
  Time since last request: 0.000009 seconds.
  path: Assets/Imported Assets/Easy FPS/MuzzelFlash/MuzzlePrefabs/muzzelFlash 03.prefab
  artifactKey: Guid(7b6a7e40bd9ccc0489274923930761c7) Importer(2089858483,0ecaa5967403d082aa24f35e1b516d23)
Start importing Assets/Imported Assets/Easy FPS/MuzzelFlash/MuzzlePrefabs/muzzelFlash 03.prefab using Guid(7b6a7e40bd9ccc0489274923930761c7) Importer(2089858483,0ecaa5967403d082aa24f35e1b516d23) Generated GUIDs only implemented for interfaces!
 -> (artifact id: '5d317c5f3cd97e582f28950885417cc3') in 0.010246 seconds
Number of updated asset objects reloaded before import = 0
Number of asset objects unloaded after import = 8
========================================================================
Received Import Request.
  Time since last request: 0.000038 seconds.
  path: Assets/Imported Assets/Easy FPS/Images/Materials/bluegrid.mat
  artifactKey: Guid(d61579b9d3e87427ebfa66fd56911885) Importer(2089858483,0ecaa5967403d082aa24f35e1b516d23)
Start importing Assets/Imported Assets/Easy FPS/Images/Materials/bluegrid.mat using Guid(d61579b9d3e87427ebfa66fd56911885) Importer(2089858483,0ecaa5967403d082aa24f35e1b516d23) Generated GUIDs only implemented for interfaces!
 -> (artifact id: '6120e846926438deda0f13a4ad1961f8') in 0.008116 seconds
Number of updated asset objects reloaded before import = 0
Number of asset objects unloaded after import = 2
========================================================================
Received Import Request.
  Time since last request: 0.000011 seconds.
  path: Assets/Imported Assets/ARCADE - FREE Racing Car/Materials/Color Variations/AFRC_Mat_Col3.mat
  artifactKey: Guid(c4c2ee3e832cffd48bb9d156c2b21376) Importer(2089858483,0ecaa5967403d082aa24f35e1b516d23)
Start importing Assets/Imported Assets/ARCADE - FREE Racing Car/Materials/Color Variations/AFRC_Mat_Col3.mat using Guid(c4c2ee3e832cffd48bb9d156c2b21376) Importer(2089858483,0ecaa5967403d082aa24f35e1b516d23) Generated GUIDs only implemented for interfaces!
 -> (artifact id: '2dd608fb367d3681908de412fdc1e462') in 0.008516 seconds
Number of updated asset objects reloaded before import = 0
Number of asset objects unloaded after import = 2
========================================================================
Received Import Request.
  Time since last request: 0.000008 seconds.
  path: Assets/TextMesh Pro/Resources/Fonts & Materials/LiberationSans SDF - Drop Shadow.mat
  artifactKey: Guid(e73a58f6e2794ae7b1b7e50b7fb811b0) Importer(2089858483,0ecaa5967403d082aa24f35e1b516d23)
Start importing Assets/TextMesh Pro/Resources/Fonts & Materials/LiberationSans SDF - Drop Shadow.mat using Guid(e73a58f6e2794ae7b1b7e50b7fb811b0) Importer(2089858483,0ecaa5967403d082aa24f35e1b516d23) Generated GUIDs only implemented for interfaces!
 -> (artifact id: 'd10f9b0f93c13f9597812c91b2e433f1') in 0.014793 seconds
Number of updated asset objects reloaded before import = 0
Number of asset objects unloaded after import = 2
========================================================================
Received Import Request.
  Time since last request: 0.000010 seconds.
  path: Assets/Imported Assets/Survivalist/Settings/LightingData.asset
  artifactKey: Guid(917f0db4134e8e445a4f04346ea486ea) Importer(2089858483,0ecaa5967403d082aa24f35e1b516d23)
Start importing Assets/Imported Assets/Survivalist/Settings/LightingData.asset using Guid(917f0db4134e8e445a4f04346ea486ea) Importer(2089858483,0ecaa5967403d082aa24f35e1b516d23) Generated GUIDs only implemented for interfaces!
 -> (artifact id: '6569c9685b1f2ac0ad95bef6501224b6') in 0.010887 seconds
Number of updated asset objects reloaded before import = 0
Number of asset objects unloaded after import = 2
========================================================================
Received Import Request.
  Time since last request: 0.000008 seconds.
  path: Assets/Imported Assets/Survivalist/Materials/Shirt3_Skin1.mat
  artifactKey: Guid(8f39a9a3bee8af04889e87c953c40533) Importer(2089858483,0ecaa5967403d082aa24f35e1b516d23)
Start importing Assets/Imported Assets/Survivalist/Materials/Shirt3_Skin1.mat using Guid(8f39a9a3bee8af04889e87c953c40533) Importer(2089858483,0ecaa5967403d082aa24f35e1b516d23) Generated GUIDs only implemented for interfaces!
 -> (artifact id: 'd074469fcec4181f33861b915b9e6246') in 0.014011 seconds
Number of updated asset objects reloaded before import = 0
Number of asset objects unloaded after import = 6
========================================================================
Received Import Request.
  Time since last request: 0.000008 seconds.
  path: Assets/Imported Assets/AllSkyFree/_AllSkyFreeDemoEnvironment/Materials/AllSkyDemoEnv_Rock.mat
  artifactKey: Guid(bfe0cbb8b308b4a40a8f309f516eede2) Importer(2089858483,0ecaa5967403d082aa24f35e1b516d23)
Start importing Assets/Imported Assets/AllSkyFree/_AllSkyFreeDemoEnvironment/Materials/AllSkyDemoEnv_Rock.mat using Guid(bfe0cbb8b308b4a40a8f309f516eede2) Importer(2089858483,0ecaa5967403d082aa24f35e1b516d23) Generated GUIDs only implemented for interfaces!
 -> (artifact id: '0de3f4f433e4854537e424a94746bcf4') in 0.006672 seconds
Number of updated asset objects reloaded before import = 0
Number of asset objects unloaded after import = 1
========================================================================
Received Import Request.
  Time since last request: 0.000030 seconds.
  path: Assets/Imported Assets/ARCADE - FREE Racing Car/Textures/Color Variations/AFRC_Tex_Col1.png
  artifactKey: Guid(8c508eea1762dd44cbf66593e03a6b04) Importer(2089858483,0ecaa5967403d082aa24f35e1b516d23)
Start importing Assets/Imported Assets/ARCADE - FREE Racing Car/Textures/Color Variations/AFRC_Tex_Col1.png using Guid(8c508eea1762dd44cbf66593e03a6b04) Importer(2089858483,0ecaa5967403d082aa24f35e1b516d23) Generated GUIDs only implemented for interfaces!
 -> (artifact id: '410fbfbce10006fb2eb8b28d57fd2233') in 0.014490 seconds
Number of updated asset objects reloaded before import = 0
Number of asset objects unloaded after import = 1
========================================================================
Received Import Request.
  Time since last request: 0.000046 seconds.
  path: Assets/Imported Assets/AllSkyFree/_AllSkyFreeDemoEnvironment/Materials/AllSkyDemoEnv_Landscape.mat
  artifactKey: Guid(010dd68491d1d4a1692a6d2272e5cb69) Importer(2089858483,0ecaa5967403d082aa24f35e1b516d23)
Start importing Assets/Imported Assets/AllSkyFree/_AllSkyFreeDemoEnvironment/Materials/AllSkyDemoEnv_Landscape.mat using Guid(010dd68491d1d4a1692a6d2272e5cb69) Importer(2089858483,0ecaa5967403d082aa24f35e1b516d23) Generated GUIDs only implemented for interfaces!
 -> (artifact id: '8b80c7b870bf8c35aa0ba6f8372ba41a') in 0.006456 seconds
Number of updated asset objects reloaded before import = 0
Number of asset objects unloaded after import = 1
========================================================================
Received Import Request.
  Time since last request: 0.000058 seconds.
  path: Assets/Imported Assets/Easy FPS/Model_Animations_Textures/main character/FPS_Character_prefab.prefab
  artifactKey: Guid(13c46916fa552fb4e846d566e8b3a073) Importer(2089858483,0ecaa5967403d082aa24f35e1b516d23)
Start importing Assets/Imported Assets/Easy FPS/Model_Animations_Textures/main character/FPS_Character_prefab.prefab using Guid(13c46916fa552fb4e846d566e8b3a073) Importer(2089858483,0ecaa5967403d082aa24f35e1b516d23) Generated GUIDs only implemented for interfaces!
 -> (artifact id: 'b37c120762e40e3fe01292bf4b402e50') in 0.013083 seconds
Number of updated asset objects reloaded before import = 0
Number of asset objects unloaded after import = 163
========================================================================
Received Import Request.
  Time since last request: 0.000007 seconds.
  path: Assets/Imported Assets/Survivalist/Materials HDRP/HDRP_Backpack1_Skin2.mat
  artifactKey: Guid(0d9334c000a0e324f8770aaa8ab318b4) Importer(2089858483,0ecaa5967403d082aa24f35e1b516d23)
Start importing Assets/Imported Assets/Survivalist/Materials HDRP/HDRP_Backpack1_Skin2.mat using Guid(0d9334c000a0e324f8770aaa8ab318b4) Importer(2089858483,0ecaa5967403d082aa24f35e1b516d23) Generated GUIDs only implemented for interfaces!
 -> (artifact id: 'dfa09f6330fd33e4240e1cbd45179db8') in 0.006621 seconds
Number of updated asset objects reloaded before import = 0
Number of asset objects unloaded after import = 1
========================================================================
Received Import Request.
  Time since last request: 0.000008 seconds.
  path: Assets/Imported Assets/Survivalist/Materials HDRP/HDRP_Cap1_Skin1.mat
  artifactKey: Guid(0391a74cc3107a84f8c186625497d992) Importer(2089858483,0ecaa5967403d082aa24f35e1b516d23)
Start importing Assets/Imported Assets/Survivalist/Materials HDRP/HDRP_Cap1_Skin1.mat using Guid(0391a74cc3107a84f8c186625497d992) Importer(2089858483,0ecaa5967403d082aa24f35e1b516d23) Generated GUIDs only implemented for interfaces!
 -> (artifact id: '9322359833e1764360ab847c89c73a34') in 0.006690 seconds
Number of updated asset objects reloaded before import = 0
Number of asset objects unloaded after import = 1
========================================================================
Received Import Request.
  Time since last request: 0.000020 seconds.
  path: Assets/Imported Assets/Survivalist/Materials/Vest1_Skin3.mat
  artifactKey: Guid(0965979b013b68345a68889b01fdc0e8) Importer(2089858483,0ecaa5967403d082aa24f35e1b516d23)
Start importing Assets/Imported Assets/Survivalist/Materials/Vest1_Skin3.mat using Guid(0965979b013b68345a68889b01fdc0e8) Importer(2089858483,0ecaa5967403d082aa24f35e1b516d23) Generated GUIDs only implemented for interfaces!
 -> (artifact id: 'c7c3ccab9d1735a7cefecccef7061c13') in 0.014285 seconds
Number of updated asset objects reloaded before import = 0
Number of asset objects unloaded after import = 6
========================================================================
Received Import Request.
  Time since last request: 0.000008 seconds.
  path: Assets/Imported Assets/Easy FPS/Images/Materials/bloodColor 1.mat
  artifactKey: Guid(a20942e81d0fbc640827d53010889c5c) Importer(2089858483,0ecaa5967403d082aa24f35e1b516d23)
Start importing Assets/Imported Assets/Easy FPS/Images/Materials/bloodColor 1.mat using Guid(a20942e81d0fbc640827d53010889c5c) Importer(2089858483,0ecaa5967403d082aa24f35e1b516d23) Generated GUIDs only implemented for interfaces!
 -> (artifact id: '5e66194e64d2c2d12db258307be9be6c') in 0.007711 seconds
Number of updated asset objects reloaded before import = 0
Number of asset objects unloaded after import = 1
========================================================================
Received Import Request.
  Time since last request: 0.000043 seconds.
  path: Assets/Imported Assets/Survivalist/Settings/New Universal Render Pipeline Asset.asset
  artifactKey: Guid(5ae11392e904e4943ae4feb61608b515) Importer(2089858483,0ecaa5967403d082aa24f35e1b516d23)
Start importing Assets/Imported Assets/Survivalist/Settings/New Universal Render Pipeline Asset.asset using Guid(5ae11392e904e4943ae4feb61608b515) Importer(2089858483,0ecaa5967403d082aa24f35e1b516d23) Generated GUIDs only implemented for interfaces!
 -> (artifact id: '9c129f1b2f71d18e707ff0f32db0ad43') in 0.005867 seconds
Number of updated asset objects reloaded before import = 0
Number of asset objects unloaded after import = 1
========================================================================
Received Import Request.
  Time since last request: 0.000039 seconds.
  path: Assets/Imported Assets/Survivalist/Materials URP/URP_Pouches1_Skin2.mat
  artifactKey: Guid(a33c80a5b7a874e498ecdce08ccdd177) Importer(2089858483,0ecaa5967403d082aa24f35e1b516d23)
Start importing Assets/Imported Assets/Survivalist/Materials URP/URP_Pouches1_Skin2.mat using Guid(a33c80a5b7a874e498ecdce08ccdd177) Importer(2089858483,0ecaa5967403d082aa24f35e1b516d23) Generated GUIDs only implemented for interfaces!
 -> (artifact id: 'faf54f9b8fb166c31ac08fc3736f3c12') in 0.007437 seconds
Number of updated asset objects reloaded before import = 0
Number of asset objects unloaded after import = 1
========================================================================
Received Import Request.
  Time since last request: 0.000064 seconds.
  path: Assets/Imported Assets/Survivalist/Materials URP/URP_Vest1_Skin3.mat
  artifactKey: Guid(f6e3ab4d255152c40b45cd4e6fb1c77d) Importer(2089858483,0ecaa5967403d082aa24f35e1b516d23)
Start importing Assets/Imported Assets/Survivalist/Materials URP/URP_Vest1_Skin3.mat using Guid(f6e3ab4d255152c40b45cd4e6fb1c77d) Importer(2089858483,0ecaa5967403d082aa24f35e1b516d23) Generated GUIDs only implemented for interfaces!
 -> (artifact id: '5fb54de48cc48c9641534e812b0b75d1') in 0.006544 seconds
Number of updated asset objects reloaded before import = 0
Number of asset objects unloaded after import = 1
========================================================================
Received Import Request.
  Time since last request: 0.000034 seconds.
  path: Assets/Imported Assets/Survivalist/Materials/Shirt3_Skin2.mat
  artifactKey: Guid(2eafbc23cd3c62a47b7b2dcbf76f1526) Importer(2089858483,0ecaa5967403d082aa24f35e1b516d23)
Start importing Assets/Imported Assets/Survivalist/Materials/Shirt3_Skin2.mat using Guid(2eafbc23cd3c62a47b7b2dcbf76f1526) Importer(2089858483,0ecaa5967403d082aa24f35e1b516d23) Generated GUIDs only implemented for interfaces!
 -> (artifact id: 'a89cea3b4e59d251abddea8e9164f68c') in 0.012910 seconds
Number of updated asset objects reloaded before import = 0
Number of asset objects unloaded after import = 6
========================================================================
Received Import Request.
  Time since last request: 0.000008 seconds.
  path: Assets/Imported Assets/Survivalist/Materials HDRP/HDRP_Shirt3_Skin3.mat
  artifactKey: Guid(229082b33ec611a499b632041b6141cb) Importer(2089858483,0ecaa5967403d082aa24f35e1b516d23)
Start importing Assets/Imported Assets/Survivalist/Materials HDRP/HDRP_Shirt3_Skin3.mat using Guid(229082b33ec611a499b632041b6141cb) Importer(2089858483,0ecaa5967403d082aa24f35e1b516d23) Generated GUIDs only implemented for interfaces!
 -> (artifact id: '75d187194a74c24684154df495a97cd7') in 0.007179 seconds
Number of updated asset objects reloaded before import = 0
Number of asset objects unloaded after import = 1
========================================================================
Received Import Request.
  Time since last request: 0.000039 seconds.
  path: Assets/Imported Assets/Survivalist/Materials URP/URP_Pants2_Skin2.mat
  artifactKey: Guid(ce27bb3f00af46c4288dbf35acdc234a) Importer(2089858483,0ecaa5967403d082aa24f35e1b516d23)
Start importing Assets/Imported Assets/Survivalist/Materials URP/URP_Pants2_Skin2.mat using Guid(ce27bb3f00af46c4288dbf35acdc234a) Importer(2089858483,0ecaa5967403d082aa24f35e1b516d23) Generated GUIDs only implemented for interfaces!
 -> (artifact id: '4cdf1da78d3e23915af8d17d502993e7') in 0.006553 seconds
Number of updated asset objects reloaded before import = 0
Number of asset objects unloaded after import = 1
========================================================================
Received Import Request.
  Time since last request: 0.000058 seconds.
  path: Assets/Imported Assets/Survivalist/Settings/ReflectionProbe-0.exr
  artifactKey: Guid(3caedec0392b117489c51d1eadc81384) Importer(2089858483,0ecaa5967403d082aa24f35e1b516d23)
Start importing Assets/Imported Assets/Survivalist/Settings/ReflectionProbe-0.exr using Guid(3caedec0392b117489c51d1eadc81384) Importer(2089858483,0ecaa5967403d082aa24f35e1b516d23) Generated GUIDs only implemented for interfaces!
 -> (artifact id: 'f8789a372eec7930c51f93edb9abe619') in 0.015861 seconds
Number of updated asset objects reloaded before import = 0
Number of asset objects unloaded after import = 1
========================================================================
Received Import Request.
  Time since last request: 0.000075 seconds.
  path: Assets/Imported Assets/ARCADE - FREE Racing Car/Skybox/Day/Day Skybox.mat
  artifactKey: Guid(2fdc1726342f4a749a190a0a8677a1a2) Importer(2089858483,0ecaa5967403d082aa24f35e1b516d23)
Start importing Assets/Imported Assets/ARCADE - FREE Racing Car/Skybox/Day/Day Skybox.mat using Guid(2fdc1726342f4a749a190a0a8677a1a2) Importer(2089858483,0ecaa5967403d082aa24f35e1b516d23) Generated GUIDs only implemented for interfaces!
 -> (artifact id: '6ebb7d4d93541d76e9ce1e91f6472c5a') in 0.011206 seconds
Number of updated asset objects reloaded before import = 0
Number of asset objects unloaded after import = 4
========================================================================
Received Import Request.
  Time since last request: 0.000008 seconds.
  path: Assets/Imported Assets/Survivalist/Materials HDRP/HDRP_Pouches1_Skin1.mat
  artifactKey: Guid(cca72710dfb044345b70d40a625086f4) Importer(2089858483,0ecaa5967403d082aa24f35e1b516d23)
Start importing Assets/Imported Assets/Survivalist/Materials HDRP/HDRP_Pouches1_Skin1.mat using Guid(cca72710dfb044345b70d40a625086f4) Importer(2089858483,0ecaa5967403d082aa24f35e1b516d23) Generated GUIDs only implemented for interfaces!
 -> (artifact id: '6bff52cbb2e2fe304a548497935328ca') in 0.006488 seconds
Number of updated asset objects reloaded before import = 0
Number of asset objects unloaded after import = 1
========================================================================
Received Import Request.
  Time since last request: 0.000043 seconds.
  path: Assets/Imported Assets/Survivalist/Materials HDRP/HDRP_Cap1_Skin4.mat
  artifactKey: Guid(36697b70b15235042a5e89c98e83276f) Importer(2089858483,0ecaa5967403d082aa24f35e1b516d23)
Start importing Assets/Imported Assets/Survivalist/Materials HDRP/HDRP_Cap1_Skin4.mat using Guid(36697b70b15235042a5e89c98e83276f) Importer(2089858483,0ecaa5967403d082aa24f35e1b516d23) Generated GUIDs only implemented for interfaces!
 -> (artifact id: 'c86735292b1e591d7bf8e3a9ed7dcb52') in 0.006307 seconds
Number of updated asset objects reloaded before import = 0
Number of asset objects unloaded after import = 1
========================================================================
Received Import Request.
  Time since last request: 0.000047 seconds.
  path: Assets/Imported Assets/Survivalist/Materials URP/URP_Eyes1.mat
  artifactKey: Guid(d2597d236b82606429a6b105ebaca1c7) Importer(2089858483,0ecaa5967403d082aa24f35e1b516d23)
Start importing Assets/Imported Assets/Survivalist/Materials URP/URP_Eyes1.mat using Guid(d2597d236b82606429a6b105ebaca1c7) Importer(2089858483,0ecaa5967403d082aa24f35e1b516d23) Generated GUIDs only implemented for interfaces!
 -> (artifact id: '17c69c0c613d6be22fe9886704572332') in 0.007182 seconds
Number of updated asset objects reloaded before import = 0
Number of asset objects unloaded after import = 1
========================================================================
Received Import Request.
  Time since last request: 0.000048 seconds.
  path: Assets/Imported Assets/Easy FPS/MuzzelFlash/Materials/Muzzle05.mat
  artifactKey: Guid(42e97eacea5b1d24aa1d08e05f52a2f3) Importer(2089858483,0ecaa5967403d082aa24f35e1b516d23)
Start importing Assets/Imported Assets/Easy FPS/MuzzelFlash/Materials/Muzzle05.mat using Guid(42e97eacea5b1d24aa1d08e05f52a2f3) Importer(2089858483,0ecaa5967403d082aa24f35e1b516d23) Generated GUIDs only implemented for interfaces!
 -> (artifact id: 'd13e2c3a4478a61a85ebba14da9873c7') in 0.006708 seconds
Number of updated asset objects reloaded before import = 0
Number of asset objects unloaded after import = 2
========================================================================
Received Import Request.
  Time since last request: 0.000029 seconds.
  path: Assets/Imported Assets/Survivalist/Materials URP/URP_Gloves1_Skin2.mat
  artifactKey: Guid(246bdadbf19ef27498ed6bb60ce05e75) Importer(2089858483,0ecaa5967403d082aa24f35e1b516d23)
Start importing Assets/Imported Assets/Survivalist/Materials URP/URP_Gloves1_Skin2.mat using Guid(246bdadbf19ef27498ed6bb60ce05e75) Importer(2089858483,0ecaa5967403d082aa24f35e1b516d23) Generated GUIDs only implemented for interfaces!
 -> (artifact id: 'd3d5b4a4720cf67223a9a75f4625d6a0') in 0.006684 seconds
Number of updated asset objects reloaded before import = 0
Number of asset objects unloaded after import = 1
========================================================================
Received Import Request.
  Time since last request: 0.000066 seconds.
  path: Assets/Imported Assets/Survivalist/Materials HDRP/HDRP_Pants2_Skin2.mat
  artifactKey: Guid(bdd7a5e0734c2254683f2032e8a7c7f8) Importer(2089858483,0ecaa5967403d082aa24f35e1b516d23)
Start importing Assets/Imported Assets/Survivalist/Materials HDRP/HDRP_Pants2_Skin2.mat using Guid(bdd7a5e0734c2254683f2032e8a7c7f8) Importer(2089858483,0ecaa5967403d082aa24f35e1b516d23) Generated GUIDs only implemented for interfaces!
 -> (artifact id: 'cef2ac872fc4e0162eeb6ebf6f5883e8') in 0.006186 seconds
Number of updated asset objects reloaded before import = 0
Number of asset objects unloaded after import = 1
========================================================================
Received Import Request.
  Time since last request: 0.000009 seconds.
  path: Assets/Imported Assets/AllSkyFree/_AllSkyFreeDemoEnvironment/Materials/AllSkyDemoEnv_LightIllum.mat
  artifactKey: Guid(ff33c7fce672541f095331a057da80f0) Importer(2089858483,0ecaa5967403d082aa24f35e1b516d23)
Start importing Assets/Imported Assets/AllSkyFree/_AllSkyFreeDemoEnvironment/Materials/AllSkyDemoEnv_LightIllum.mat using Guid(ff33c7fce672541f095331a057da80f0) Importer(2089858483,0ecaa5967403d082aa24f35e1b516d23) Generated GUIDs only implemented for interfaces!
 -> (artifact id: '92386fec22f74236c50eac6216efbf75') in 0.007166 seconds
Number of updated asset objects reloaded before import = 0
Number of asset objects unloaded after import = 1
========================================================================
Received Import Request.
  Time since last request: 0.000044 seconds.
  path: Assets/Imported Assets/Survivalist/Materials URP/URP_Backpack1_Skin4.mat
  artifactKey: Guid(1ddc53d882c351049bd35d969f8dc0bd) Importer(2089858483,0ecaa5967403d082aa24f35e1b516d23)
Start importing Assets/Imported Assets/Survivalist/Materials URP/URP_Backpack1_Skin4.mat using Guid(1ddc53d882c351049bd35d969f8dc0bd) Importer(2089858483,0ecaa5967403d082aa24f35e1b516d23) Generated GUIDs only implemented for interfaces!
 -> (artifact id: 'a9c7c45418c9d126dcc6e47ca672e59e') in 0.006494 seconds
Number of updated asset objects reloaded before import = 0
Number of asset objects unloaded after import = 1
========================================================================
Received Import Request.
  Time since last request: 0.000046 seconds.
  path: Assets/Imported Assets/Survivalist/Materials URP/URP_Floor.mat
  artifactKey: Guid(a7038745c94e79b49931d4bb0ca90eaf) Importer(2089858483,0ecaa5967403d082aa24f35e1b516d23)
Start importing Assets/Imported Assets/Survivalist/Materials URP/URP_Floor.mat using Guid(a7038745c94e79b49931d4bb0ca90eaf) Importer(2089858483,0ecaa5967403d082aa24f35e1b516d23) Generated GUIDs only implemented for interfaces!
 -> (artifact id: 'c909e665a7f06f6b4aca186576558491') in 0.005999 seconds
Number of updated asset objects reloaded before import = 0
Number of asset objects unloaded after import = 1
========================================================================
Received Import Request.
  Time since last request: 0.000036 seconds.
  path: Assets/Imported Assets/Survivalist/Materials URP/URP_Pants2_Skin3.mat
  artifactKey: Guid(116fe99a763e66041a7d0596a9b72544) Importer(2089858483,0ecaa5967403d082aa24f35e1b516d23)
Start importing Assets/Imported Assets/Survivalist/Materials URP/URP_Pants2_Skin3.mat using Guid(116fe99a763e66041a7d0596a9b72544) Importer(2089858483,0ecaa5967403d082aa24f35e1b516d23) Generated GUIDs only implemented for interfaces!
 -> (artifact id: 'e1f87b3df2ebd6bc8fb825b9177f0689') in 0.006760 seconds
Number of updated asset objects reloaded before import = 0
Number of asset objects unloaded after import = 1
========================================================================
Received Import Request.
  Time since last request: 0.000046 seconds.
  path: Assets/Imported Assets/Survivalist/Settings/New HDRenderPipelineAsset.asset
  artifactKey: Guid(494e833b32be52149826d1fcad33e1f3) Importer(2089858483,0ecaa5967403d082aa24f35e1b516d23)
Start importing Assets/Imported Assets/Survivalist/Settings/New HDRenderPipelineAsset.asset using Guid(494e833b32be52149826d1fcad33e1f3) Importer(2089858483,0ecaa5967403d082aa24f35e1b516d23) Generated GUIDs only implemented for interfaces!
 -> (artifact id: '52c1ed8bac3c2b499908c27d10ee0d66') in 0.009657 seconds
Number of updated asset objects reloaded before import = 0
Number of asset objects unloaded after import = 1
========================================================================
Received Import Request.
  Time since last request: 0.000007 seconds.
  path: Assets/Imported Assets/Survivalist/Materials HDRP/HDRP_Boots3_Skin1.mat
  artifactKey: Guid(9e0546643c83d104a90ae7ca68392bff) Importer(2089858483,0ecaa5967403d082aa24f35e1b516d23)
Start importing Assets/Imported Assets/Survivalist/Materials HDRP/HDRP_Boots3_Skin1.mat using Guid(9e0546643c83d104a90ae7ca68392bff) Importer(2089858483,0ecaa5967403d082aa24f35e1b516d23) Generated GUIDs only implemented for interfaces!
 -> (artifact id: '8d021cfb968e10d7deb45b94af399cee') in 0.007005 seconds
Number of updated asset objects reloaded before import = 0
Number of asset objects unloaded after import = 1
========================================================================
Received Import Request.
  Time since last request: 0.000049 seconds.
  path: Assets/Imported Assets/Survivalist/Materials HDRP/HDRP_Pants2_Skin1.mat
  artifactKey: Guid(a227dcb883a1ca04691fdbc20e1405ac) Importer(2089858483,0ecaa5967403d082aa24f35e1b516d23)
Start importing Assets/Imported Assets/Survivalist/Materials HDRP/HDRP_Pants2_Skin1.mat using Guid(a227dcb883a1ca04691fdbc20e1405ac) Importer(2089858483,0ecaa5967403d082aa24f35e1b516d23) Generated GUIDs only implemented for interfaces!
 -> (artifact id: '882ae9bd38485d16934c4fea42c90e3b') in 0.006867 seconds
Number of updated asset objects reloaded before import = 0
Number of asset objects unloaded after import = 1
========================================================================
Received Import Request.
  Time since last request: 0.000084 seconds.
  path: Assets/Imported Assets/AllSkyFree/_AllSkyFreeDemoEnvironment/Materials/rock.mat
  artifactKey: Guid(51dc696c8ce2945ce968026f5776ca52) Importer(2089858483,0ecaa5967403d082aa24f35e1b516d23)
Start importing Assets/Imported Assets/AllSkyFree/_AllSkyFreeDemoEnvironment/Materials/rock.mat using Guid(51dc696c8ce2945ce968026f5776ca52) Importer(2089858483,0ecaa5967403d082aa24f35e1b516d23) Generated GUIDs only implemented for interfaces!
 -> (artifact id: '86cc91ae5aee5ea48493e8369aef1716') in 0.007299 seconds
Number of updated asset objects reloaded before import = 0
Number of asset objects unloaded after import = 1
========================================================================
Received Import Request.
  Time since last request: 0.000036 seconds.
  path: Assets/TextMesh Pro/Resources/Fonts & Materials/LiberationSans SDF - Fallback.asset
  artifactKey: Guid(2e498d1c8094910479dc3e1b768306a4) Importer(2089858483,0ecaa5967403d082aa24f35e1b516d23)
Start importing Assets/TextMesh Pro/Resources/Fonts & Materials/LiberationSans SDF - Fallback.asset using Guid(2e498d1c8094910479dc3e1b768306a4) Importer(2089858483,0ecaa5967403d082aa24f35e1b516d23) Generated GUIDs only implemented for interfaces!
 -> (artifact id: '1d61fd39fa601ce27535fec296cdd410') in 0.014513 seconds
Number of updated asset objects reloaded before import = 0
Number of asset objects unloaded after import = 5
========================================================================
Received Import Request.
  Time since last request: 0.000010 seconds.
  path: Assets/TextMesh Pro/Resources/Fonts & Materials/LiberationSans SDF.asset
  artifactKey: Guid(8f586378b4e144a9851e7b34d9b748ee) Importer(2089858483,0ecaa5967403d082aa24f35e1b516d23)
Start importing Assets/TextMesh Pro/Resources/Fonts & Materials/LiberationSans SDF.asset using Guid(8f586378b4e144a9851e7b34d9b748ee) Importer(2089858483,0ecaa5967403d082aa24f35e1b516d23) Generated GUIDs only implemented for interfaces!
 -> (artifact id: 'e27de2ce294cbb82779d076f31808278') in 0.021808 seconds
Number of updated asset objects reloaded before import = 0
Number of asset objects unloaded after import = 8
========================================================================
Received Import Request.
  Time since last request: 0.000009 seconds.
  path: Assets/Imported Assets/Survivalist/Materials HDRP/HDRP_Shirt3_Skin1.mat
  artifactKey: Guid(cbe8630e81bbd4d48bd91e920aaec8db) Importer(2089858483,0ecaa5967403d082aa24f35e1b516d23)
Start importing Assets/Imported Assets/Survivalist/Materials HDRP/HDRP_Shirt3_Skin1.mat using Guid(cbe8630e81bbd4d48bd91e920aaec8db) Importer(2089858483,0ecaa5967403d082aa24f35e1b516d23) Generated GUIDs only implemented for interfaces!
 -> (artifact id: 'a16cef55592e6298da12a797083559ef') in 0.006800 seconds
Number of updated asset objects reloaded before import = 0
Number of asset objects unloaded after import = 1
========================================================================
Received Import Request.
  Time since last request: 0.000079 seconds.
  path: Assets/Imported Assets/Easy FPS/Model_Animations_Textures/main character/FPS_Character.fbx
  artifactKey: Guid(6cae2f82a0a62ff4ab9be3eeeda19688) Importer(2089858483,0ecaa5967403d082aa24f35e1b516d23)
Start importing Assets/Imported Assets/Easy FPS/Model_Animations_Textures/main character/FPS_Character.fbx using Guid(6cae2f82a0a62ff4ab9be3eeeda19688) Importer(2089858483,0ecaa5967403d082aa24f35e1b516d23) Generated GUIDs only implemented for interfaces!
 -> (artifact id: '5303a56f194aa9df0ae2f10ea0f07fa7') in 0.220161 seconds
Number of updated asset objects reloaded before import = 0
Number of asset objects unloaded after import = 178
========================================================================
Received Import Request.
  Time since last request: 0.000013 seconds.
  path: Assets/Imported Assets/Easy FPS/Resources/Weap_Icons/NewGun_semi_img.png
  artifactKey: Guid(89cb17ce6d76c46668922c09a46b97a2) Importer(2089858483,0ecaa5967403d082aa24f35e1b516d23)
Start importing Assets/Imported Assets/Easy FPS/Resources/Weap_Icons/NewGun_semi_img.png using Guid(89cb17ce6d76c46668922c09a46b97a2) Importer(2089858483,0ecaa5967403d082aa24f35e1b516d23) Generated GUIDs only implemented for interfaces!
 -> (artifact id: '0823c46c3f829801a6c1b64b8dc8a592') in 0.015781 seconds
Number of updated asset objects reloaded before import = 0
Number of asset objects unloaded after import = 1
========================================================================
Received Import Request.
  Time since last request: 0.000017 seconds.
  path: Assets/Imported Assets/Kevin Iglesias/Human Animations/Scripts/UpperBodyAnimations-SpineProxy.url
  artifactKey: Guid(600f7cf1c6250e84687d018d42666742) Importer(2089858483,0ecaa5967403d082aa24f35e1b516d23)
Start importing Assets/Imported Assets/Kevin Iglesias/Human Animations/Scripts/UpperBodyAnimations-SpineProxy.url using Guid(600f7cf1c6250e84687d018d42666742) Importer(2089858483,0ecaa5967403d082aa24f35e1b516d23) Generated GUIDs only implemented for interfaces!
 -> (artifact id: 'cbc403d0bfd1f899711e0f220bec94df') in 0.005725 seconds
Number of updated asset objects reloaded before import = 0
Number of asset objects unloaded after import = 1
========================================================================
Received Import Request.
  Time since last request: 0.000056 seconds.
  path: Assets/Imported Assets/Survivalist/Texture/Bottom/T_Military_Boots3_Skin2_color.png
  artifactKey: Guid(2fedf03944127ff4d8b35f934fda910a) Importer(2089858483,0ecaa5967403d082aa24f35e1b516d23)
Start importing Assets/Imported Assets/Survivalist/Texture/Bottom/T_Military_Boots3_Skin2_color.png using Guid(2fedf03944127ff4d8b35f934fda910a) Importer(2089858483,0ecaa5967403d082aa24f35e1b516d23) Generated GUIDs only implemented for interfaces!
 -> (artifact id: '375ace5b3fa26dc53682dbc2f8dfc4a5') in 0.016870 seconds
Number of updated asset objects reloaded before import = 0
Number of asset objects unloaded after import = 1
========================================================================
Received Import Request.
  Time since last request: 0.000040 seconds.
  path: Assets/Imported Assets/Mellow Fox studios/Versatile Building Kit - 15 Medium Poly Models for Game Development/Prefabs/Building 12.prefab
  artifactKey: Guid(d37752dae41113343935ada5ef32905f) Importer(2089858483,0ecaa5967403d082aa24f35e1b516d23)
Start importing Assets/Imported Assets/Mellow Fox studios/Versatile Building Kit - 15 Medium Poly Models for Game Development/Prefabs/Building 12.prefab using Guid(d37752dae41113343935ada5ef32905f) Importer(2089858483,0ecaa5967403d082aa24f35e1b516d23) Generated GUIDs only implemented for interfaces!
 -> (artifact id: '6526fc0f7d79c7ae60e8e81f13515b9d') in 0.008535 seconds
Number of updated asset objects reloaded before import = 0
Number of asset objects unloaded after import = 14
========================================================================
Received Import Request.
  Time since last request: 0.000008 seconds.
  path: Assets/Imported Assets/Mess Maker Free/Scenes/DemoScene/LightingData.asset
  artifactKey: Guid(84deb9e1f952ed147b62c7ce11789fc9) Importer(2089858483,0ecaa5967403d082aa24f35e1b516d23)
Start importing Assets/Imported Assets/Mess Maker Free/Scenes/DemoScene/LightingData.asset using Guid(84deb9e1f952ed147b62c7ce11789fc9) Importer(2089858483,0ecaa5967403d082aa24f35e1b516d23) Generated GUIDs only implemented for interfaces!
 -> (artifact id: 'c619f043f58e10d88f2c4cbcdcb03e67') in 0.005681 seconds
Number of updated asset objects reloaded before import = 0
Number of asset objects unloaded after import = 2
========================================================================
Received Import Request.
  Time since last request: 0.000008 seconds.
  path: Assets/Imported Assets/Mess Maker Free/Prefabs/Rocks/Rock 4.prefab
  artifactKey: Guid(4298a949c31c78c4bab7a4a657b4315e) Importer(2089858483,0ecaa5967403d082aa24f35e1b516d23)
Start importing Assets/Imported Assets/Mess Maker Free/Prefabs/Rocks/Rock 4.prefab using Guid(4298a949c31c78c4bab7a4a657b4315e) Importer(2089858483,0ecaa5967403d082aa24f35e1b516d23) Generated GUIDs only implemented for interfaces!
 -> (artifact id: '7ff05956681e956b72f1fcd73dcb0b01') in 0.008141 seconds
Number of updated asset objects reloaded before import = 0
Number of asset objects unloaded after import = 9
========================================================================
Received Import Request.
  Time since last request: 0.000007 seconds.
  path: Assets/Imported Assets/Survivalist/Texture/Equip/T_Military_Backpack1_color_skin1.png
  artifactKey: Guid(24e1524af7b1ad64fb6f33ad17cb8478) Importer(2089858483,0ecaa5967403d082aa24f35e1b516d23)
Start importing Assets/Imported Assets/Survivalist/Texture/Equip/T_Military_Backpack1_color_skin1.png using Guid(24e1524af7b1ad64fb6f33ad17cb8478) Importer(2089858483,0ecaa5967403d082aa24f35e1b516d23) Generated GUIDs only implemented for interfaces!
 -> (artifact id: 'ddaef44bff3e08ae200fe1996c6a64c9') in 0.014368 seconds
Number of updated asset objects reloaded before import = 0
Number of asset objects unloaded after import = 1
========================================================================
Received Import Request.
  Time since last request: 0.000056 seconds.
  path: Assets/Imported Assets/Kinemation/SightsAligner/Editor/CoreAnimComponentEditor.cs
  artifactKey: Guid(54ca1936eb9e893449d30a29d9c1d66e) Importer(2089858483,0ecaa5967403d082aa24f35e1b516d23)
Start importing Assets/Imported Assets/Kinemation/SightsAligner/Editor/CoreAnimComponentEditor.cs using Guid(54ca1936eb9e893449d30a29d9c1d66e) Importer(2089858483,0ecaa5967403d082aa24f35e1b516d23) Generated GUIDs only implemented for interfaces!
 -> (artifact id: '1ee11e15f5d87cc91ac5f3ea353a34c0') in 0.006800 seconds
Number of updated asset objects reloaded before import = 0
Number of asset objects unloaded after import = 1
========================================================================
Received Import Request.
  Time since last request: 0.000041 seconds.
  path: Assets/Imported Assets/Mess Maker Free/Templates/Materials/Beer Can Blank.mat
  artifactKey: Guid(378cc15fbc0295e488a8d36e19e03fe2) Importer(2089858483,0ecaa5967403d082aa24f35e1b516d23)
Start importing Assets/Imported Assets/Mess Maker Free/Templates/Materials/Beer Can Blank.mat using Guid(378cc15fbc0295e488a8d36e19e03fe2) Importer(2089858483,0ecaa5967403d082aa24f35e1b516d23) Generated GUIDs only implemented for interfaces!
 -> (artifact id: '3446ca44ee6d7351ed575b1a5bf6a23a') in 0.008338 seconds
Number of updated asset objects reloaded before import = 0
Number of asset objects unloaded after import = 2
========================================================================
Received Import Request.
  Time since last request: 0.000009 seconds.
  path: Assets/Imported Assets/Simple Vehicle Pack/Materials/Mobile/Bus_1.mat
  artifactKey: Guid(a0b0c1668d6fad443b7e06fe182d9dc3) Importer(2089858483,0ecaa5967403d082aa24f35e1b516d23)
Start importing Assets/Imported Assets/Simple Vehicle Pack/Materials/Mobile/Bus_1.mat using Guid(a0b0c1668d6fad443b7e06fe182d9dc3) Importer(2089858483,0ecaa5967403d082aa24f35e1b516d23) Generated GUIDs only implemented for interfaces!
 -> (artifact id: 'd881f121c5976b5c7f8e38b7d6364261') in 0.022352 seconds
Number of updated asset objects reloaded before import = 0
Number of asset objects unloaded after import = 2
========================================================================
Received Import Request.
  Time since last request: 0.000015 seconds.
  path: Assets/Imported Assets/Survivalist/Texture/Body/T_Military_Head1_nmap.png
  artifactKey: Guid(be84a1e5173295a4b84b3bdec60ea336) Importer(2089858483,0ecaa5967403d082aa24f35e1b516d23)
Start importing Assets/Imported Assets/Survivalist/Texture/Body/T_Military_Head1_nmap.png using Guid(be84a1e5173295a4b84b3bdec60ea336) Importer(2089858483,0ecaa5967403d082aa24f35e1b516d23) Generated GUIDs only implemented for interfaces!
 -> (artifact id: '7d69e40a37f607f771dae7eaf0c72e9b') in 0.016700 seconds
Number of updated asset objects reloaded before import = 0
Number of asset objects unloaded after import = 1
========================================================================
Received Import Request.
  Time since last request: 0.000052 seconds.
  path: Assets/Imported Assets/Mess Maker Free/Materials/Textures/screen_normal.tif
  artifactKey: Guid(2c7c6a7cd98714443971176369b51bf6) Importer(2089858483,0ecaa5967403d082aa24f35e1b516d23)
Start importing Assets/Imported Assets/Mess Maker Free/Materials/Textures/screen_normal.tif using Guid(2c7c6a7cd98714443971176369b51bf6) Importer(2089858483,0ecaa5967403d082aa24f35e1b516d23) Generated GUIDs only implemented for interfaces!
 -> (artifact id: 'fc5434bc6583e0c64ba716383163b2b5') in 0.015973 seconds
Number of updated asset objects reloaded before import = 0
Number of asset objects unloaded after import = 1
========================================================================
Received Import Request.
  Time since last request: 0.000045 seconds.
  path: Assets/Imported Assets/Mellow Fox studios/Versatile Building Kit - 15 Medium Poly Models for Game Development/Prefabs/Building 4.prefab
  artifactKey: Guid(8a355f92415e9414f8687229414506b7) Importer(2089858483,0ecaa5967403d082aa24f35e1b516d23)
Start importing Assets/Imported Assets/Mellow Fox studios/Versatile Building Kit - 15 Medium Poly Models for Game Development/Prefabs/Building 4.prefab using Guid(8a355f92415e9414f8687229414506b7) Importer(2089858483,0ecaa5967403d082aa24f35e1b516d23) Generated GUIDs only implemented for interfaces!
 -> (artifact id: '180592feae9ced2200097616408d8629') in 0.009872 seconds
Number of updated asset objects reloaded before import = 0
Number of asset objects unloaded after import = 14
========================================================================
Received Import Request.
  Time since last request: 0.000008 seconds.
  path: Assets/Imported Assets/Mess Maker Free/Prefabs/Rocks/Rock 5 High.prefab
  artifactKey: Guid(2e857d12c76e7bb48b222110a7334a6d) Importer(2089858483,0ecaa5967403d082aa24f35e1b516d23)
Start importing Assets/Imported Assets/Mess Maker Free/Prefabs/Rocks/Rock 5 High.prefab using Guid(2e857d12c76e7bb48b222110a7334a6d) Importer(2089858483,0ecaa5967403d082aa24f35e1b516d23) Generated GUIDs only implemented for interfaces!
 -> (artifact id: 'a9ca39241f9d5d45b6ef24b63a1903d8') in 0.009338 seconds
Number of updated asset objects reloaded before import = 0
Number of asset objects unloaded after import = 9
========================================================================
Received Import Request.
  Time since last request: 0.000009 seconds.
  path: Assets/Imported Assets/Survivalist/Texture/Body/T_Military_Eyes1_normal.png
  artifactKey: Guid(ed5c12b1f978c20458b008a0820c5f7d) Importer(2089858483,0ecaa5967403d082aa24f35e1b516d23)
Start importing Assets/Imported Assets/Survivalist/Texture/Body/T_Military_Eyes1_normal.png using Guid(ed5c12b1f978c20458b008a0820c5f7d) Importer(2089858483,0ecaa5967403d082aa24f35e1b516d23) Generated GUIDs only implemented for interfaces!
 -> (artifact id: '34010c0e43d3c93b685ebfc2a64e2aee') in 0.014407 seconds
Number of updated asset objects reloaded before import = 0
Number of asset objects unloaded after import = 1
========================================================================
Received Import Request.
  Time since last request: 0.000034 seconds.
  path: Assets/Imported Assets/Survivalist/Texture/Equip/T_Military_Gloves1_rough.png
  artifactKey: Guid(01249ad885098a948bfbf6099bdc7796) Importer(2089858483,0ecaa5967403d082aa24f35e1b516d23)
Start importing Assets/Imported Assets/Survivalist/Texture/Equip/T_Military_Gloves1_rough.png using Guid(01249ad885098a948bfbf6099bdc7796) Importer(2089858483,0ecaa5967403d082aa24f35e1b516d23) Generated GUIDs only implemented for interfaces!
 -> (artifact id: '0a5861a72782192b8787924977d77c86') in 0.016654 seconds
Number of updated asset objects reloaded before import = 0
Number of asset objects unloaded after import = 1
========================================================================
Received Import Request.
  Time since last request: 0.000041 seconds.
  path: Assets/Imported Assets/Mess Maker Free/Templates/Textures/Beer Can Blank.png
  artifactKey: Guid(3d494036181739149acd14216fdb6e40) Importer(2089858483,0ecaa5967403d082aa24f35e1b516d23)
Start importing Assets/Imported Assets/Mess Maker Free/Templates/Textures/Beer Can Blank.png using Guid(3d494036181739149acd14216fdb6e40) Importer(2089858483,0ecaa5967403d082aa24f35e1b516d23) Generated GUIDs only implemented for interfaces!
 -> (artifact id: '66c204d2ded7f7378b553c872a6618d8') in 0.014947 seconds
Number of updated asset objects reloaded before import = 0
Number of asset objects unloaded after import = 1
========================================================================
Received Import Request.
  Time since last request: 0.000077 seconds.
  path: Assets/Imported Assets/Survivalist/StarterAssets/InputSystem/StarterAssetsInputs.cs
  artifactKey: Guid(e087ecce43ebbff45a1b360637807d93) Importer(2089858483,0ecaa5967403d082aa24f35e1b516d23)
Start importing Assets/Imported Assets/Survivalist/StarterAssets/InputSystem/StarterAssetsInputs.cs using Guid(e087ecce43ebbff45a1b360637807d93) Importer(2089858483,0ecaa5967403d082aa24f35e1b516d23) Generated GUIDs only implemented for interfaces!
 -> (artifact id: '2c3af6becdd3b1bc38c79cf66af2583d') in 0.006342 seconds
Number of updated asset objects reloaded before import = 0
Number of asset objects unloaded after import = 1
========================================================================
Received Import Request.
  Time since last request: 0.000066 seconds.
  path: Assets/Imported Assets/Mess Maker Free/Templates/Prefabs (Low)/Wine Bottle Red with Blank Label.prefab
  artifactKey: Guid(fd0bfeda286655c4299acd37055d21e0) Importer(2089858483,0ecaa5967403d082aa24f35e1b516d23)
Start importing Assets/Imported Assets/Mess Maker Free/Templates/Prefabs (Low)/Wine Bottle Red with Blank Label.prefab using Guid(fd0bfeda286655c4299acd37055d21e0) Importer(2089858483,0ecaa5967403d082aa24f35e1b516d23) Generated GUIDs only implemented for interfaces!
 -> (artifact id: 'a53147a8104a1b834438d3eb16b32d07') in 0.010663 seconds
Number of updated asset objects reloaded before import = 0
Number of asset objects unloaded after import = 14
========================================================================
Received Import Request.
  Time since last request: 0.000009 seconds.
  path: Assets/Imported Assets/Survivalist/Texture/Body/T_Military_Hands1_rough.png
  artifactKey: Guid(4d10e27808365b74db48685e47c37e0a) Importer(2089858483,0ecaa5967403d082aa24f35e1b516d23)
Start importing Assets/Imported Assets/Survivalist/Texture/Body/T_Military_Hands1_rough.png using Guid(4d10e27808365b74db48685e47c37e0a) Importer(2089858483,0ecaa5967403d082aa24f35e1b516d23) Generated GUIDs only implemented for interfaces!
 -> (artifact id: '823757f5169e4c2a6ff6fc4456e86c74') in 0.014925 seconds
Number of updated asset objects reloaded before import = 0
Number of asset objects unloaded after import = 1
========================================================================
Received Import Request.
  Time since last request: 0.000056 seconds.
  path: Assets/Imported Assets/Mess Maker Free/Templates/Prefabs (High)/Wine Bottle Red with Blank Label.prefab
  artifactKey: Guid(53b998b81d704474e9ecb43206adecad) Importer(2089858483,0ecaa5967403d082aa24f35e1b516d23)
Start importing Assets/Imported Assets/Mess Maker Free/Templates/Prefabs (High)/Wine Bottle Red with Blank Label.prefab using Guid(53b998b81d704474e9ecb43206adecad) Importer(2089858483,0ecaa5967403d082aa24f35e1b516d23) Generated GUIDs only implemented for interfaces!
 -> (artifact id: 'a6fb39f89177e8d5c56854f5cbc83590') in 0.008456 seconds
Number of updated asset objects reloaded before import = 0
Number of asset objects unloaded after import = 14
========================================================================
Received Import Request.
  Time since last request: 0.000008 seconds.
  path: Assets/Imported Assets/Survivalist/StarterAssets/Editor/ThirdPersonStarterAssetsDeployMenu.cs
  artifactKey: Guid(b70f45aa92a641feb261c5d55ce46edf) Importer(2089858483,0ecaa5967403d082aa24f35e1b516d23)
Start importing Assets/Imported Assets/Survivalist/StarterAssets/Editor/ThirdPersonStarterAssetsDeployMenu.cs using Guid(b70f45aa92a641feb261c5d55ce46edf) Importer(2089858483,0ecaa5967403d082aa24f35e1b516d23) Generated GUIDs only implemented for interfaces!
 -> (artifact id: 'dd3c0f0e53854938a0b547b839e6a8e1') in 0.006200 seconds
Number of updated asset objects reloaded before import = 0
Number of asset objects unloaded after import = 1
========================================================================
Received Import Request.
  Time since last request: 0.000062 seconds.
  path: Assets/Imported Assets/Mess Maker Free/Materials/Textures/Beer Can Red.png
  artifactKey: Guid(2cff1f988916a5e41a8dce999e924a9d) Importer(2089858483,0ecaa5967403d082aa24f35e1b516d23)
Start importing Assets/Imported Assets/Mess Maker Free/Materials/Textures/Beer Can Red.png using Guid(2cff1f988916a5e41a8dce999e924a9d) Importer(2089858483,0ecaa5967403d082aa24f35e1b516d23) Generated GUIDs only implemented for interfaces!
 -> (artifact id: '44fb02dd153c5228b3878a49a7ce03ec') in 0.014840 seconds
Number of updated asset objects reloaded before import = 0
Number of asset objects unloaded after import = 1
========================================================================
Received Import Request.
  Time since last request: 0.000052 seconds.
  path: Assets/Imported Assets/Mess Maker Free/Templates/Prefabs (High)/Beer Bottle Green with Blank Label.prefab
  artifactKey: Guid(85929de2ef3c49649ab2c5653c71880c) Importer(2089858483,0ecaa5967403d082aa24f35e1b516d23)
Start importing Assets/Imported Assets/Mess Maker Free/Templates/Prefabs (High)/Beer Bottle Green with Blank Label.prefab using Guid(85929de2ef3c49649ab2c5653c71880c) Importer(2089858483,0ecaa5967403d082aa24f35e1b516d23) Generated GUIDs only implemented for interfaces!
 -> (artifact id: 'a835e40edc83ce200f15bb67111a5054') in 0.008309 seconds
Number of updated asset objects reloaded before import = 0
Number of asset objects unloaded after import = 14
========================================================================
Received Import Request.
  Time since last request: 0.000008 seconds.
  path: Assets/Imported Assets/Survivalist/Texture/Bottom/T_Military_Pants2_color_skin3.png
  artifactKey: Guid(b1e3872599fad1644abc8a40d93fde92) Importer(2089858483,0ecaa5967403d082aa24f35e1b516d23)
Start importing Assets/Imported Assets/Survivalist/Texture/Bottom/T_Military_Pants2_color_skin3.png using Guid(b1e3872599fad1644abc8a40d93fde92) Importer(2089858483,0ecaa5967403d082aa24f35e1b516d23) Generated GUIDs only implemented for interfaces!
 -> (artifact id: '76d7985e3301020f416dbb24ff99199f') in 0.014250 seconds
Number of updated asset objects reloaded before import = 0
Number of asset objects unloaded after import = 1
========================================================================
Received Import Request.
  Time since last request: 0.000067 seconds.
  path: Assets/Imported Assets/Survivalist/Texture/Bottom/T_Military_Pants2_rough.png
  artifactKey: Guid(c59a4a3e6fe053c42bb93b410f02a3f5) Importer(2089858483,0ecaa5967403d082aa24f35e1b516d23)
Start importing Assets/Imported Assets/Survivalist/Texture/Bottom/T_Military_Pants2_rough.png using Guid(c59a4a3e6fe053c42bb93b410f02a3f5) Importer(2089858483,0ecaa5967403d082aa24f35e1b516d23) Generated GUIDs only implemented for interfaces!
 -> (artifact id: 'b76e5d6ab45e0164b99a434e3843105e') in 0.038686 seconds
Number of updated asset objects reloaded before import = 0
Number of asset objects unloaded after import = 1
========================================================================
Received Import Request.
  Time since last request: 0.000016 seconds.
  path: Assets/Imported Assets/Kevin Iglesias/Human Animations/Textures/HumanAnimations_ColorPalette.png
  artifactKey: Guid(2c8e7f499d401414b8215275b03a4c66) Importer(2089858483,0ecaa5967403d082aa24f35e1b516d23)
Start importing Assets/Imported Assets/Kevin Iglesias/Human Animations/Textures/HumanAnimations_ColorPalette.png using Guid(2c8e7f499d401414b8215275b03a4c66) Importer(2089858483,0ecaa5967403d082aa24f35e1b516d23) Generated GUIDs only implemented for interfaces!
 -> (artifact id: '8cd00cedc1abb840167a79626e75e8cd') in 0.025324 seconds
Number of updated asset objects reloaded before import = 0
Number of asset objects unloaded after import = 1
========================================================================
Received Import Request.
  Time since last request: 0.000027 seconds.
  path: Assets/Imported Assets/Simple Vehicle Pack/Textures/Mobile/cars_diffuse.tif
  artifactKey: Guid(c3068f29ef379c644ae6b65955275e9e) Importer(2089858483,0ecaa5967403d082aa24f35e1b516d23)
Start importing Assets/Imported Assets/Simple Vehicle Pack/Textures/Mobile/cars_diffuse.tif using Guid(c3068f29ef379c644ae6b65955275e9e) Importer(2089858483,0ecaa5967403d082aa24f35e1b516d23) Generated GUIDs only implemented for interfaces!
 -> (artifact id: '6015f0cd21bc02794f1a3033668e5987') in 0.017420 seconds
Number of updated asset objects reloaded before import = 0
Number of asset objects unloaded after import = 1
========================================================================
Received Import Request.
  Time since last request: 0.000013 seconds.
  path: Assets/Imported Assets/Mess Maker Free/Prefabs/Rocks/Rock 2 Low.prefab
  artifactKey: Guid(bb1dc7e6ef0426b43a8e2fe42e19238f) Importer(2089858483,0ecaa5967403d082aa24f35e1b516d23)
Start importing Assets/Imported Assets/Mess Maker Free/Prefabs/Rocks/Rock 2 Low.prefab using Guid(bb1dc7e6ef0426b43a8e2fe42e19238f) Importer(2089858483,0ecaa5967403d082aa24f35e1b516d23) Generated GUIDs only implemented for interfaces!
 -> (artifact id: 'eae9fe3c09100532512d78481311a5b5') in 0.010467 seconds
Number of updated asset objects reloaded before import = 0
Number of asset objects unloaded after import = 9
========================================================================
Received Import Request.
  Time since last request: 0.000010 seconds.
  path: Assets/Imported Assets/Simple Vehicle Pack/Prefabs/Mobile/Car_1.prefab
  artifactKey: Guid(1eb894c97da32c940a90228cac9bea1c) Importer(2089858483,0ecaa5967403d082aa24f35e1b516d23)
Start importing Assets/Imported Assets/Simple Vehicle Pack/Prefabs/Mobile/Car_1.prefab using Guid(1eb894c97da32c940a90228cac9bea1c) Importer(2089858483,0ecaa5967403d082aa24f35e1b516d23) Generated GUIDs only implemented for interfaces!
 -> (artifact id: '6941b8bead426f559875bf7e01132447') in 0.006605 seconds
Number of updated asset objects reloaded before import = 0
Number of asset objects unloaded after import = 29
========================================================================
Received Import Request.
  Time since last request: 0.000008 seconds.
  path: Assets/Imported Assets/Mess Maker Free/Templates/Prefabs (Low)/Wine Bottle Green with Blank Label.prefab
  artifactKey: Guid(54e0bca4b885dc441bbf0b98bbe69845) Importer(2089858483,0ecaa5967403d082aa24f35e1b516d23)
Start importing Assets/Imported Assets/Mess Maker Free/Templates/Prefabs (Low)/Wine Bottle Green with Blank Label.prefab using Guid(54e0bca4b885dc441bbf0b98bbe69845) Importer(2089858483,0ecaa5967403d082aa24f35e1b516d23) Generated GUIDs only implemented for interfaces!
 -> (artifact id: '6a4f74f70ee53cd0335737ad0c09d433') in 0.010243 seconds
Number of updated asset objects reloaded before import = 0
Number of asset objects unloaded after import = 14
========================================================================
Received Import Request.
  Time since last request: 0.000009 seconds.
  path: Assets/Imported Assets/Mess Maker Free/Prefabs/Rocks/Rock 2.prefab
  artifactKey: Guid(125e9a36b6de44842be2592288024999) Importer(2089858483,0ecaa5967403d082aa24f35e1b516d23)
Start importing Assets/Imported Assets/Mess Maker Free/Prefabs/Rocks/Rock 2.prefab using Guid(125e9a36b6de44842be2592288024999) Importer(2089858483,0ecaa5967403d082aa24f35e1b516d23) Generated GUIDs only implemented for interfaces!
 -> (artifact id: '604f54951e0ca8c0a600ff5d31b886b1') in 0.007615 seconds
Number of updated asset objects reloaded before import = 0
Number of asset objects unloaded after import = 9
========================================================================
Received Import Request.
  Time since last request: 0.000014 seconds.
  path: Assets/Imported Assets/Mess Maker Free/Sample Scene Assets/Material/Plain.mat
  artifactKey: Guid(2d70637cc1cf12841a4294455b2c9198) Importer(2089858483,0ecaa5967403d082aa24f35e1b516d23)
Start importing Assets/Imported Assets/Mess Maker Free/Sample Scene Assets/Material/Plain.mat using Guid(2d70637cc1cf12841a4294455b2c9198) Importer(2089858483,0ecaa5967403d082aa24f35e1b516d23) Generated GUIDs only implemented for interfaces!
 -> (artifact id: 'b4147078b87ef40dbfcb0754b7ef9c41') in 0.007133 seconds
Number of updated asset objects reloaded before import = 0
Number of asset objects unloaded after import = 1
========================================================================
Received Import Request.
  Time since last request: 0.000051 seconds.
  path: Assets/Imported Assets/genSuit/Textures/Black/genSuit_Black_D.tif
  artifactKey: Guid(6630014301341b8409712791ccbeca2e) Importer(2089858483,0ecaa5967403d082aa24f35e1b516d23)
Start importing Assets/Imported Assets/genSuit/Textures/Black/genSuit_Black_D.tif using Guid(6630014301341b8409712791ccbeca2e) Importer(2089858483,0ecaa5967403d082aa24f35e1b516d23) Generated GUIDs only implemented for interfaces!
 -> (artifact id: '01661863ec5d43bbce79f9fbfbe32cc0') in 0.017245 seconds
Number of updated asset objects reloaded before import = 0
Number of asset objects unloaded after import = 1
========================================================================
Received Import Request.
  Time since last request: 0.000055 seconds.
  path: Assets/Imported Assets/Survivalist/StarterAssets/Editor/ScriptingDefineUtils.cs
  artifactKey: Guid(19d5e2567c974ac6817cbc0ae63e638c) Importer(2089858483,0ecaa5967403d082aa24f35e1b516d23)
Start importing Assets/Imported Assets/Survivalist/StarterAssets/Editor/ScriptingDefineUtils.cs using Guid(19d5e2567c974ac6817cbc0ae63e638c) Importer(2089858483,0ecaa5967403d082aa24f35e1b516d23) Generated GUIDs only implemented for interfaces!
 -> (artifact id: 'c167b8efaa34e3a59b6fdf4794c0af14') in 0.006738 seconds
Number of updated asset objects reloaded before import = 0
Number of asset objects unloaded after import = 1
========================================================================
Received Import Request.
  Time since last request: 0.000049 seconds.
  path: Assets/Imported Assets/Survivalist/Texture/Equip/T_Military_Gloves1_nmap.png
  artifactKey: Guid(949e6074c51d956409e2d8489d8cce4d) Importer(2089858483,0ecaa5967403d082aa24f35e1b516d23)
Start importing Assets/Imported Assets/Survivalist/Texture/Equip/T_Military_Gloves1_nmap.png using Guid(949e6074c51d956409e2d8489d8cce4d) Importer(2089858483,0ecaa5967403d082aa24f35e1b516d23) Generated GUIDs only implemented for interfaces!
 -> (artifact id: '432c4fba82c5273de2c3e5d9e61f2883') in 0.016464 seconds
Number of updated asset objects reloaded before import = 0
Number of asset objects unloaded after import = 1
========================================================================
Received Import Request.
  Time since last request: 0.000034 seconds.
  path: Assets/Imported Assets/Mess Maker Free/Scenes/All Assets SampleScene/Lightmap-0_comp_dir.png
  artifactKey: Guid(1acf16e763faed44b8afd01651d92be2) Importer(2089858483,0ecaa5967403d082aa24f35e1b516d23)
Start importing Assets/Imported Assets/Mess Maker Free/Scenes/All Assets SampleScene/Lightmap-0_comp_dir.png using Guid(1acf16e763faed44b8afd01651d92be2) Importer(2089858483,0ecaa5967403d082aa24f35e1b516d23) Generated GUIDs only implemented for interfaces!
 -> (artifact id: 'd3d28485ba51e1abbaaa1fc8b722ed1c') in 0.014165 seconds
Number of updated asset objects reloaded before import = 0
Number of asset objects unloaded after import = 1
========================================================================
Received Import Request.
  Time since last request: 0.000039 seconds.
  path: Assets/Imported Assets/Kevin Iglesias/Human Animations/Animations/HumanBasicMotionsFREE_BlenderFiles.zip
  artifactKey: Guid(1b131c154aa621d409658ba4ed1c84c3) Importer(2089858483,0ecaa5967403d082aa24f35e1b516d23)
Start importing Assets/Imported Assets/Kevin Iglesias/Human Animations/Animations/HumanBasicMotionsFREE_BlenderFiles.zip using Guid(1b131c154aa621d409658ba4ed1c84c3) Importer(2089858483,0ecaa5967403d082aa24f35e1b516d23) Generated GUIDs only implemented for interfaces!
 -> (artifact id: 'd888bbe039685b44e627486670909f48') in 0.005564 seconds
Number of updated asset objects reloaded before import = 0
Number of asset objects unloaded after import = 1
========================================================================
Received Import Request.
  Time since last request: 0.000074 seconds.
  path: Assets/Imported Assets/genSuit/Textures/Beige/genSuit_Beige_NM.tif
  artifactKey: Guid(61058b04190562445860fc20e0724269) Importer(2089858483,0ecaa5967403d082aa24f35e1b516d23)
Start importing Assets/Imported Assets/genSuit/Textures/Beige/genSuit_Beige_NM.tif using Guid(61058b04190562445860fc20e0724269) Importer(2089858483,0ecaa5967403d082aa24f35e1b516d23) Generated GUIDs only implemented for interfaces!
 -> (artifact id: 'e27367c8ca65781f4051e21915d2dc24') in 0.023926 seconds
Number of updated asset objects reloaded before import = 0
Number of asset objects unloaded after import = 1
========================================================================
Received Import Request.
  Time since last request: 0.000027 seconds.
  path: Assets/Imported Assets/Survivalist/Texture/Bottom/T_Military_Pants2_nmap.png
  artifactKey: Guid(fa102097885ef64408977f074fe74bd8) Importer(2089858483,0ecaa5967403d082aa24f35e1b516d23)
Start importing Assets/Imported Assets/Survivalist/Texture/Bottom/T_Military_Pants2_nmap.png using Guid(fa102097885ef64408977f074fe74bd8) Importer(2089858483,0ecaa5967403d082aa24f35e1b516d23) Generated GUIDs only implemented for interfaces!
 -> (artifact id: '4873169e37ca170506bea46e04298db3') in 0.015494 seconds
Number of updated asset objects reloaded before import = 0
Number of asset objects unloaded after import = 1
========================================================================
Received Import Request.
  Time since last request: 0.000016 seconds.
  path: Assets/Imported Assets/Simple Vehicle Pack/Textures/Mobile/road_diffuse.tif
  artifactKey: Guid(e9de0ceae983cb94da0d5a0abebd6c31) Importer(2089858483,0ecaa5967403d082aa24f35e1b516d23)
Start importing Assets/Imported Assets/Simple Vehicle Pack/Textures/Mobile/road_diffuse.tif using Guid(e9de0ceae983cb94da0d5a0abebd6c31) Importer(2089858483,0ecaa5967403d082aa24f35e1b516d23) Generated GUIDs only implemented for interfaces!
 -> (artifact id: '6bb25a0f3e12ba6606bcfcb77e1ecc2e') in 0.014019 seconds
Number of updated asset objects reloaded before import = 0
Number of asset objects unloaded after import = 1
========================================================================
Received Import Request.
  Time since last request: 0.000057 seconds.
  path: Assets/Imported Assets/Mess Maker Free/Templates/Materials/Wine Label Blank.mat
  artifactKey: Guid(b6a9f8c61f0eb1f4988bc52aac9d42cb) Importer(2089858483,0ecaa5967403d082aa24f35e1b516d23)
Start importing Assets/Imported Assets/Mess Maker Free/Templates/Materials/Wine Label Blank.mat using Guid(b6a9f8c61f0eb1f4988bc52aac9d42cb) Importer(2089858483,0ecaa5967403d082aa24f35e1b516d23) Generated GUIDs only implemented for interfaces!
 -> (artifact id: '9dc488bf7aa60207e8c6ebdd7a22cc88') in 0.007775 seconds
Number of updated asset objects reloaded before import = 0
Number of asset objects unloaded after import = 2
========================================================================
Received Import Request.
  Time since last request: 0.000009 seconds.
  path: Assets/Imported Assets/Simple Vehicle Pack/Materials/Mobile/Cars_2.mat
  artifactKey: Guid(d1afc0f29c2ef644699e804c1052b999) Importer(2089858483,0ecaa5967403d082aa24f35e1b516d23)
Start importing Assets/Imported Assets/Simple Vehicle Pack/Materials/Mobile/Cars_2.mat using Guid(d1afc0f29c2ef644699e804c1052b999) Importer(2089858483,0ecaa5967403d082aa24f35e1b516d23) Generated GUIDs only implemented for interfaces!
 -> (artifact id: '3731f05489a4c69966726e366c2694a5') in 0.007692 seconds
Number of updated asset objects reloaded before import = 0
Number of asset objects unloaded after import = 2
========================================================================
Received Import Request.
  Time since last request: 0.000008 seconds.
  path: Assets/Imported Assets/Survivalist/Texture/Equip/T_Military_Pouches1_rough.png
  artifactKey: Guid(631ef2de8585c2941b1c44bb80dcd745) Importer(2089858483,0ecaa5967403d082aa24f35e1b516d23)
Start importing Assets/Imported Assets/Survivalist/Texture/Equip/T_Military_Pouches1_rough.png using Guid(631ef2de8585c2941b1c44bb80dcd745) Importer(2089858483,0ecaa5967403d082aa24f35e1b516d23) Generated GUIDs only implemented for interfaces!
 -> (artifact id: '3f38b29f9bfbcc974942e025fb15b34e') in 0.014633 seconds
Number of updated asset objects reloaded before import = 0
Number of asset objects unloaded after import = 1
========================================================================
Received Import Request.
  Time since last request: 0.000048 seconds.
  path: Assets/Imported Assets/Arabic Neoclassical/Street Road/Materials/Dirty Version/T_Road_Dirt_V03_Normal.png
  artifactKey: Guid(ffc04dcf10ad0fc4ea7c0d7a8f36f2c6) Importer(2089858483,0ecaa5967403d082aa24f35e1b516d23)
Start importing Assets/Imported Assets/Arabic Neoclassical/Street Road/Materials/Dirty Version/T_Road_Dirt_V03_Normal.png using Guid(ffc04dcf10ad0fc4ea7c0d7a8f36f2c6) Importer(2089858483,0ecaa5967403d082aa24f35e1b516d23) Generated GUIDs only implemented for interfaces!
 -> (artifact id: 'caf7a1947558b8e4a3e2042593a8e7aa') in 0.015164 seconds
Number of updated asset objects reloaded before import = 0
Number of asset objects unloaded after import = 1
========================================================================
Received Import Request.
  Time since last request: 0.000053 seconds.
  path: Assets/Imported Assets/Arabic Neoclassical/Street Road/Prefab/V3/V3_Road2Lane_Straight_04.prefab
  artifactKey: Guid(1324fce5d9c47c74e81226c791db10f9) Importer(2089858483,0ecaa5967403d082aa24f35e1b516d23)
Start importing Assets/Imported Assets/Arabic Neoclassical/Street Road/Prefab/V3/V3_Road2Lane_Straight_04.prefab using Guid(1324fce5d9c47c74e81226c791db10f9) Importer(2089858483,0ecaa5967403d082aa24f35e1b516d23) Generated GUIDs only implemented for interfaces!
 -> (artifact id: 'ce263120866ecf5e41eff875c98055cd') in 0.007310 seconds
Number of updated asset objects reloaded before import = 0
Number of asset objects unloaded after import = 7
========================================================================
Received Import Request.
  Time since last request: 0.000010 seconds.
  path: Assets/Imported Assets/Arabic Neoclassical/Street Road/Prefab/V3/V3_Road4Lane_Straight_04.prefab
  artifactKey: Guid(7e242b6edbf7f704c8c3ebc452a41580) Importer(2089858483,0ecaa5967403d082aa24f35e1b516d23)
Start importing Assets/Imported Assets/Arabic Neoclassical/Street Road/Prefab/V3/V3_Road4Lane_Straight_04.prefab using Guid(7e242b6edbf7f704c8c3ebc452a41580) Importer(2089858483,0ecaa5967403d082aa24f35e1b516d23) Generated GUIDs only implemented for interfaces!
 -> (artifact id: '092957a41f6504db4bbc094fd9cfeed3') in 0.009409 seconds
Number of updated asset objects reloaded before import = 0
Number of asset objects unloaded after import = 7
========================================================================
Received Import Request.
  Time since last request: 0.000069 seconds.
  path: Assets/Imported Assets/Arabic Neoclassical/Street Road/Prefab/Dirt/Dirt_Pavement_02.prefab
  artifactKey: Guid(a8ee2d7473b00e34ebcc99fa9f87c90a) Importer(2089858483,0ecaa5967403d082aa24f35e1b516d23)
Start importing Assets/Imported Assets/Arabic Neoclassical/Street Road/Prefab/Dirt/Dirt_Pavement_02.prefab using Guid(a8ee2d7473b00e34ebcc99fa9f87c90a) Importer(2089858483,0ecaa5967403d082aa24f35e1b516d23) Generated GUIDs only implemented for interfaces!
 -> (artifact id: '17286c1149f49ab891269f1e8e6b31e2') in 0.007159 seconds
Number of updated asset objects reloaded before import = 0
Number of asset objects unloaded after import = 7
========================================================================
Received Import Request.
  Time since last request: 0.000008 seconds.
  path: Assets/Imported Assets/Arabic Neoclassical/Street Road/Prefab/Dirt/Dirt_Road2Lane_Crosswalk.prefab
  artifactKey: Guid(b07acf688c157df48bcf7f2b6ca766f2) Importer(2089858483,0ecaa5967403d082aa24f35e1b516d23)
Start importing Assets/Imported Assets/Arabic Neoclassical/Street Road/Prefab/Dirt/Dirt_Road2Lane_Crosswalk.prefab using Guid(b07acf688c157df48bcf7f2b6ca766f2) Importer(2089858483,0ecaa5967403d082aa24f35e1b516d23) Generated GUIDs only implemented for interfaces!
 -> (artifact id: '8863188feec3f75d9125137e007893e8') in 0.007647 seconds
Number of updated asset objects reloaded before import = 0
Number of asset objects unloaded after import = 7
========================================================================
Received Import Request.
  Time since last request: 0.000040 seconds.
  path: Assets/Imported Assets/Arabic Neoclassical/Street Road/Prefab/V3/V3_Road2Lane_Crosswalk.prefab
  artifactKey: Guid(338e77b842f9e804bbc111a37d1de347) Importer(2089858483,0ecaa5967403d082aa24f35e1b516d23)
Start importing Assets/Imported Assets/Arabic Neoclassical/Street Road/Prefab/V3/V3_Road2Lane_Crosswalk.prefab using Guid(338e77b842f9e804bbc111a37d1de347) Importer(2089858483,0ecaa5967403d082aa24f35e1b516d23) Generated GUIDs only implemented for interfaces!
 -> (artifact id: 'a58260c4ba65f166004e8f859dd407c0') in 0.007143 seconds
Number of updated asset objects reloaded before import = 0
Number of asset objects unloaded after import = 7
========================================================================
Received Import Request.
  Time since last request: 0.000070 seconds.
  path: Assets/Imported Assets/Arabic Neoclassical/Street Road/Prefab/V3/V3_Road4Lane_Intersection_4Way.prefab
  artifactKey: Guid(28698de0f7937a64e8bffb49f8af8b2d) Importer(2089858483,0ecaa5967403d082aa24f35e1b516d23)
Start importing Assets/Imported Assets/Arabic Neoclassical/Street Road/Prefab/V3/V3_Road4Lane_Intersection_4Way.prefab using Guid(28698de0f7937a64e8bffb49f8af8b2d) Importer(2089858483,0ecaa5967403d082aa24f35e1b516d23) Generated GUIDs only implemented for interfaces!
 -> (artifact id: 'd423020c10714a05911e001af369b6d3') in 0.008847 seconds
Number of updated asset objects reloaded before import = 0
Number of asset objects unloaded after import = 7
========================================================================
Received Import Request.
  Time since last request: 0.000011 seconds.
  path: Assets/Imported Assets/Arabic Neoclassical/Street Road/Prefab/Dirt/Dirt_Road2Lane_Straight_02.prefab
  artifactKey: Guid(d21438a333582a94b8dda44a7ae647fa) Importer(2089858483,0ecaa5967403d082aa24f35e1b516d23)
Start importing Assets/Imported Assets/Arabic Neoclassical/Street Road/Prefab/Dirt/Dirt_Road2Lane_Straight_02.prefab using Guid(d21438a333582a94b8dda44a7ae647fa) Importer(2089858483,0ecaa5967403d082aa24f35e1b516d23) Generated GUIDs only implemented for interfaces!
 -> (artifact id: '6bf3e261b0048fafcf26a3db227a19ac') in 0.007499 seconds
Number of updated asset objects reloaded before import = 0
Number of asset objects unloaded after import = 7
========================================================================
Received Import Request.
  Time since last request: 0.000041 seconds.
  path: Assets/Imported Assets/Arabic Neoclassical/Street Road/Prefab/V3/V3_Road2Lane_Straight_02.prefab
  artifactKey: Guid(3125f45d73fa9534a825013ae44a1689) Importer(2089858483,0ecaa5967403d082aa24f35e1b516d23)
Start importing Assets/Imported Assets/Arabic Neoclassical/Street Road/Prefab/V3/V3_Road2Lane_Straight_02.prefab using Guid(3125f45d73fa9534a825013ae44a1689) Importer(2089858483,0ecaa5967403d082aa24f35e1b516d23) Generated GUIDs only implemented for interfaces!
 -> (artifact id: '138946430399b17d2d1ca293fe060e71') in 0.007277 seconds
Number of updated asset objects reloaded before import = 0
Number of asset objects unloaded after import = 7
========================================================================
Received Import Request.
  Time since last request: 0.000009 seconds.
  path: Assets/Imported Assets/Survivalist/Texture/Top/T_Military_Shirt3_Skin3_color.png
  artifactKey: Guid(9878fef611633ff45af9a501cf14adb4) Importer(2089858483,0ecaa5967403d082aa24f35e1b516d23)
Start importing Assets/Imported Assets/Survivalist/Texture/Top/T_Military_Shirt3_Skin3_color.png using Guid(9878fef611633ff45af9a501cf14adb4) Importer(2089858483,0ecaa5967403d082aa24f35e1b516d23) Generated GUIDs only implemented for interfaces!
 -> (artifact id: '9c11e3cf9a4243e7c96ee75349e89f6c') in 0.015648 seconds
Number of updated asset objects reloaded before import = 0
Number of asset objects unloaded after import = 1
========================================================================
Received Import Request.
  Time since last request: 0.000202 seconds.
  path: Assets/Imported Assets/Arabic Neoclassical/Street Road/Prefab/V3/V3_Road2Lane_Straight.prefab
  artifactKey: Guid(4ab518db7d743844a826e15eb46a4711) Importer(2089858483,0ecaa5967403d082aa24f35e1b516d23)
Start importing Assets/Imported Assets/Arabic Neoclassical/Street Road/Prefab/V3/V3_Road2Lane_Straight.prefab using Guid(4ab518db7d743844a826e15eb46a4711) Importer(2089858483,0ecaa5967403d082aa24f35e1b516d23) Generated GUIDs only implemented for interfaces!
 -> (artifact id: '5351f3a93fab48203ca60edbee8c896a') in 0.008128 seconds
Number of updated asset objects reloaded before import = 0
Number of asset objects unloaded after import = 7
========================================================================
Received Import Request.
  Time since last request: 0.000010 seconds.
  path: Assets/Imported Assets/Arabic Neoclassical/Street Road/Materials/V3/T_Road_V03_Normal.png
  artifactKey: Guid(ceab4d1e801b8f442af40586f1af024e) Importer(2089858483,0ecaa5967403d082aa24f35e1b516d23)
Start importing Assets/Imported Assets/Arabic Neoclassical/Street Road/Materials/V3/T_Road_V03_Normal.png using Guid(ceab4d1e801b8f442af40586f1af024e) Importer(2089858483,0ecaa5967403d082aa24f35e1b516d23) Generated GUIDs only implemented for interfaces!
 -> (artifact id: 'b1df20983f28dfdaff179390c9862922') in 0.022481 seconds
Number of updated asset objects reloaded before import = 0
Number of asset objects unloaded after import = 1
========================================================================
Received Import Request.
  Time since last request: 0.000064 seconds.
  path: Assets/Imported Assets/Arabic Neoclassical/Street Road/Prefab/V3/V3_Road2Lane_Intersection_3Way.prefab
  artifactKey: Guid(69f5a5e6d679b074ea0bac4b7e999069) Importer(2089858483,0ecaa5967403d082aa24f35e1b516d23)
Start importing Assets/Imported Assets/Arabic Neoclassical/Street Road/Prefab/V3/V3_Road2Lane_Intersection_3Way.prefab using Guid(69f5a5e6d679b074ea0bac4b7e999069) Importer(2089858483,0ecaa5967403d082aa24f35e1b516d23) Generated GUIDs only implemented for interfaces!
 -> (artifact id: '2380bfd7a6f67d560489389d4a0fa34b') in 0.009032 seconds
Number of updated asset objects reloaded before import = 0
Number of asset objects unloaded after import = 7
========================================================================
Received Import Request.
  Time since last request: 0.000009 seconds.
  path: Assets/Imported Assets/Arabic Neoclassical/Street Road/Prefab/Dirt/Dirt_Road4Lane_Intersection_3Way_02.prefab
  artifactKey: Guid(9601e43fec58b9749a1d173ab96f9293) Importer(2089858483,0ecaa5967403d082aa24f35e1b516d23)
Start importing Assets/Imported Assets/Arabic Neoclassical/Street Road/Prefab/Dirt/Dirt_Road4Lane_Intersection_3Way_02.prefab using Guid(9601e43fec58b9749a1d173ab96f9293) Importer(2089858483,0ecaa5967403d082aa24f35e1b516d23) Generated GUIDs only implemented for interfaces!
 -> (artifact id: 'a4aef566617181f4f90818d9bb7af22d') in 0.007665 seconds
Number of updated asset objects reloaded before import = 0
Number of asset objects unloaded after import = 7
========================================================================
Received Import Request.
  Time since last request: 0.000027 seconds.
  path: Assets/Imported Assets/Arabic Neoclassical/Street Road/Prefab/Dirt/Dirt_Road4Lane_Straight_02.prefab
  artifactKey: Guid(923e591f09a82df49aabecca0ee65504) Importer(2089858483,0ecaa5967403d082aa24f35e1b516d23)
Start importing Assets/Imported Assets/Arabic Neoclassical/Street Road/Prefab/Dirt/Dirt_Road4Lane_Straight_02.prefab using Guid(923e591f09a82df49aabecca0ee65504) Importer(2089858483,0ecaa5967403d082aa24f35e1b516d23) Generated GUIDs only implemented for interfaces!
 -> (artifact id: '91bed95bf9ff4f23434ba50b35a611ac') in 0.008052 seconds
Number of updated asset objects reloaded before import = 0
Number of asset objects unloaded after import = 7
========================================================================
Received Import Request.
  Time since last request: 0.000007 seconds.
  path: Assets/Imported Assets/Arabic Neoclassical/Street Road/Prefab/V3/V3_Road4Lane_Straight_06.prefab
  artifactKey: Guid(90f5bbdde28bafb47b7678d9db6e235a) Importer(2089858483,0ecaa5967403d082aa24f35e1b516d23)
Start importing Assets/Imported Assets/Arabic Neoclassical/Street Road/Prefab/V3/V3_Road4Lane_Straight_06.prefab using Guid(90f5bbdde28bafb47b7678d9db6e235a) Importer(2089858483,0ecaa5967403d082aa24f35e1b516d23) Generated GUIDs only implemented for interfaces!
 -> (artifact id: '54469f5b9003de7eb65f5de4d99cdeca') in 0.007170 seconds
Number of updated asset objects reloaded before import = 0
Number of asset objects unloaded after import = 7
========================================================================
Received Import Request.
  Time since last request: 0.000008 seconds.
  path: Assets/Imported Assets/Arabic Neoclassical/Street Road/Prefab/Dirt/Dirt_Road2Lane_Intersection_3Way.prefab
  artifactKey: Guid(d458a85cf909d0d4d8ae68fae7cecb42) Importer(2089858483,0ecaa5967403d082aa24f35e1b516d23)
Start importing Assets/Imported Assets/Arabic Neoclassical/Street Road/Prefab/Dirt/Dirt_Road2Lane_Intersection_3Way.prefab using Guid(d458a85cf909d0d4d8ae68fae7cecb42) Importer(2089858483,0ecaa5967403d082aa24f35e1b516d23) Generated GUIDs only implemented for interfaces!
 -> (artifact id: '15ed5ee0b184183bb461cdd48d19128a') in 0.008048 seconds
Number of updated asset objects reloaded before import = 0
Number of asset objects unloaded after import = 7
========================================================================
Received Import Request.
  Time since last request: 0.000009 seconds.
  path: Assets/Imported Assets/Survivalist/Texture/Top/T_Military_Shirt3_metalness.png
  artifactKey: Guid(5e327cfa4228bee4aba436634bbf301c) Importer(2089858483,0ecaa5967403d082aa24f35e1b516d23)
Start importing Assets/Imported Assets/Survivalist/Texture/Top/T_Military_Shirt3_metalness.png using Guid(5e327cfa4228bee4aba436634bbf301c) Importer(2089858483,0ecaa5967403d082aa24f35e1b516d23) Generated GUIDs only implemented for interfaces!
 -> (artifact id: '5ffc8bd58aec52dba00ce63d79d16a88') in 0.015186 seconds
Number of updated asset objects reloaded before import = 0
Number of asset objects unloaded after import = 1
========================================================================
Received Import Request.
  Time since last request: 0.000029 seconds.
  path: Assets/Imported Assets/Survivalist/StarterAssets/Editor/StarterAssetsDeployMenu.cs
  artifactKey: Guid(e75357183ea302c4d998136de2cc9669) Importer(2089858483,0ecaa5967403d082aa24f35e1b516d23)
Start importing Assets/Imported Assets/Survivalist/StarterAssets/Editor/StarterAssetsDeployMenu.cs using Guid(e75357183ea302c4d998136de2cc9669) Importer(2089858483,0ecaa5967403d082aa24f35e1b516d23) Generated GUIDs only implemented for interfaces!
 -> (artifact id: 'e742dc874cb21babec039e98ff30f430') in 0.006364 seconds
Number of updated asset objects reloaded before import = 0
Number of asset objects unloaded after import = 1
========================================================================
Received Import Request.
  Time since last request: 0.000056 seconds.
  path: Assets/Imported Assets/Mess Maker Free/Materials/Textures/Beer Can Blue.png
  artifactKey: Guid(a667e3d734d372e4482ed7fc65c559c3) Importer(2089858483,0ecaa5967403d082aa24f35e1b516d23)
Start importing Assets/Imported Assets/Mess Maker Free/Materials/Textures/Beer Can Blue.png using Guid(a667e3d734d372e4482ed7fc65c559c3) Importer(2089858483,0ecaa5967403d082aa24f35e1b516d23) Generated GUIDs only implemented for interfaces!
 -> (artifact id: '928184a76d64a1abf5256946464c4c8b') in 0.015052 seconds
Number of updated asset objects reloaded before import = 0
Number of asset objects unloaded after import = 1
========================================================================
Received Import Request.
  Time since last request: 0.000071 seconds.
  path: Assets/Imported Assets/Arabic Neoclassical/Street Road/Prefab/Dirt/Dirt_Road2Lane_Straight_03.prefab
  artifactKey: Guid(91c3c9ee6311f504ba705a41e44dc43d) Importer(2089858483,0ecaa5967403d082aa24f35e1b516d23)
Start importing Assets/Imported Assets/Arabic Neoclassical/Street Road/Prefab/Dirt/Dirt_Road2Lane_Straight_03.prefab using Guid(91c3c9ee6311f504ba705a41e44dc43d) Importer(2089858483,0ecaa5967403d082aa24f35e1b516d23) Generated GUIDs only implemented for interfaces!
 -> (artifact id: '2703b004c383073a757b79b2313b536a') in 0.009835 seconds
Number of updated asset objects reloaded before import = 0
Number of asset objects unloaded after import = 7
========================================================================
Received Import Request.
  Time since last request: 0.000008 seconds.
  path: Assets/Imported Assets/Mess Maker Free/Templates/Prefabs (High)/Beer Can Blank Crushed.prefab
  artifactKey: Guid(8d95fad636d248c4c9b1d331b2afe983) Importer(2089858483,0ecaa5967403d082aa24f35e1b516d23)
Start importing Assets/Imported Assets/Mess Maker Free/Templates/Prefabs (High)/Beer Can Blank Crushed.prefab using Guid(8d95fad636d248c4c9b1d331b2afe983) Importer(2089858483,0ecaa5967403d082aa24f35e1b516d23) Generated GUIDs only implemented for interfaces!
 -> (artifact id: '479be7a3ce1027bfa95b52f50e6b7b1d') in 0.007939 seconds
Number of updated asset objects reloaded before import = 0
Number of asset objects unloaded after import = 14
========================================================================
Received Import Request.
  Time since last request: 0.000009 seconds.
  path: Assets/Imported Assets/Mess Maker Free/Materials/Textures/Wood Albido.png
  artifactKey: Guid(706f46f18c0d38e4bb81da4e611e32f4) Importer(2089858483,0ecaa5967403d082aa24f35e1b516d23)
Start importing Assets/Imported Assets/Mess Maker Free/Materials/Textures/Wood Albido.png using Guid(706f46f18c0d38e4bb81da4e611e32f4) Importer(2089858483,0ecaa5967403d082aa24f35e1b516d23) Generated GUIDs only implemented for interfaces!
 -> (artifact id: 'af11980be2743e3a330d3bffa50bfd7c') in 0.017582 seconds
Number of updated asset objects reloaded before import = 0
Number of asset objects unloaded after import = 1
========================================================================
Received Import Request.
  Time since last request: 0.000033 seconds.
  path: Assets/Imported Assets/Mellow Fox studios/Versatile Building Kit - 15 Medium Poly Models for Game Development/Prefabs/Building 1.prefab
  artifactKey: Guid(e0af55f05423d1843bd0ae48fe867923) Importer(2089858483,0ecaa5967403d082aa24f35e1b516d23)
Start importing Assets/Imported Assets/Mellow Fox studios/Versatile Building Kit - 15 Medium Poly Models for Game Development/Prefabs/Building 1.prefab using Guid(e0af55f05423d1843bd0ae48fe867923) Importer(2089858483,0ecaa5967403d082aa24f35e1b516d23) Generated GUIDs only implemented for interfaces!
 -> (artifact id: '900830145a8bd23e81219fcbb0bbd776') in 0.011236 seconds
Number of updated asset objects reloaded before import = 0
Number of asset objects unloaded after import = 14
========================================================================
Received Import Request.
  Time since last request: 0.000008 seconds.
  path: Assets/Imported Assets/Mess Maker Free/Templates/Materials/Beer Label Blank.mat
  artifactKey: Guid(cc7c303f3b35504438bd244a7dcda27b) Importer(2089858483,0ecaa5967403d082aa24f35e1b516d23)
Start importing Assets/Imported Assets/Mess Maker Free/Templates/Materials/Beer Label Blank.mat using Guid(cc7c303f3b35504438bd244a7dcda27b) Importer(2089858483,0ecaa5967403d082aa24f35e1b516d23) Generated GUIDs only implemented for interfaces!
 -> (artifact id: '6cd324d2a38ea68c3d98d58208049e49') in 0.007628 seconds
Number of updated asset objects reloaded before import = 0
Number of asset objects unloaded after import = 2
========================================================================
Received Import Request.
  Time since last request: 0.000007 seconds.
  path: Assets/Imported Assets/Arabic Neoclassical/Street Road/Prefab/V3/V3_Road2Lane_Corner .prefab
  artifactKey: Guid(2eacb7baf44c4e74697df77d403f24d1) Importer(2089858483,0ecaa5967403d082aa24f35e1b516d23)
Start importing Assets/Imported Assets/Arabic Neoclassical/Street Road/Prefab/V3/V3_Road2Lane_Corner .prefab using Guid(2eacb7baf44c4e74697df77d403f24d1) Importer(2089858483,0ecaa5967403d082aa24f35e1b516d23) Generated GUIDs only implemented for interfaces!
 -> (artifact id: 'b30365c5e4728d589406177131df67e8') in 0.008130 seconds
Number of updated asset objects reloaded before import = 0
Number of asset objects unloaded after import = 7
========================================================================
Received Import Request.
  Time since last request: 0.000007 seconds.
  path: Assets/Imported Assets/Arabic Neoclassical/Street Road/Materials/V3/T_Road_V03_MetallicSmoothness.png
  artifactKey: Guid(1c620e97494b66f4992e17ff37e458d3) Importer(2089858483,0ecaa5967403d082aa24f35e1b516d23)
Start importing Assets/Imported Assets/Arabic Neoclassical/Street Road/Materials/V3/T_Road_V03_MetallicSmoothness.png using Guid(1c620e97494b66f4992e17ff37e458d3) Importer(2089858483,0ecaa5967403d082aa24f35e1b516d23) Generated GUIDs only implemented for interfaces!
 -> (artifact id: '3ef85139073a50393deee6f768bf9422') in 0.024683 seconds
Number of updated asset objects reloaded before import = 0
Number of asset objects unloaded after import = 1
========================================================================
Received Import Request.
  Time since last request: 0.000057 seconds.
  path: Assets/Imported Assets/Arabic Neoclassical/Street Road/Prefab/Dirt/Dirt_Road4Lane_Straight_04.prefab
  artifactKey: Guid(c88ac15db33eee14890df876744952c8) Importer(2089858483,0ecaa5967403d082aa24f35e1b516d23)
Start importing Assets/Imported Assets/Arabic Neoclassical/Street Road/Prefab/Dirt/Dirt_Road4Lane_Straight_04.prefab using Guid(c88ac15db33eee14890df876744952c8) Importer(2089858483,0ecaa5967403d082aa24f35e1b516d23) Generated GUIDs only implemented for interfaces!
 -> (artifact id: '1d283fdc17bf732ded4723f037a68a5c') in 0.007652 seconds
Number of updated asset objects reloaded before import = 0
Number of asset objects unloaded after import = 7
========================================================================
Received Import Request.
  Time since last request: 0.000010 seconds.
  path: Assets/Imported Assets/Arabic Neoclassical/Street Road/Prefab/V3/V3_Road4Lane_Straight.prefab
  artifactKey: Guid(847c7e9b64d2fde4f88d890a6f7ccc45) Importer(2089858483,0ecaa5967403d082aa24f35e1b516d23)
Start importing Assets/Imported Assets/Arabic Neoclassical/Street Road/Prefab/V3/V3_Road4Lane_Straight.prefab using Guid(847c7e9b64d2fde4f88d890a6f7ccc45) Importer(2089858483,0ecaa5967403d082aa24f35e1b516d23) Generated GUIDs only implemented for interfaces!
 -> (artifact id: 'ea2cda0a3e3b3ba9422855a70234ba19') in 0.009151 seconds
Number of updated asset objects reloaded before import = 0
Number of asset objects unloaded after import = 7
========================================================================
Received Import Request.
  Time since last request: 0.000008 seconds.
  path: Assets/Imported Assets/Mess Maker Free/Materials/Textures/rock_albedo.tif
  artifactKey: Guid(d388afed2c3848e41954afc5a012db25) Importer(2089858483,0ecaa5967403d082aa24f35e1b516d23)
Start importing Assets/Imported Assets/Mess Maker Free/Materials/Textures/rock_albedo.tif using Guid(d388afed2c3848e41954afc5a012db25) Importer(2089858483,0ecaa5967403d082aa24f35e1b516d23) Generated GUIDs only implemented for interfaces!
 -> (artifact id: '8de2b79da2628177d636e8e4601e1eca') in 0.014745 seconds
Number of updated asset objects reloaded before import = 0
Number of asset objects unloaded after import = 1
========================================================================
Received Import Request.
  Time since last request: 0.000062 seconds.
  path: Assets/Imported Assets/Mess Maker Free/Materials/Textures/Chicken Bone NRM.png
  artifactKey: Guid(164b14f55ca68e94cb8abc775977f969) Importer(2089858483,0ecaa5967403d082aa24f35e1b516d23)
Start importing Assets/Imported Assets/Mess Maker Free/Materials/Textures/Chicken Bone NRM.png using Guid(164b14f55ca68e94cb8abc775977f969) Importer(2089858483,0ecaa5967403d082aa24f35e1b516d23) Generated GUIDs only implemented for interfaces!
 -> (artifact id: '7ee1159dc1a414bf07916fc1310f2de7') in 0.014484 seconds
Number of updated asset objects reloaded before import = 0
Number of asset objects unloaded after import = 1
========================================================================
Received Import Request.
  Time since last request: 0.000054 seconds.
  path: Assets/Imported Assets/Survivalist/Texture/Equip/T_Military_Backpack1_nmap.png
  artifactKey: Guid(86be675eda5dd074cb0ac76cf0766822) Importer(2089858483,0ecaa5967403d082aa24f35e1b516d23)
Start importing Assets/Imported Assets/Survivalist/Texture/Equip/T_Military_Backpack1_nmap.png using Guid(86be675eda5dd074cb0ac76cf0766822) Importer(2089858483,0ecaa5967403d082aa24f35e1b516d23) Generated GUIDs only implemented for interfaces!
 -> (artifact id: 'f9a16db2a5abd10dd808196bc3c68be9') in 0.015897 seconds
Number of updated asset objects reloaded before import = 0
Number of asset objects unloaded after import = 1
========================================================================
Received Import Request.
  Time since last request: 0.000044 seconds.
  path: Assets/Imported Assets/Mess Maker Free/Materials/Textures/CityMapNrm.png
  artifactKey: Guid(503e094516ae6c74cb7b8f62f67c86cf) Importer(2089858483,0ecaa5967403d082aa24f35e1b516d23)
Start importing Assets/Imported Assets/Mess Maker Free/Materials/Textures/CityMapNrm.png using Guid(503e094516ae6c74cb7b8f62f67c86cf) Importer(2089858483,0ecaa5967403d082aa24f35e1b516d23) Generated GUIDs only implemented for interfaces!
 -> (artifact id: 'ea651ef33d8859d75b931f041a361b9f') in 0.015759 seconds
Number of updated asset objects reloaded before import = 0
Number of asset objects unloaded after import = 1
========================================================================
Received Import Request.
  Time since last request: 0.000026 seconds.
  path: Assets/Imported Assets/Mess Maker Free/Prefabs/Rocks/Rock 3 Low.prefab
  artifactKey: Guid(390f57d3767a2c3458d1c16bbf5a7da8) Importer(2089858483,0ecaa5967403d082aa24f35e1b516d23)
Start importing Assets/Imported Assets/Mess Maker Free/Prefabs/Rocks/Rock 3 Low.prefab using Guid(390f57d3767a2c3458d1c16bbf5a7da8) Importer(2089858483,0ecaa5967403d082aa24f35e1b516d23) Generated GUIDs only implemented for interfaces!
 -> (artifact id: 'd76b8feb0bb09b797fa61b27b13e4790') in 0.008314 seconds
Number of updated asset objects reloaded before import = 0
Number of asset objects unloaded after import = 9
========================================================================
Received Import Request.
  Time since last request: 0.000008 seconds.
  path: Assets/Imported Assets/Survivalist/Texture/Equip/T_Military_Vest1_Skin2_color.png
  artifactKey: Guid(be0fea8b7906fb344a9d7ee7094fbde8) Importer(2089858483,0ecaa5967403d082aa24f35e1b516d23)
Start importing Assets/Imported Assets/Survivalist/Texture/Equip/T_Military_Vest1_Skin2_color.png using Guid(be0fea8b7906fb344a9d7ee7094fbde8) Importer(2089858483,0ecaa5967403d082aa24f35e1b516d23) Generated GUIDs only implemented for interfaces!
 -> (artifact id: 'b93ae0bfb136fe747c1a42f96be246d3') in 0.015864 seconds
Number of updated asset objects reloaded before import = 0
Number of asset objects unloaded after import = 1
========================================================================
Received Import Request.
  Time since last request: 0.000037 seconds.
  path: Assets/Imported Assets/Mess Maker Free/Materials/Textures/Soda Can Red.png
  artifactKey: Guid(754b175c75937c047b9d2e904b1250ec) Importer(2089858483,0ecaa5967403d082aa24f35e1b516d23)
Start importing Assets/Imported Assets/Mess Maker Free/Materials/Textures/Soda Can Red.png using Guid(754b175c75937c047b9d2e904b1250ec) Importer(2089858483,0ecaa5967403d082aa24f35e1b516d23) Generated GUIDs only implemented for interfaces!
 -> (artifact id: '8133a8cc7da1b55a4255243625f15450') in 0.015106 seconds
Number of updated asset objects reloaded before import = 0
Number of asset objects unloaded after import = 1
========================================================================
Received Import Request.
  Time since last request: 0.000041 seconds.
  path: Assets/Imported Assets/Simple Vehicle Pack/Textures/Mobile/cars_2_diffuse.tif
  artifactKey: Guid(41d0c53e915d46e49aaae294fe16d245) Importer(2089858483,0ecaa5967403d082aa24f35e1b516d23)
Start importing Assets/Imported Assets/Simple Vehicle Pack/Textures/Mobile/cars_2_diffuse.tif using Guid(41d0c53e915d46e49aaae294fe16d245) Importer(2089858483,0ecaa5967403d082aa24f35e1b516d23) Generated GUIDs only implemented for interfaces!
 -> (artifact id: 'dc24662c0373404bb4835967c9caccfc') in 0.015470 seconds
Number of updated asset objects reloaded before import = 0
Number of asset objects unloaded after import = 1
========================================================================
Received Import Request.
  Time since last request: 0.000051 seconds.
  path: Assets/Imported Assets/Simple Vehicle Pack/Textures/Mobile/bus_2_diffuse.tif
  artifactKey: Guid(7d7f8880f115b9841ba7617ceec2604e) Importer(2089858483,0ecaa5967403d082aa24f35e1b516d23)
Start importing Assets/Imported Assets/Simple Vehicle Pack/Textures/Mobile/bus_2_diffuse.tif using Guid(7d7f8880f115b9841ba7617ceec2604e) Importer(2089858483,0ecaa5967403d082aa24f35e1b516d23) Generated GUIDs only implemented for interfaces!
 -> (artifact id: '5ddacedfb17083e7b512275882b8aa65') in 0.014312 seconds
Number of updated asset objects reloaded before import = 0
Number of asset objects unloaded after import = 1
========================================================================
Received Import Request.
  Time since last request: 0.000092 seconds.
  path: Assets/Imported Assets/Survivalist/Texture/Top/T_Military_Caps1_Skin2_color.png
  artifactKey: Guid(8e45990b79a92e34f92acdc462704577) Importer(2089858483,0ecaa5967403d082aa24f35e1b516d23)
Start importing Assets/Imported Assets/Survivalist/Texture/Top/T_Military_Caps1_Skin2_color.png using Guid(8e45990b79a92e34f92acdc462704577) Importer(2089858483,0ecaa5967403d082aa24f35e1b516d23) Generated GUIDs only implemented for interfaces!
 -> (artifact id: '9bbddaecee304450c0a91c0d02322bf3') in 0.016319 seconds
Number of updated asset objects reloaded before import = 0
Number of asset objects unloaded after import = 1
========================================================================
Received Import Request.
  Time since last request: 0.000060 seconds.
  path: Assets/Imported Assets/Mellow Fox studios/Versatile Building Kit - 15 Medium Poly Models for Game Development/Prefabs/Building 14.prefab
  artifactKey: Guid(b4fe6847423ae9f438e6635ee9d01172) Importer(2089858483,0ecaa5967403d082aa24f35e1b516d23)
Start importing Assets/Imported Assets/Mellow Fox studios/Versatile Building Kit - 15 Medium Poly Models for Game Development/Prefabs/Building 14.prefab using Guid(b4fe6847423ae9f438e6635ee9d01172) Importer(2089858483,0ecaa5967403d082aa24f35e1b516d23) Generated GUIDs only implemented for interfaces!
 -> (artifact id: 'e791d350968f569eb2787829dbebbc8f') in 0.008697 seconds
Number of updated asset objects reloaded before import = 0
Number of asset objects unloaded after import = 14
========================================================================
Received Import Request.
  Time since last request: 0.000008 seconds.
  path: Assets/Imported Assets/Simple Vehicle Pack/Prefabs/Mobile/Bus_1.prefab
  artifactKey: Guid(6717c7c2d677a9f439f502029ec5b22a) Importer(2089858483,0ecaa5967403d082aa24f35e1b516d23)
Start importing Assets/Imported Assets/Simple Vehicle Pack/Prefabs/Mobile/Bus_1.prefab using Guid(6717c7c2d677a9f439f502029ec5b22a) Importer(2089858483,0ecaa5967403d082aa24f35e1b516d23) Generated GUIDs only implemented for interfaces!
 -> (artifact id: 'db835a40705ea307c5b46b6fbee2324f') in 0.006367 seconds
Number of updated asset objects reloaded before import = 0
Number of asset objects unloaded after import = 29
========================================================================
Received Import Request.
  Time since last request: 0.000008 seconds.
  path: Assets/Imported Assets/Arabic Neoclassical/Street Road/Prefab/V3/V3_Road4Lane_Straight_05.prefab
  artifactKey: Guid(2e44e08943138e54fba999623ec4aa3c) Importer(2089858483,0ecaa5967403d082aa24f35e1b516d23)
Start importing Assets/Imported Assets/Arabic Neoclassical/Street Road/Prefab/V3/V3_Road4Lane_Straight_05.prefab using Guid(2e44e08943138e54fba999623ec4aa3c) Importer(2089858483,0ecaa5967403d082aa24f35e1b516d23) Generated GUIDs only implemented for interfaces!
 -> (artifact id: 'c8a767845615b44790767d9bd0aaa930') in 0.007933 seconds
Number of updated asset objects reloaded before import = 0
Number of asset objects unloaded after import = 7
========================================================================
Received Import Request.
  Time since last request: 0.000008 seconds.
  path: Assets/Imported Assets/genSuit/Textures/Dark Blue/genSuit_DarkBlue_NM.tif
  artifactKey: Guid(c44bfe4a9cf7d484a95e081f3eb86c53) Importer(2089858483,0ecaa5967403d082aa24f35e1b516d23)
Start importing Assets/Imported Assets/genSuit/Textures/Dark Blue/genSuit_DarkBlue_NM.tif using Guid(c44bfe4a9cf7d484a95e081f3eb86c53) Importer(2089858483,0ecaa5967403d082aa24f35e1b516d23) Generated GUIDs only implemented for interfaces!
 -> (artifact id: '0e789676446ba8669ff3d1eb7e032fc4') in 0.025436 seconds
Number of updated asset objects reloaded before import = 0
Number of asset objects unloaded after import = 1
========================================================================
Received Import Request.
  Time since last request: 0.000022 seconds.
  path: Assets/Imported Assets/Mellow Fox studios/Versatile Building Kit - 15 Medium Poly Models for Game Development/Demo/Overview.unity
  artifactKey: Guid(99c9720ab356a0642a771bea13969a05) Importer(2089858483,0ecaa5967403d082aa24f35e1b516d23)
Start importing Assets/Imported Assets/Mellow Fox studios/Versatile Building Kit - 15 Medium Poly Models for Game Development/Demo/Overview.unity using Guid(99c9720ab356a0642a771bea13969a05) Importer(2089858483,0ecaa5967403d082aa24f35e1b516d23) Generated GUIDs only implemented for interfaces!
 -> (artifact id: '9d8ff7bbcb0838e61720987a3cf17550') in 0.005943 seconds
Number of updated asset objects reloaded before import = 0
Number of asset objects unloaded after import = 1
========================================================================
Received Import Request.
  Time since last request: 0.000115 seconds.
  path: Assets/Imported Assets/Simple Vehicle Pack/Models/Materials/No Name.mat
  artifactKey: Guid(64cbce3e9cf6f7e4b889e606242e360c) Importer(2089858483,0ecaa5967403d082aa24f35e1b516d23)
Start importing Assets/Imported Assets/Simple Vehicle Pack/Models/Materials/No Name.mat using Guid(64cbce3e9cf6f7e4b889e606242e360c) Importer(2089858483,0ecaa5967403d082aa24f35e1b516d23) Generated GUIDs only implemented for interfaces!
 -> (artifact id: 'a7de3d2d2df319a3896443369d7fc8f4') in 0.007837 seconds
Number of updated asset objects reloaded before import = 0
Number of asset objects unloaded after import = 1
========================================================================
Received Import Request.
  Time since last request: 0.000048 seconds.
  path: Assets/Imported Assets/Arabic Neoclassical/Street Road/Prefab/Dirt/Dirt_Road2Lane_Curb.prefab
  artifactKey: Guid(b120cd805aa75814cbe6c057ab5062b0) Importer(2089858483,0ecaa5967403d082aa24f35e1b516d23)
Start importing Assets/Imported Assets/Arabic Neoclassical/Street Road/Prefab/Dirt/Dirt_Road2Lane_Curb.prefab using Guid(b120cd805aa75814cbe6c057ab5062b0) Importer(2089858483,0ecaa5967403d082aa24f35e1b516d23) Generated GUIDs only implemented for interfaces!
 -> (artifact id: '990bb89cf3f9c85e99bec528a0c9edab') in 0.007142 seconds
Number of updated asset objects reloaded before import = 0
Number of asset objects unloaded after import = 7
========================================================================
Received Import Request.
  Time since last request: 0.000008 seconds.
  path: Assets/Imported Assets/Arabic Neoclassical/Street Road/Prefab/Dirt/Dirt_Road2Lane_Straight_05.prefab
  artifactKey: Guid(a6f01e42b28b2f447862aa61820a811e) Importer(2089858483,0ecaa5967403d082aa24f35e1b516d23)
Start importing Assets/Imported Assets/Arabic Neoclassical/Street Road/Prefab/Dirt/Dirt_Road2Lane_Straight_05.prefab using Guid(a6f01e42b28b2f447862aa61820a811e) Importer(2089858483,0ecaa5967403d082aa24f35e1b516d23) Generated GUIDs only implemented for interfaces!
 -> (artifact id: 'ec3e83b5edba16cebd95891712f06fd3') in 0.008617 seconds
Number of updated asset objects reloaded before import = 0
Number of asset objects unloaded after import = 7
========================================================================
Received Import Request.
  Time since last request: 0.000009 seconds.
  path: Assets/Imported Assets/Kevin Iglesias/Human Animations/Models/HumanM_Model.fbx
  artifactKey: Guid(2faa610713d3b3c439473daa55e8c60a) Importer(2089858483,0ecaa5967403d082aa24f35e1b516d23)
Start importing Assets/Imported Assets/Kevin Iglesias/Human Animations/Models/HumanM_Model.fbx using Guid(2faa610713d3b3c439473daa55e8c60a) Importer(2089858483,0ecaa5967403d082aa24f35e1b516d23) Generated GUIDs only implemented for interfaces!
 -> (artifact id: 'bc317aad8bea145304830c33820bd913') in 0.015584 seconds
Number of updated asset objects reloaded before import = 0
Number of asset objects unloaded after import = 124
========================================================================
Received Import Request.
  Time since last request: 0.000009 seconds.
  path: Assets/Imported Assets/ARCADE - FREE Racing Car/Skybox/Day/Textures/Bottom.png
  artifactKey: Guid(d09270a5be941b14e8cd76b7d0347e0b) Importer(2089858483,0ecaa5967403d082aa24f35e1b516d23)
Start importing Assets/Imported Assets/ARCADE - FREE Racing Car/Skybox/Day/Textures/Bottom.png using Guid(d09270a5be941b14e8cd76b7d0347e0b) Importer(2089858483,0ecaa5967403d082aa24f35e1b516d23) Generated GUIDs only implemented for interfaces!
 -> (artifact id: '790f27ea97e51fbcebff2e515230a7e7') in 0.017171 seconds
Number of updated asset objects reloaded before import = 0
Number of asset objects unloaded after import = 1
========================================================================
Received Import Request.
  Time since last request: 0.000050 seconds.
  path: Assets/Imported Assets/Mess Maker Free/Prefabs/High Poly/Glass Bottles/Vodka Bottle with label.prefab
  artifactKey: Guid(339314c23caf8624c92e84209ddaac73) Importer(2089858483,0ecaa5967403d082aa24f35e1b516d23)
Start importing Assets/Imported Assets/Mess Maker Free/Prefabs/High Poly/Glass Bottles/Vodka Bottle with label.prefab using Guid(339314c23caf8624c92e84209ddaac73) Importer(2089858483,0ecaa5967403d082aa24f35e1b516d23) Generated GUIDs only implemented for interfaces!
 -> (artifact id: '2346965ecb2250ca8341d82c149a1932') in 0.009488 seconds
Number of updated asset objects reloaded before import = 0
Number of asset objects unloaded after import = 14
========================================================================
Received Import Request.
  Time since last request: 0.000009 seconds.
  path: Assets/Imported Assets/Mess Maker Free/Prefabs/High Poly/Porcelin and Pottery/Mug White Broken.prefab
  artifactKey: Guid(6e76fda8b4b9c214e815d61ddf722aa8) Importer(2089858483,0ecaa5967403d082aa24f35e1b516d23)
Start importing Assets/Imported Assets/Mess Maker Free/Prefabs/High Poly/Porcelin and Pottery/Mug White Broken.prefab using Guid(6e76fda8b4b9c214e815d61ddf722aa8) Importer(2089858483,0ecaa5967403d082aa24f35e1b516d23) Generated GUIDs only implemented for interfaces!
 -> (artifact id: '0a9a215c636fb1e9421013bd80c2b0ea') in 0.008165 seconds
Number of updated asset objects reloaded before import = 0
Number of asset objects unloaded after import = 9
========================================================================
Received Import Request.
  Time since last request: 0.000007 seconds.
  path: Assets/Imported Assets/Easy FPS/Model_Animations_Textures/main character/Textures/Sword_Normal.tif
  artifactKey: Guid(28db9c905bafa5446bcc4bfd40bb1be3) Importer(2089858483,0ecaa5967403d082aa24f35e1b516d23)
Start importing Assets/Imported Assets/Easy FPS/Model_Animations_Textures/main character/Textures/Sword_Normal.tif using Guid(28db9c905bafa5446bcc4bfd40bb1be3) Importer(2089858483,0ecaa5967403d082aa24f35e1b516d23) Generated GUIDs only implemented for interfaces!
 -> (artifact id: '721799fbc392d993fb2edb7800d77ad6') in 0.016460 seconds
Number of updated asset objects reloaded before import = 0
Number of asset objects unloaded after import = 1
========================================================================
Received Import Request.
  Time since last request: 0.000033 seconds.
  path: Assets/Imported Assets/Mess Maker Free/Prefabs/High Poly/Glass Bottles/Beer Bottle Blue with Label.prefab
  artifactKey: Guid(adffeaf7a5f1f6a49b3d7d275ca84f2e) Importer(2089858483,0ecaa5967403d082aa24f35e1b516d23)
Start importing Assets/Imported Assets/Mess Maker Free/Prefabs/High Poly/Glass Bottles/Beer Bottle Blue with Label.prefab using Guid(adffeaf7a5f1f6a49b3d7d275ca84f2e) Importer(2089858483,0ecaa5967403d082aa24f35e1b516d23) Generated GUIDs only implemented for interfaces!
 -> (artifact id: '5ac152891cfc0409bf2b660db3d32e35') in 0.009613 seconds
Number of updated asset objects reloaded before import = 0
Number of asset objects unloaded after import = 14
========================================================================
Received Import Request.
  Time since last request: 0.000008 seconds.
  path: Assets/Imported Assets/Kevin Iglesias/Human Animations/Animations/Masked Poses/Human@ObjectGripHands01.fbx
  artifactKey: Guid(a92ad04671c1e2c42ab2feb0e9ac684c) Importer(2089858483,0ecaa5967403d082aa24f35e1b516d23)
Start importing Assets/Imported Assets/Kevin Iglesias/Human Animations/Animations/Masked Poses/Human@ObjectGripHands01.fbx using Guid(a92ad04671c1e2c42ab2feb0e9ac684c) Importer(2089858483,0ecaa5967403d082aa24f35e1b516d23) Generated GUIDs only implemented for interfaces!
 -> (artifact id: '00c90b8baa407a752b79737807219ff1') in 0.017545 seconds
Number of updated asset objects reloaded before import = 0
Number of asset objects unloaded after import = 120
========================================================================
Received Import Request.
  Time since last request: 0.000008 seconds.
  path: Assets/Imported Assets/Mess Maker Free/Prefabs/High Poly/Cans/Beer Can Blue Crushed.prefab
  artifactKey: Guid(1a55f6ba8b72d7b4e90f993836efaad7) Importer(2089858483,0ecaa5967403d082aa24f35e1b516d23)
Start importing Assets/Imported Assets/Mess Maker Free/Prefabs/High Poly/Cans/Beer Can Blue Crushed.prefab using Guid(1a55f6ba8b72d7b4e90f993836efaad7) Importer(2089858483,0ecaa5967403d082aa24f35e1b516d23) Generated GUIDs only implemented for interfaces!
 -> (artifact id: '1ffebb8375e223e34bf9f4f963a6bd19') in 0.009663 seconds
Number of updated asset objects reloaded before import = 0
Number of asset objects unloaded after import = 14
========================================================================
Received Import Request.
  Time since last request: 0.000010 seconds.
  path: Assets/Imported Assets/Easy FPS/Model_Animations_Textures/main character/Textures/Weapon_Albedo.png
  artifactKey: Guid(eef52f85ff593ba4cb30ef6df2ca5854) Importer(2089858483,0ecaa5967403d082aa24f35e1b516d23)
Start importing Assets/Imported Assets/Easy FPS/Model_Animations_Textures/main character/Textures/Weapon_Albedo.png using Guid(eef52f85ff593ba4cb30ef6df2ca5854) Importer(2089858483,0ecaa5967403d082aa24f35e1b516d23) Generated GUIDs only implemented for interfaces!
 -> (artifact id: '32ffb17aacad422c0849f239effbac86') in 0.014671 seconds
Number of updated asset objects reloaded before import = 0
Number of asset objects unloaded after import = 1
========================================================================
Received Import Request.
  Time since last request: 0.000027 seconds.
  path: Assets/Imported Assets/Mess Maker Free/Prefabs/Low Poly/Cans/Beer Can Red Crushed.prefab
  artifactKey: Guid(d346a7c25a992d94a9a1af7f234074b3) Importer(2089858483,0ecaa5967403d082aa24f35e1b516d23)
Start importing Assets/Imported Assets/Mess Maker Free/Prefabs/Low Poly/Cans/Beer Can Red Crushed.prefab using Guid(d346a7c25a992d94a9a1af7f234074b3) Importer(2089858483,0ecaa5967403d082aa24f35e1b516d23) Generated GUIDs only implemented for interfaces!
 -> (artifact id: 'ca07d5f64fca36247828ca3f10e2172f') in 0.008495 seconds
Number of updated asset objects reloaded before import = 0
Number of asset objects unloaded after import = 14
========================================================================
Received Import Request.
  Time since last request: 0.000008 seconds.
  path: Assets/Imported Assets/Easy FPS/Model_Animations_Textures/ironSight_addon/Materials/red_dot.mat
  artifactKey: Guid(0b7e3b77b1fc74b639825b9b8e5ddb81) Importer(2089858483,0ecaa5967403d082aa24f35e1b516d23)
Start importing Assets/Imported Assets/Easy FPS/Model_Animations_Textures/ironSight_addon/Materials/red_dot.mat using Guid(0b7e3b77b1fc74b639825b9b8e5ddb81) Importer(2089858483,0ecaa5967403d082aa24f35e1b516d23) Generated GUIDs only implemented for interfaces!
 -> (artifact id: 'a54bea9ccfc102c8b123d45277416425') in 0.007430 seconds
Number of updated asset objects reloaded before import = 0
Number of asset objects unloaded after import = 2
========================================================================
Received Import Request.
  Time since last request: 0.000008 seconds.
  path: Assets/Imported Assets/Mess Maker Free/Prefabs/High Poly/Cans/Soda Can Orange Crushed.prefab
  artifactKey: Guid(1710829442f9c9d4eb7b72a86cb006b8) Importer(2089858483,0ecaa5967403d082aa24f35e1b516d23)
Start importing Assets/Imported Assets/Mess Maker Free/Prefabs/High Poly/Cans/Soda Can Orange Crushed.prefab using Guid(1710829442f9c9d4eb7b72a86cb006b8) Importer(2089858483,0ecaa5967403d082aa24f35e1b516d23) Generated GUIDs only implemented for interfaces!
 -> (artifact id: '9e41b8730bbb409cc25e3a9659b064ed') in 0.052596 seconds
Number of updated asset objects reloaded before import = 0
Number of asset objects unloaded after import = 14
========================================================================
Received Import Request.
  Time since last request: 0.000011 seconds.
  path: Assets/Imported Assets/Kevin Iglesias/Human Animations/Models/Avatar Masks/Human Body Upper Mask.mask
  artifactKey: Guid(142a22760aae7114f82e9cfc781709d0) Importer(2089858483,0ecaa5967403d082aa24f35e1b516d23)
Start importing Assets/Imported Assets/Kevin Iglesias/Human Animations/Models/Avatar Masks/Human Body Upper Mask.mask using Guid(142a22760aae7114f82e9cfc781709d0) Importer(2089858483,0ecaa5967403d082aa24f35e1b516d23) Generated GUIDs only implemented for interfaces!
 -> (artifact id: '294bcf568beb6632cb2dc665a92f68d3') in 0.011448 seconds
Number of updated asset objects reloaded before import = 0
Number of asset objects unloaded after import = 1
========================================================================
Received Import Request.
  Time since last request: 0.000015 seconds.
  path: Assets/Imported Assets/Arabic Neoclassical/Street Road/Prefab/Dirt/Dirt_Road4Lane_Straight_03.prefab
  artifactKey: Guid(162b394e03817084bb9efd0944b4e5c4) Importer(2089858483,0ecaa5967403d082aa24f35e1b516d23)
Start importing Assets/Imported Assets/Arabic Neoclassical/Street Road/Prefab/Dirt/Dirt_Road4Lane_Straight_03.prefab using Guid(162b394e03817084bb9efd0944b4e5c4) Importer(2089858483,0ecaa5967403d082aa24f35e1b516d23) Generated GUIDs only implemented for interfaces!
 -> (artifact id: '81a7aabe28ec92de855ecf80f603d739') in 0.007981 seconds
Number of updated asset objects reloaded before import = 0
Number of asset objects unloaded after import = 7
========================================================================
Received Import Request.
  Time since last request: 0.000026 seconds.
  path: Assets/Imported Assets/Mess Maker Free/Scenes/DemoScene/Lightmap-0_comp_light.exr
  artifactKey: Guid(0421685a9e0234447ba18b99abc1d964) Importer(2089858483,0ecaa5967403d082aa24f35e1b516d23)
Start importing Assets/Imported Assets/Mess Maker Free/Scenes/DemoScene/Lightmap-0_comp_light.exr using Guid(0421685a9e0234447ba18b99abc1d964) Importer(2089858483,0ecaa5967403d082aa24f35e1b516d23) Generated GUIDs only implemented for interfaces!
 -> (artifact id: '8683522f960df74bc4d81ec51f2fe3ea') in 0.016329 seconds
Number of updated asset objects reloaded before import = 0
Number of asset objects unloaded after import = 1
========================================================================
Received Import Request.
  Time since last request: 0.000028 seconds.
  path: Assets/Imported Assets/Survivalist/Texture/Bottom/T_Military_Pants2_ao.png
  artifactKey: Guid(7a55a9b144055da46bbed7ba5a0ba2c4) Importer(2089858483,0ecaa5967403d082aa24f35e1b516d23)
Start importing Assets/Imported Assets/Survivalist/Texture/Bottom/T_Military_Pants2_ao.png using Guid(7a55a9b144055da46bbed7ba5a0ba2c4) Importer(2089858483,0ecaa5967403d082aa24f35e1b516d23) Generated GUIDs only implemented for interfaces!
 -> (artifact id: 'e8ee5a5d20928ab9b9e5fb33e13cde50') in 0.016263 seconds
Number of updated asset objects reloaded before import = 0
Number of asset objects unloaded after import = 1
========================================================================
Received Import Request.
  Time since last request: 0.000107 seconds.
  path: Assets/Imported Assets/Mess Maker Free/Scenes/DemoScene/Lightmap-0_comp_dir.png
  artifactKey: Guid(a809ec937055c9b4b8f5d8d47c5865da) Importer(2089858483,0ecaa5967403d082aa24f35e1b516d23)
Start importing Assets/Imported Assets/Mess Maker Free/Scenes/DemoScene/Lightmap-0_comp_dir.png using Guid(a809ec937055c9b4b8f5d8d47c5865da) Importer(2089858483,0ecaa5967403d082aa24f35e1b516d23) Generated GUIDs only implemented for interfaces!
 -> (artifact id: '3c8ffa4b7314899970e18fb0bea4b991') in 0.015141 seconds
Number of updated asset objects reloaded before import = 0
Number of asset objects unloaded after import = 1
========================================================================
Received Import Request.
  Time since last request: 0.000031 seconds.
  path: Assets/Imported Assets/genSuit/Textures/Beige/genSuit_Beige_S.tif
  artifactKey: Guid(88147fc87e8bbcf43a2aa90dcb1d464b) Importer(2089858483,0ecaa5967403d082aa24f35e1b516d23)
Start importing Assets/Imported Assets/genSuit/Textures/Beige/genSuit_Beige_S.tif using Guid(88147fc87e8bbcf43a2aa90dcb1d464b) Importer(2089858483,0ecaa5967403d082aa24f35e1b516d23) Generated GUIDs only implemented for interfaces!
 -> (artifact id: '182096add7a4d80feccad3e1babe9796') in 0.018915 seconds
Number of updated asset objects reloaded before import = 0
Number of asset objects unloaded after import = 1
========================================================================
Received Import Request.
  Time since last request: 0.000026 seconds.
  path: Assets/Imported Assets/Survivalist/Texture/Body/T_Military_Eyes1_albedo.png
  artifactKey: Guid(3d82294e66691b34d9582a79eeb3dea5) Importer(2089858483,0ecaa5967403d082aa24f35e1b516d23)
Start importing Assets/Imported Assets/Survivalist/Texture/Body/T_Military_Eyes1_albedo.png using Guid(3d82294e66691b34d9582a79eeb3dea5) Importer(2089858483,0ecaa5967403d082aa24f35e1b516d23) Generated GUIDs only implemented for interfaces!
 -> (artifact id: 'f6943f95fb1013d0592789a431fedb41') in 0.013478 seconds
Number of updated asset objects reloaded before import = 0
Number of asset objects unloaded after import = 1
========================================================================
Received Import Request.
  Time since last request: 0.000064 seconds.
  path: Assets/Imported Assets/Mess Maker Free/Prefabs/High Poly/Glass Bottles/Wine Bottle Red.prefab
  artifactKey: Guid(202eba5672e16314589aab5392ac3ccf) Importer(2089858483,0ecaa5967403d082aa24f35e1b516d23)
Start importing Assets/Imported Assets/Mess Maker Free/Prefabs/High Poly/Glass Bottles/Wine Bottle Red.prefab using Guid(202eba5672e16314589aab5392ac3ccf) Importer(2089858483,0ecaa5967403d082aa24f35e1b516d23) Generated GUIDs only implemented for interfaces!
 -> (artifact id: '3f0dc1ec1a9a6937d8b1907f986eba38') in 0.008625 seconds
Number of updated asset objects reloaded before import = 0
Number of asset objects unloaded after import = 9
========================================================================
Received Import Request.
  Time since last request: 0.000008 seconds.
  path: Assets/Imported Assets/Mess Maker Free/Prefabs/High Poly/Cans/Soda Can Red Crushed.prefab
  artifactKey: Guid(b77571231801e2c47ba0f08c87dbbdf2) Importer(2089858483,0ecaa5967403d082aa24f35e1b516d23)
Start importing Assets/Imported Assets/Mess Maker Free/Prefabs/High Poly/Cans/Soda Can Red Crushed.prefab using Guid(b77571231801e2c47ba0f08c87dbbdf2) Importer(2089858483,0ecaa5967403d082aa24f35e1b516d23) Generated GUIDs only implemented for interfaces!
 -> (artifact id: '23985c15e18329ef28ab822e23151975') in 0.009573 seconds
Number of updated asset objects reloaded before import = 0
Number of asset objects unloaded after import = 14
========================================================================
Received Import Request.
  Time since last request: 0.000008 seconds.
  path: Assets/Imported Assets/Mess Maker Free/Prefabs/Rocks/Rock 5.prefab
  artifactKey: Guid(33e3861a8856ea54e8caaa7ec9557c63) Importer(2089858483,0ecaa5967403d082aa24f35e1b516d23)
Start importing Assets/Imported Assets/Mess Maker Free/Prefabs/Rocks/Rock 5.prefab using Guid(33e3861a8856ea54e8caaa7ec9557c63) Importer(2089858483,0ecaa5967403d082aa24f35e1b516d23) Generated GUIDs only implemented for interfaces!
 -> (artifact id: '54aaccc468fe9fed6e90cc9b2a9d0f75') in 0.008249 seconds
Number of updated asset objects reloaded before import = 0
Number of asset objects unloaded after import = 9
========================================================================
Received Import Request.
  Time since last request: 0.000008 seconds.
  path: Assets/Imported Assets/Mess Maker Free/Prefabs/High Poly/Cans/Beer Can Blue.prefab
  artifactKey: Guid(6b52fdac14b689b4bb073d05d46c6335) Importer(2089858483,0ecaa5967403d082aa24f35e1b516d23)
Start importing Assets/Imported Assets/Mess Maker Free/Prefabs/High Poly/Cans/Beer Can Blue.prefab using Guid(6b52fdac14b689b4bb073d05d46c6335) Importer(2089858483,0ecaa5967403d082aa24f35e1b516d23) Generated GUIDs only implemented for interfaces!
 -> (artifact id: 'd440de4b816627cbe5bd8b1042741aff') in 0.009290 seconds
Number of updated asset objects reloaded before import = 0
Number of asset objects unloaded after import = 14
========================================================================
Received Import Request.
  Time since last request: 0.000014 seconds.
  path: Assets/Imported Assets/Mess Maker Free/Prefabs/High Poly/Porcelin and Pottery/Mug Wood.prefab
  artifactKey: Guid(0c151e8b229a7e34ab8f87c12c618a32) Importer(2089858483,0ecaa5967403d082aa24f35e1b516d23)
Start importing Assets/Imported Assets/Mess Maker Free/Prefabs/High Poly/Porcelin and Pottery/Mug Wood.prefab using Guid(0c151e8b229a7e34ab8f87c12c618a32) Importer(2089858483,0ecaa5967403d082aa24f35e1b516d23) Generated GUIDs only implemented for interfaces!
 -> (artifact id: '7781ef67b0d9a7bb177dcaad4b542573') in 0.008639 seconds
Number of updated asset objects reloaded before import = 0
Number of asset objects unloaded after import = 9
========================================================================
Received Import Request.
  Time since last request: 0.000008 seconds.
  path: Assets/Imported Assets/ARCADE - FREE Racing Car/Skybox/Night/Textures/Top.png
  artifactKey: Guid(e4d8993639f071845bb71cdd5ccaf886) Importer(2089858483,0ecaa5967403d082aa24f35e1b516d23)
Start importing Assets/Imported Assets/ARCADE - FREE Racing Car/Skybox/Night/Textures/Top.png using Guid(e4d8993639f071845bb71cdd5ccaf886) Importer(2089858483,0ecaa5967403d082aa24f35e1b516d23) Generated GUIDs only implemented for interfaces!
 -> (artifact id: '14dc8f60b12c0028ef7497f12600b161') in 0.014116 seconds
Number of updated asset objects reloaded before import = 0
Number of asset objects unloaded after import = 1
========================================================================
Received Import Request.
  Time since last request: 0.000037 seconds.
  path: Assets/Imported Assets/Mellow Fox studios/Versatile Building Kit - 15 Medium Poly Models for Game Development/Prefabs/Building 13.prefab
  artifactKey: Guid(71d5933ed7716244b901d5e31f047fb4) Importer(2089858483,0ecaa5967403d082aa24f35e1b516d23)
Start importing Assets/Imported Assets/Mellow Fox studios/Versatile Building Kit - 15 Medium Poly Models for Game Development/Prefabs/Building 13.prefab using Guid(71d5933ed7716244b901d5e31f047fb4) Importer(2089858483,0ecaa5967403d082aa24f35e1b516d23) Generated GUIDs only implemented for interfaces!
 -> (artifact id: '4bc63fbbcd28e6cc6a985f3ff526ac53') in 0.014012 seconds
Number of updated asset objects reloaded before import = 0
Number of asset objects unloaded after import = 14
========================================================================
Received Import Request.
  Time since last request: 0.000008 seconds.
  path: Assets/Imported Assets/Mess Maker Free/Prefabs/High Poly/Cans/Soda Can Green Crushed.prefab
  artifactKey: Guid(57bc59eb149f5e5459dea44ded379c87) Importer(2089858483,0ecaa5967403d082aa24f35e1b516d23)
Start importing Assets/Imported Assets/Mess Maker Free/Prefabs/High Poly/Cans/Soda Can Green Crushed.prefab using Guid(57bc59eb149f5e5459dea44ded379c87) Importer(2089858483,0ecaa5967403d082aa24f35e1b516d23) Generated GUIDs only implemented for interfaces!
 -> (artifact id: '29a06b51eb42e45b6cf78e7131b8c419') in 0.008339 seconds
Number of updated asset objects reloaded before import = 0
Number of asset objects unloaded after import = 14
========================================================================
Received Import Request.
  Time since last request: 0.000008 seconds.
  path: Assets/Imported Assets/Survivalist/Texture/Top/T_Military_Shirt3_ao.png
  artifactKey: Guid(8fab7c1d184c98d4eb2c25e1b6a41286) Importer(2089858483,0ecaa5967403d082aa24f35e1b516d23)
Start importing Assets/Imported Assets/Survivalist/Texture/Top/T_Military_Shirt3_ao.png using Guid(8fab7c1d184c98d4eb2c25e1b6a41286) Importer(2089858483,0ecaa5967403d082aa24f35e1b516d23) Generated GUIDs only implemented for interfaces!
 -> (artifact id: 'd1eb60868a31cc5d04baa29904e30e8c') in 0.014272 seconds
Number of updated asset objects reloaded before import = 0
Number of asset objects unloaded after import = 1
========================================================================
Received Import Request.
  Time since last request: 0.000062 seconds.
  path: Assets/Imported Assets/Mess Maker Free/Materials/Textures/AppleCoreAlbido 1.png
  artifactKey: Guid(ddb9b087963480343b1c3af917532959) Importer(2089858483,0ecaa5967403d082aa24f35e1b516d23)
Start importing Assets/Imported Assets/Mess Maker Free/Materials/Textures/AppleCoreAlbido 1.png using Guid(ddb9b087963480343b1c3af917532959) Importer(2089858483,0ecaa5967403d082aa24f35e1b516d23) Generated GUIDs only implemented for interfaces!
 -> (artifact id: '7668975e6da570dfee98668b6340cd4d') in 0.014041 seconds
Number of updated asset objects reloaded before import = 0
Number of asset objects unloaded after import = 1
========================================================================
Received Import Request.
  Time since last request: 0.000065 seconds.
  path: Assets/Imported Assets/Easy FPS/Model_Animations_Textures/main character/Textures/Hands_Normal.png
  artifactKey: Guid(bb6e21fc33d021445997c0c0f718d561) Importer(2089858483,0ecaa5967403d082aa24f35e1b516d23)
Start importing Assets/Imported Assets/Easy FPS/Model_Animations_Textures/main character/Textures/Hands_Normal.png using Guid(bb6e21fc33d021445997c0c0f718d561) Importer(2089858483,0ecaa5967403d082aa24f35e1b516d23) Generated GUIDs only implemented for interfaces!
 -> (artifact id: 'f490118921679d9616915f4bd2cb2382') in 0.016788 seconds
Number of updated asset objects reloaded before import = 0
Number of asset objects unloaded after import = 1
========================================================================
Received Import Request.
  Time since last request: 0.000046 seconds.
  path: Assets/Imported Assets/Mellow Fox studios/Versatile Building Kit - 15 Medium Poly Models for Game Development/Meshes/Building 3/Building3.fbx
  artifactKey: Guid(96c7693725dee6649a372ec0c1e06096) Importer(2089858483,0ecaa5967403d082aa24f35e1b516d23)
Start importing Assets/Imported Assets/Mellow Fox studios/Versatile Building Kit - 15 Medium Poly Models for Game Development/Meshes/Building 3/Building3.fbx using Guid(96c7693725dee6649a372ec0c1e06096) Importer(2089858483,0ecaa5967403d082aa24f35e1b516d23) Generated GUIDs only implemented for interfaces!
 -> (artifact id: '595fe1a1ef77ef4356f8aaefc280c3f5') in 0.027384 seconds
Number of updated asset objects reloaded before import = 0
Number of asset objects unloaded after import = 12
========================================================================
Received Import Request.
  Time since last request: 0.000010 seconds.
  path: Assets/Imported Assets/Mess Maker Free/Prefabs/High Poly/Porcelin and Pottery/Mug White.prefab
  artifactKey: Guid(bd0d4897a6517e64ca6c38ed50bfe5d2) Importer(2089858483,0ecaa5967403d082aa24f35e1b516d23)
Start importing Assets/Imported Assets/Mess Maker Free/Prefabs/High Poly/Porcelin and Pottery/Mug White.prefab using Guid(bd0d4897a6517e64ca6c38ed50bfe5d2) Importer(2089858483,0ecaa5967403d082aa24f35e1b516d23) Generated GUIDs only implemented for interfaces!
 -> (artifact id: '732d374b1d4b3d799f125368da63d324') in 0.008300 seconds
Number of updated asset objects reloaded before import = 0
Number of asset objects unloaded after import = 9
========================================================================
Received Import Request.
  Time since last request: 0.000008 seconds.
  path: Assets/Imported Assets/Easy FPS/Sounds/playerSound/die_02.wav
  artifactKey: Guid(682d11da94be903499903ad0057578b3) Importer(2089858483,0ecaa5967403d082aa24f35e1b516d23)
Start importing Assets/Imported Assets/Easy FPS/Sounds/playerSound/die_02.wav using Guid(682d11da94be903499903ad0057578b3) Importer(2089858483,0ecaa5967403d082aa24f35e1b516d23) Generated GUIDs only implemented for interfaces!
 -> (artifact id: '1b5ad8908fb564405ba584d997902db1') in 0.023151 seconds
Number of updated asset objects reloaded before import = 0
Number of asset objects unloaded after import = 1
========================================================================
Received Import Request.
  Time since last request: 0.000010 seconds.
  path: Assets/Imported Assets/Easy FPS/Model_Animations_Textures/ironSight_addon/Materials/defaultMat.mat
  artifactKey: Guid(8d62b1b538b2045779d60431588fe5b4) Importer(2089858483,0ecaa5967403d082aa24f35e1b516d23)
Start importing Assets/Imported Assets/Easy FPS/Model_Animations_Textures/ironSight_addon/Materials/defaultMat.mat using Guid(8d62b1b538b2045779d60431588fe5b4) Importer(2089858483,0ecaa5967403d082aa24f35e1b516d23) Generated GUIDs only implemented for interfaces!
 -> (artifact id: '89ba708c267007329e8604689eaac0fc') in 0.010700 seconds
Number of updated asset objects reloaded before import = 0
Number of asset objects unloaded after import = 5
========================================================================
Received Import Request.
  Time since last request: 0.000009 seconds.
  path: Assets/Imported Assets/Arabic Neoclassical/Street Road/Prefab/V3/V3_Road2Lane_Intersection_3Way_02.prefab
  artifactKey: Guid(26df3b8ecefc36e42a28d74836978b91) Importer(2089858483,0ecaa5967403d082aa24f35e1b516d23)
Start importing Assets/Imported Assets/Arabic Neoclassical/Street Road/Prefab/V3/V3_Road2Lane_Intersection_3Way_02.prefab using Guid(26df3b8ecefc36e42a28d74836978b91) Importer(2089858483,0ecaa5967403d082aa24f35e1b516d23) Generated GUIDs only implemented for interfaces!
 -> (artifact id: 'a6910161bc2aaf398579ce47dc26f941') in 0.007788 seconds
Number of updated asset objects reloaded before import = 0
Number of asset objects unloaded after import = 7
========================================================================
Received Import Request.
  Time since last request: 0.000010 seconds.
  path: Assets/Imported Assets/Survivalist/Texture/Top/T_Military_Caps1_Skin3_color.png
  artifactKey: Guid(818a2037f0d09c341a8f02e2c58533ae) Importer(2089858483,0ecaa5967403d082aa24f35e1b516d23)
Start importing Assets/Imported Assets/Survivalist/Texture/Top/T_Military_Caps1_Skin3_color.png using Guid(818a2037f0d09c341a8f02e2c58533ae) Importer(2089858483,0ecaa5967403d082aa24f35e1b516d23) Generated GUIDs only implemented for interfaces!
 -> (artifact id: '6b1163b20761080c7c2e8c19583a77e8') in 0.016760 seconds
Number of updated asset objects reloaded before import = 0
Number of asset objects unloaded after import = 1
========================================================================
Received Import Request.
  Time since last request: 0.000030 seconds.
  path: Assets/Imported Assets/Mellow Fox studios/Versatile Building Kit - 15 Medium Poly Models for Game Development/Meshes/Building 2/Building2.fbx
  artifactKey: Guid(4b46f447e58b57a41a24a008435a36fb) Importer(2089858483,0ecaa5967403d082aa24f35e1b516d23)
Start importing Assets/Imported Assets/Mellow Fox studios/Versatile Building Kit - 15 Medium Poly Models for Game Development/Meshes/Building 2/Building2.fbx using Guid(4b46f447e58b57a41a24a008435a36fb) Importer(2089858483,0ecaa5967403d082aa24f35e1b516d23) Generated GUIDs only implemented for interfaces!
 -> (artifact id: '4f3750665ad0518ec35e1c842c5d6296') in 0.027014 seconds
Number of updated asset objects reloaded before import = 0
Number of asset objects unloaded after import = 12
========================================================================
Received Import Request.
  Time since last request: 0.000011 seconds.
  path: Assets/Imported Assets/Kevin Iglesias/Human Animations/Unity Demo Scenes/Human Basic Motions/AnimatorControllers/HumanF@Sprint01_Forward.controller
  artifactKey: Guid(7faeb0aa409545f4b8ce6af989c66fbd) Importer(2089858483,0ecaa5967403d082aa24f35e1b516d23)
Start importing Assets/Imported Assets/Kevin Iglesias/Human Animations/Unity Demo Scenes/Human Basic Motions/AnimatorControllers/HumanF@Sprint01_Forward.controller using Guid(7faeb0aa409545f4b8ce6af989c66fbd) Importer(2089858483,0ecaa5967403d082aa24f35e1b516d23) Generated GUIDs only implemented for interfaces!
 -> (artifact id: 'afd7575f7524e2df321d2746272cab01') in 0.010222 seconds
Number of updated asset objects reloaded before import = 0
Number of asset objects unloaded after import = 4
========================================================================
Received Import Request.
  Time since last request: 0.000008 seconds.
  path: Assets/Imported Assets/Survivalist/StarterAssets/Editor/PackageChecker/PackageChecker.cs
  artifactKey: Guid(7315d24058889bb4da8c959c3f2ebaa2) Importer(2089858483,0ecaa5967403d082aa24f35e1b516d23)
Start importing Assets/Imported Assets/Survivalist/StarterAssets/Editor/PackageChecker/PackageChecker.cs using Guid(7315d24058889bb4da8c959c3f2ebaa2) Importer(2089858483,0ecaa5967403d082aa24f35e1b516d23) Generated GUIDs only implemented for interfaces!
 -> (artifact id: '8e34c066ea8ac699b5092e50ae7be47a') in 0.007062 seconds
Number of updated asset objects reloaded before import = 0
Number of asset objects unloaded after import = 1
========================================================================
Received Import Request.
  Time since last request: 0.000047 seconds.
  path: Assets/Imported Assets/Mess Maker Free/Prefabs/Low Poly/Glass Bottles/Beer Bottle Red with Label.prefab
  artifactKey: Guid(23aff9c48b65f194ebd7a8e6221879b7) Importer(2089858483,0ecaa5967403d082aa24f35e1b516d23)
Start importing Assets/Imported Assets/Mess Maker Free/Prefabs/Low Poly/Glass Bottles/Beer Bottle Red with Label.prefab using Guid(23aff9c48b65f194ebd7a8e6221879b7) Importer(2089858483,0ecaa5967403d082aa24f35e1b516d23) Generated GUIDs only implemented for interfaces!
 -> (artifact id: 'e7ba9204010490c3dac0253a9c2288d2') in 0.007965 seconds
Number of updated asset objects reloaded before import = 0
Number of asset objects unloaded after import = 14
========================================================================
Received Import Request.
  Time since last request: 0.000008 seconds.
  path: Assets/Imported Assets/Kevin Iglesias/Human Animations/Unity Demo Scenes/Human Basic Motions/AnimatorControllers/HumanF@Run01_ForwardLeft.controller
  artifactKey: Guid(ffe97a0911b1e854b9a77c2752c38bb3) Importer(2089858483,0ecaa5967403d082aa24f35e1b516d23)
Start importing Assets/Imported Assets/Kevin Iglesias/Human Animations/Unity Demo Scenes/Human Basic Motions/AnimatorControllers/HumanF@Run01_ForwardLeft.controller using Guid(ffe97a0911b1e854b9a77c2752c38bb3) Importer(2089858483,0ecaa5967403d082aa24f35e1b516d23) Generated GUIDs only implemented for interfaces!
 -> (artifact id: 'e17da57587af3dc9217c4395cd00f53d') in 0.006605 seconds
Number of updated asset objects reloaded before import = 0
Number of asset objects unloaded after import = 4
========================================================================
Received Import Request.
  Time since last request: 0.000007 seconds.
  path: Assets/Imported Assets/Mess Maker Free/Prefabs/Low Poly/Glass Bottles/Wine Bottle Green Broke 2.prefab
  artifactKey: Guid(8330d6a315e0fbb47a53be06e566ae6f) Importer(2089858483,0ecaa5967403d082aa24f35e1b516d23)
Start importing Assets/Imported Assets/Mess Maker Free/Prefabs/Low Poly/Glass Bottles/Wine Bottle Green Broke 2.prefab using Guid(8330d6a315e0fbb47a53be06e566ae6f) Importer(2089858483,0ecaa5967403d082aa24f35e1b516d23) Generated GUIDs only implemented for interfaces!
 -> (artifact id: '2902ec8fe858d1daa2d1ecbb7a220e0d') in 0.009056 seconds
Number of updated asset objects reloaded before import = 0
Number of asset objects unloaded after import = 9
========================================================================
Received Import Request.
  Time since last request: 0.000007 seconds.
  path: Assets/Imported Assets/Kevin Iglesias/Human Animations/Unity Demo Scenes/Human Basic Motions/AnimatorControllers/HumanF@Run01_BackwardLeft.controller
  artifactKey: Guid(f290f141e25553a42923c9a164832310) Importer(2089858483,0ecaa5967403d082aa24f35e1b516d23)
Start importing Assets/Imported Assets/Kevin Iglesias/Human Animations/Unity Demo Scenes/Human Basic Motions/AnimatorControllers/HumanF@Run01_BackwardLeft.controller using Guid(f290f141e25553a42923c9a164832310) Importer(2089858483,0ecaa5967403d082aa24f35e1b516d23) Generated GUIDs only implemented for interfaces!
 -> (artifact id: 'c0750b116670995ff2c515ee56bf8677') in 0.006881 seconds
Number of updated asset objects reloaded before import = 0
Number of asset objects unloaded after import = 4
========================================================================
Received Import Request.
  Time since last request: 0.000009 seconds.
  path: Assets/Imported Assets/Kevin Iglesias/Human Animations/Models/Avatar Masks/Arms/Human Arm Right Mask.mask
  artifactKey: Guid(a1efc4df860a2fe4a8c3e44b28fd963e) Importer(2089858483,0ecaa5967403d082aa24f35e1b516d23)
Start importing Assets/Imported Assets/Kevin Iglesias/Human Animations/Models/Avatar Masks/Arms/Human Arm Right Mask.mask using Guid(a1efc4df860a2fe4a8c3e44b28fd963e) Importer(2089858483,0ecaa5967403d082aa24f35e1b516d23) Generated GUIDs only implemented for interfaces!
 -> (artifact id: '88294e78ecbdb2f67a68e04a6a7156bb') in 0.005914 seconds
Number of updated asset objects reloaded before import = 0
Number of asset objects unloaded after import = 1
========================================================================
Received Import Request.
  Time since last request: 0.000037 seconds.
  path: Assets/Imported Assets/Kevin Iglesias/Human Animations/Animations/Male/Idles/HumanM@Idle02-Idle01.fbx
  artifactKey: Guid(e23ec565e5d40ad4d94e0af6010f22c8) Importer(2089858483,0ecaa5967403d082aa24f35e1b516d23)
Start importing Assets/Imported Assets/Kevin Iglesias/Human Animations/Animations/Male/Idles/HumanM@Idle02-Idle01.fbx using Guid(e23ec565e5d40ad4d94e0af6010f22c8) Importer(2089858483,0ecaa5967403d082aa24f35e1b516d23) Generated GUIDs only implemented for interfaces!
 -> (artifact id: '22f5af68a8004ee4fed1b876cce2542d') in 0.016460 seconds
Number of updated asset objects reloaded before import = 0
Number of asset objects unloaded after import = 120
========================================================================
Received Import Request.
  Time since last request: 0.000008 seconds.
  path: Assets/Imported Assets/Mess Maker Free/Prefabs/Low Poly/Cans/Soda Can Orange.prefab
  artifactKey: Guid(ee6951d938497174989b85bc977b2e7a) Importer(2089858483,0ecaa5967403d082aa24f35e1b516d23)
Start importing Assets/Imported Assets/Mess Maker Free/Prefabs/Low Poly/Cans/Soda Can Orange.prefab using Guid(ee6951d938497174989b85bc977b2e7a) Importer(2089858483,0ecaa5967403d082aa24f35e1b516d23) Generated GUIDs only implemented for interfaces!
 -> (artifact id: '494195016bd21a2e721f0042dca67498') in 0.008300 seconds
Number of updated asset objects reloaded before import = 0
Number of asset objects unloaded after import = 14
========================================================================
Received Import Request.
  Time since last request: 0.000009 seconds.
  path: Assets/Imported Assets/Mess Maker Free/Prefabs/Low Poly/Porcelin and Pottery/Mug White.prefab
  artifactKey: Guid(f40a62fcb2acbf8409aee9456b5d86c0) Importer(2089858483,0ecaa5967403d082aa24f35e1b516d23)
Start importing Assets/Imported Assets/Mess Maker Free/Prefabs/Low Poly/Porcelin and Pottery/Mug White.prefab using Guid(f40a62fcb2acbf8409aee9456b5d86c0) Importer(2089858483,0ecaa5967403d082aa24f35e1b516d23) Generated GUIDs only implemented for interfaces!
 -> (artifact id: '23e7e394ad97f13ce75365a3ce6b5d1e') in 0.007403 seconds
Number of updated asset objects reloaded before import = 0
Number of asset objects unloaded after import = 9
========================================================================
Received Import Request.
  Time since last request: 0.000009 seconds.
  path: Assets/Imported Assets/Mess Maker Free/Prefabs/Low Poly/Food/Chicken Bone.prefab
  artifactKey: Guid(95ba25c767eeddc46899aa0fd76f63be) Importer(2089858483,0ecaa5967403d082aa24f35e1b516d23)
Start importing Assets/Imported Assets/Mess Maker Free/Prefabs/Low Poly/Food/Chicken Bone.prefab using Guid(95ba25c767eeddc46899aa0fd76f63be) Importer(2089858483,0ecaa5967403d082aa24f35e1b516d23) Generated GUIDs only implemented for interfaces!
 -> (artifact id: '10fef520fc8c8831c32ca9dd5880425d') in 0.008451 seconds
Number of updated asset objects reloaded before import = 0
Number of asset objects unloaded after import = 9
========================================================================
Received Import Request.
  Time since last request: 0.000015 seconds.
  path: Assets/Imported Assets/Kevin Iglesias/Human Animations/Unity Demo Scenes/Human Basic Motions/AnimatorControllers/HumanF@Run01_Backward.controller
  artifactKey: Guid(b0fd912b264479d4caab7d086e90f5e0) Importer(2089858483,0ecaa5967403d082aa24f35e1b516d23)
Start importing Assets/Imported Assets/Kevin Iglesias/Human Animations/Unity Demo Scenes/Human Basic Motions/AnimatorControllers/HumanF@Run01_Backward.controller using Guid(b0fd912b264479d4caab7d086e90f5e0) Importer(2089858483,0ecaa5967403d082aa24f35e1b516d23) Generated GUIDs only implemented for interfaces!
 -> (artifact id: 'aa5ab9574653f99061908ea8c33baaab') in 0.006718 seconds
Number of updated asset objects reloaded before import = 0
Number of asset objects unloaded after import = 4
========================================================================
Received Import Request.
  Time since last request: 0.000009 seconds.
  path: Assets/Imported Assets/Mess Maker Free/Prefabs/Low Poly/Glass Bottles/Beer Bottle Blue with Label.prefab
  artifactKey: Guid(b39bc46f5f5fc5243bb9c1ec0245b63a) Importer(2089858483,0ecaa5967403d082aa24f35e1b516d23)
Start importing Assets/Imported Assets/Mess Maker Free/Prefabs/Low Poly/Glass Bottles/Beer Bottle Blue with Label.prefab using Guid(b39bc46f5f5fc5243bb9c1ec0245b63a) Importer(2089858483,0ecaa5967403d082aa24f35e1b516d23) Generated GUIDs only implemented for interfaces!
 -> (artifact id: 'e0784639541bc1568c8f76eaf5811f21') in 0.008179 seconds
Number of updated asset objects reloaded before import = 0
Number of asset objects unloaded after import = 14
========================================================================
Received Import Request.
  Time since last request: 0.000009 seconds.
  path: Assets/Imported Assets/Kevin Iglesias/Human Animations/Unity Demo Scenes/Human Basic Motions/AnimatorControllers/HumanF@Sprint01_ForwardLeft.controller
  artifactKey: Guid(2c7117c9fecccdb4aa848779f6a91d9f) Importer(2089858483,0ecaa5967403d082aa24f35e1b516d23)
Start importing Assets/Imported Assets/Kevin Iglesias/Human Animations/Unity Demo Scenes/Human Basic Motions/AnimatorControllers/HumanF@Sprint01_ForwardLeft.controller using Guid(2c7117c9fecccdb4aa848779f6a91d9f) Importer(2089858483,0ecaa5967403d082aa24f35e1b516d23) Generated GUIDs only implemented for interfaces!
 -> (artifact id: '6eb47f107e664c0068fa841d58001cde') in 0.007169 seconds
Number of updated asset objects reloaded before import = 0
Number of asset objects unloaded after import = 4
========================================================================
Received Import Request.
  Time since last request: 0.000039 seconds.
  path: Assets/Imported Assets/Kevin Iglesias/Human Animations/Models/Avatar Masks/Hands/Human Hands Mask.mask
  artifactKey: Guid(69b447faf5895f1428a1131028d8893c) Importer(2089858483,0ecaa5967403d082aa24f35e1b516d23)
Start importing Assets/Imported Assets/Kevin Iglesias/Human Animations/Models/Avatar Masks/Hands/Human Hands Mask.mask using Guid(69b447faf5895f1428a1131028d8893c) Importer(2089858483,0ecaa5967403d082aa24f35e1b516d23) Generated GUIDs only implemented for interfaces!
 -> (artifact id: 'bda3523d5c6183b80ce2a903fe2515b8') in 0.006260 seconds
Number of updated asset objects reloaded before import = 0
Number of asset objects unloaded after import = 1
========================================================================
Received Import Request.
  Time since last request: 0.000040 seconds.
  path: Assets/Imported Assets/Kevin Iglesias/Human Animations/Models/Avatar Masks/Arms/Human Arm Left Mask.mask
  artifactKey: Guid(3c01d1ed15a1c0f49b77151cfdaa3e8d) Importer(2089858483,0ecaa5967403d082aa24f35e1b516d23)
Start importing Assets/Imported Assets/Kevin Iglesias/Human Animations/Models/Avatar Masks/Arms/Human Arm Left Mask.mask using Guid(3c01d1ed15a1c0f49b77151cfdaa3e8d) Importer(2089858483,0ecaa5967403d082aa24f35e1b516d23) Generated GUIDs only implemented for interfaces!
 -> (artifact id: '9019be3c44644b676acacc703c9c0626') in 0.005533 seconds
Number of updated asset objects reloaded before import = 0
Number of asset objects unloaded after import = 1
========================================================================
Received Import Request.
  Time since last request: 0.000057 seconds.
  path: Assets/Imported Assets/Mess Maker Free/Prefabs/Low Poly/Cans/Soda Can Orange Crushed.prefab
  artifactKey: Guid(aa391fa7c7d49314785fa3f647c03048) Importer(2089858483,0ecaa5967403d082aa24f35e1b516d23)
Start importing Assets/Imported Assets/Mess Maker Free/Prefabs/Low Poly/Cans/Soda Can Orange Crushed.prefab using Guid(aa391fa7c7d49314785fa3f647c03048) Importer(2089858483,0ecaa5967403d082aa24f35e1b516d23) Generated GUIDs only implemented for interfaces!
 -> (artifact id: '890733fd3a11dbdd2d0834f9033415d0') in 0.008463 seconds
Number of updated asset objects reloaded before import = 0
Number of asset objects unloaded after import = 14
========================================================================
Received Import Request.
  Time since last request: 0.000007 seconds.
  path: Assets/Imported Assets/Mess Maker Free/Prefabs/Low Poly/Glass Bottles/Wine Bottle Green with Label 1.prefab
  artifactKey: Guid(8c044803a69471e439f6be56b9f30f15) Importer(2089858483,0ecaa5967403d082aa24f35e1b516d23)
Start importing Assets/Imported Assets/Mess Maker Free/Prefabs/Low Poly/Glass Bottles/Wine Bottle Green with Label 1.prefab using Guid(8c044803a69471e439f6be56b9f30f15) Importer(2089858483,0ecaa5967403d082aa24f35e1b516d23) Generated GUIDs only implemented for interfaces!
 -> (artifact id: '11415fc3c8f40e7237f7dda3709fade7') in 0.007945 seconds
Number of updated asset objects reloaded before import = 0
Number of asset objects unloaded after import = 14
========================================================================
Received Import Request.
  Time since last request: 0.000007 seconds.
  path: Assets/Imported Assets/Simple Vehicle Pack/Prefabs/Mobile/Taxi.prefab
  artifactKey: Guid(6f993fa0f8fc9f045888054c717741b4) Importer(2089858483,0ecaa5967403d082aa24f35e1b516d23)
Start importing Assets/Imported Assets/Simple Vehicle Pack/Prefabs/Mobile/Taxi.prefab using Guid(6f993fa0f8fc9f045888054c717741b4) Importer(2089858483,0ecaa5967403d082aa24f35e1b516d23) Generated GUIDs only implemented for interfaces!
 -> (artifact id: '3c2b1f43bac1231b82e4e1b97d9bf75a') in 0.006298 seconds
Number of updated asset objects reloaded before import = 0
Number of asset objects unloaded after import = 29
========================================================================
Received Import Request.
  Time since last request: 0.000008 seconds.
  path: Assets/Imported Assets/Arabic Neoclassical/Street Road/Prefab/V3/V3_Road4Lane_Straight_03.prefab
  artifactKey: Guid(f568f4adb550304409ae03dde39597e7) Importer(2089858483,0ecaa5967403d082aa24f35e1b516d23)
Start importing Assets/Imported Assets/Arabic Neoclassical/Street Road/Prefab/V3/V3_Road4Lane_Straight_03.prefab using Guid(f568f4adb550304409ae03dde39597e7) Importer(2089858483,0ecaa5967403d082aa24f35e1b516d23) Generated GUIDs only implemented for interfaces!
 -> (artifact id: '344265c3da6c2699d2d1151d002686c7') in 0.009354 seconds
Number of updated asset objects reloaded before import = 0
Number of asset objects unloaded after import = 7
========================================================================
Received Import Request.
  Time since last request: 0.000009 seconds.
  path: Assets/Imported Assets/Survivalist/Texture/Top/T_Military_Caps1_nmap.png
  artifactKey: Guid(195be4d6f16c7954ca199d771d8bec22) Importer(2089858483,0ecaa5967403d082aa24f35e1b516d23)
Start importing Assets/Imported Assets/Survivalist/Texture/Top/T_Military_Caps1_nmap.png using Guid(195be4d6f16c7954ca199d771d8bec22) Importer(2089858483,0ecaa5967403d082aa24f35e1b516d23) Generated GUIDs only implemented for interfaces!
 -> (artifact id: 'd6def44c62826666eb448227a107031e') in 0.016115 seconds
Number of updated asset objects reloaded before import = 0
Number of asset objects unloaded after import = 1
========================================================================
Received Import Request.
  Time since last request: 0.000008 seconds.
  path: Assets/Imported Assets/Mess Maker Free/Prefabs/Low Poly/Cans/Soda Can Red.prefab
  artifactKey: Guid(dcbc01726f8551e4895aa72699112ee4) Importer(2089858483,0ecaa5967403d082aa24f35e1b516d23)
Start importing Assets/Imported Assets/Mess Maker Free/Prefabs/Low Poly/Cans/Soda Can Red.prefab using Guid(dcbc01726f8551e4895aa72699112ee4) Importer(2089858483,0ecaa5967403d082aa24f35e1b516d23) Generated GUIDs only implemented for interfaces!
 -> (artifact id: '6e120b214029b4ca656c415fb49a6c8a') in 0.007789 seconds
Number of updated asset objects reloaded before import = 0
Number of asset objects unloaded after import = 14
========================================================================
Received Import Request.
  Time since last request: 0.000009 seconds.
  path: Assets/Imported Assets/Kevin Iglesias/Human Animations/Models/HumanF_Model.fbx
  artifactKey: Guid(1841c298173cdad4db8df8602c8f1c8d) Importer(2089858483,0ecaa5967403d082aa24f35e1b516d23)
Start importing Assets/Imported Assets/Kevin Iglesias/Human Animations/Models/HumanF_Model.fbx using Guid(1841c298173cdad4db8df8602c8f1c8d) Importer(2089858483,0ecaa5967403d082aa24f35e1b516d23) Generated GUIDs only implemented for interfaces!
 -> (artifact id: '91eb3894abea136175c42eba3c635b0f') in 0.014936 seconds
Number of updated asset objects reloaded before import = 0
Number of asset objects unloaded after import = 124
========================================================================
Received Import Request.
  Time since last request: 0.000008 seconds.
  path: Assets/Imported Assets/Mess Maker Free/Materials/Textures/Wood Normal.png
  artifactKey: Guid(3dd41c17629f83941aa2347b91373729) Importer(2089858483,0ecaa5967403d082aa24f35e1b516d23)
Start importing Assets/Imported Assets/Mess Maker Free/Materials/Textures/Wood Normal.png using Guid(3dd41c17629f83941aa2347b91373729) Importer(2089858483,0ecaa5967403d082aa24f35e1b516d23) Generated GUIDs only implemented for interfaces!
 -> (artifact id: 'd30ad78b32ffa84c3ba5d6392ed19f08') in 0.014448 seconds
Number of updated asset objects reloaded before import = 0
Number of asset objects unloaded after import = 1
========================================================================
Received Import Request.
  Time since last request: 0.000066 seconds.
  path: Assets/Imported Assets/Simple Vehicle Pack/Prefabs/Mobile/Car_3.prefab
  artifactKey: Guid(6d56b50e711a5204d9059e0c99b70eda) Importer(2089858483,0ecaa5967403d082aa24f35e1b516d23)
Start importing Assets/Imported Assets/Simple Vehicle Pack/Prefabs/Mobile/Car_3.prefab using Guid(6d56b50e711a5204d9059e0c99b70eda) Importer(2089858483,0ecaa5967403d082aa24f35e1b516d23) Generated GUIDs only implemented for interfaces!
 -> (artifact id: '27f7af971d1a4926210f48c7a50dfc02') in 0.006681 seconds
Number of updated asset objects reloaded before import = 0
Number of asset objects unloaded after import = 29
========================================================================
Received Import Request.
  Time since last request: 0.000008 seconds.
  path: Assets/Imported Assets/Mess Maker Free/Prefabs/Low Poly/Food/Fish Bone 2.prefab
  artifactKey: Guid(9f4eb6324d951e44db05ce09a003bb0f) Importer(2089858483,0ecaa5967403d082aa24f35e1b516d23)
Start importing Assets/Imported Assets/Mess Maker Free/Prefabs/Low Poly/Food/Fish Bone 2.prefab using Guid(9f4eb6324d951e44db05ce09a003bb0f) Importer(2089858483,0ecaa5967403d082aa24f35e1b516d23) Generated GUIDs only implemented for interfaces!
 -> (artifact id: '30dae0ee3658e74b53d54e82a746e272') in 0.008205 seconds
Number of updated asset objects reloaded before import = 0
Number of asset objects unloaded after import = 9
========================================================================
Received Import Request.
  Time since last request: 0.000007 seconds.
  path: Assets/Imported Assets/Mess Maker Free/Prefabs/Low Poly/Glass Bottles/Vodka Bottle.prefab
  artifactKey: Guid(52cee41ff0ee4e24288d803c2f29b7a8) Importer(2089858483,0ecaa5967403d082aa24f35e1b516d23)
Start importing Assets/Imported Assets/Mess Maker Free/Prefabs/Low Poly/Glass Bottles/Vodka Bottle.prefab using Guid(52cee41ff0ee4e24288d803c2f29b7a8) Importer(2089858483,0ecaa5967403d082aa24f35e1b516d23) Generated GUIDs only implemented for interfaces!
 -> (artifact id: '56203ddec1a059ba4595f60c9e132b23') in 0.008538 seconds
Number of updated asset objects reloaded before import = 0
Number of asset objects unloaded after import = 9
========================================================================
Received Import Request.
  Time since last request: 0.000008 seconds.
  path: Assets/Imported Assets/Kevin Iglesias/Human Animations/Animations/Female/Idles/HumanF@Idle01-Idle02.fbx
  artifactKey: Guid(f3894581926850a43be23e43d5465af5) Importer(2089858483,0ecaa5967403d082aa24f35e1b516d23)
Start importing Assets/Imported Assets/Kevin Iglesias/Human Animations/Animations/Female/Idles/HumanF@Idle01-Idle02.fbx using Guid(f3894581926850a43be23e43d5465af5) Importer(2089858483,0ecaa5967403d082aa24f35e1b516d23) Generated GUIDs only implemented for interfaces!
 -> (artifact id: '6bd53e2782a3a7b4034e84a035186b15') in 0.017333 seconds
Number of updated asset objects reloaded before import = 0
Number of asset objects unloaded after import = 120
========================================================================
Received Import Request.
  Time since last request: 0.000010 seconds.
  path: Assets/Imported Assets/Arabic Neoclassical/Street Road/Prefab/Dirt/Dirt_Road4Lane_Straight.prefab
  artifactKey: Guid(8df8e666ba13431418ee1054399862c2) Importer(2089858483,0ecaa5967403d082aa24f35e1b516d23)
Start importing Assets/Imported Assets/Arabic Neoclassical/Street Road/Prefab/Dirt/Dirt_Road4Lane_Straight.prefab using Guid(8df8e666ba13431418ee1054399862c2) Importer(2089858483,0ecaa5967403d082aa24f35e1b516d23) Generated GUIDs only implemented for interfaces!
 -> (artifact id: '26aeaec69774046a804db1e439513953') in 0.007776 seconds
Number of updated asset objects reloaded before import = 0
Number of asset objects unloaded after import = 7
========================================================================
Received Import Request.
  Time since last request: 0.000008 seconds.
  path: Assets/Imported Assets/Survivalist/Texture/Equip/T_Military_Vest1_metalness.png
  artifactKey: Guid(0116fd986cb44d444b3e42625649d863) Importer(2089858483,0ecaa5967403d082aa24f35e1b516d23)
Start importing Assets/Imported Assets/Survivalist/Texture/Equip/T_Military_Vest1_metalness.png using Guid(0116fd986cb44d444b3e42625649d863) Importer(2089858483,0ecaa5967403d082aa24f35e1b516d23) Generated GUIDs only implemented for interfaces!
 -> (artifact id: '91619ed71c32edcf0bfb1d9b80cf69cf') in 0.013896 seconds
Number of updated asset objects reloaded before import = 0
Number of asset objects unloaded after import = 1
========================================================================
Received Import Request.
  Time since last request: 0.000044 seconds.
  path: Assets/Imported Assets/Survivalist/Texture/Equip/T_Military_Pouches1_ao.png
  artifactKey: Guid(1377b6fa6d741134d9edb0874fe48107) Importer(2089858483,0ecaa5967403d082aa24f35e1b516d23)
Start importing Assets/Imported Assets/Survivalist/Texture/Equip/T_Military_Pouches1_ao.png using Guid(1377b6fa6d741134d9edb0874fe48107) Importer(2089858483,0ecaa5967403d082aa24f35e1b516d23) Generated GUIDs only implemented for interfaces!
 -> (artifact id: 'cee85e18ce8da2fa27453d378483350b') in 0.015680 seconds
Number of updated asset objects reloaded before import = 0
Number of asset objects unloaded after import = 1
========================================================================
Received Import Request.
  Time since last request: 0.000069 seconds.
  path: Assets/Imported Assets/Arabic Neoclassical/Street Road/Prefab/V3/V3_Road2Lane_Straight_05.prefab
  artifactKey: Guid(290859e400233d44cb5418466d44a995) Importer(2089858483,0ecaa5967403d082aa24f35e1b516d23)
Start importing Assets/Imported Assets/Arabic Neoclassical/Street Road/Prefab/V3/V3_Road2Lane_Straight_05.prefab using Guid(290859e400233d44cb5418466d44a995) Importer(2089858483,0ecaa5967403d082aa24f35e1b516d23) Generated GUIDs only implemented for interfaces!
 -> (artifact id: '07cae74df33ab454071e90565ddc7032') in 0.007067 seconds
Number of updated asset objects reloaded before import = 0
Number of asset objects unloaded after import = 7
========================================================================
Received Import Request.
  Time since last request: 0.000010 seconds.
  path: Assets/Imported Assets/Mess Maker Free/Prefabs/High Poly/Glass Bottles/Wine Bottle Red with Label.prefab
  artifactKey: Guid(00ebca87e53d6fe4293c88f252496dec) Importer(2089858483,0ecaa5967403d082aa24f35e1b516d23)
Start importing Assets/Imported Assets/Mess Maker Free/Prefabs/High Poly/Glass Bottles/Wine Bottle Red with Label.prefab using Guid(00ebca87e53d6fe4293c88f252496dec) Importer(2089858483,0ecaa5967403d082aa24f35e1b516d23) Generated GUIDs only implemented for interfaces!
 -> (artifact id: 'fac6e43d60acc56a08b402dc2403eeb9') in 0.008985 seconds
Number of updated asset objects reloaded before import = 0
Number of asset objects unloaded after import = 14
========================================================================
Received Import Request.
  Time since last request: 0.000010 seconds.
  path: Assets/Imported Assets/Survivalist/Texture/Equip/T_Military_Gloves1_ao.png
  artifactKey: Guid(1f3993e45aeccbf40a77c0e9c44587a4) Importer(2089858483,0ecaa5967403d082aa24f35e1b516d23)
Start importing Assets/Imported Assets/Survivalist/Texture/Equip/T_Military_Gloves1_ao.png using Guid(1f3993e45aeccbf40a77c0e9c44587a4) Importer(2089858483,0ecaa5967403d082aa24f35e1b516d23) Generated GUIDs only implemented for interfaces!
 -> (artifact id: '95ff827293b167ef9fb42512ed33db2a') in 0.016739 seconds
Number of updated asset objects reloaded before import = 0
Number of asset objects unloaded after import = 1
========================================================================
Received Import Request.
  Time since last request: 0.000053 seconds.
  path: Assets/Imported Assets/Survivalist/Texture/Top/T_Military_Shirt3_Skin2_color.png
  artifactKey: Guid(6853f4323220c8a4f9fa2c15d3f266be) Importer(2089858483,0ecaa5967403d082aa24f35e1b516d23)
Start importing Assets/Imported Assets/Survivalist/Texture/Top/T_Military_Shirt3_Skin2_color.png using Guid(6853f4323220c8a4f9fa2c15d3f266be) Importer(2089858483,0ecaa5967403d082aa24f35e1b516d23) Generated GUIDs only implemented for interfaces!
 -> (artifact id: 'ccd55a6ba225f74ff414e194a94698d3') in 0.014962 seconds
Number of updated asset objects reloaded before import = 0
Number of asset objects unloaded after import = 1
========================================================================
Received Import Request.
  Time since last request: 0.000060 seconds.
  path: Assets/Imported Assets/Mess Maker Free/Materials/Textures/Soda Can Orange.png
  artifactKey: Guid(bc58a7c75d268d646b483b2a21814700) Importer(2089858483,0ecaa5967403d082aa24f35e1b516d23)
Start importing Assets/Imported Assets/Mess Maker Free/Materials/Textures/Soda Can Orange.png using Guid(bc58a7c75d268d646b483b2a21814700) Importer(2089858483,0ecaa5967403d082aa24f35e1b516d23) Generated GUIDs only implemented for interfaces!
 -> (artifact id: '079179cf15bd3aa2f4895b47408581ea') in 0.017421 seconds
Number of updated asset objects reloaded before import = 0
Number of asset objects unloaded after import = 1
========================================================================
Received Import Request.
  Time since last request: 0.000057 seconds.
  path: Assets/Imported Assets/Mellow Fox studios/Versatile Building Kit - 15 Medium Poly Models for Game Development/Prefabs/Building 10.prefab
  artifactKey: Guid(fe3f7830d8b2e934c9a08ae2d823ee09) Importer(2089858483,0ecaa5967403d082aa24f35e1b516d23)
Start importing Assets/Imported Assets/Mellow Fox studios/Versatile Building Kit - 15 Medium Poly Models for Game Development/Prefabs/Building 10.prefab using Guid(fe3f7830d8b2e934c9a08ae2d823ee09) Importer(2089858483,0ecaa5967403d082aa24f35e1b516d23) Generated GUIDs only implemented for interfaces!
 -> (artifact id: 'd273182382a78c47e840144ccbd06455') in 0.012457 seconds
Number of updated asset objects reloaded before import = 0
Number of asset objects unloaded after import = 14
========================================================================
Received Import Request.
  Time since last request: 0.000031 seconds.
  path: Assets/Imported Assets/Survivalist/Texture/FPS_Arms/T_Military_Hands3_ao.png
  artifactKey: Guid(a7ced969ac1c502439543f9be04c83a0) Importer(2089858483,0ecaa5967403d082aa24f35e1b516d23)
Start importing Assets/Imported Assets/Survivalist/Texture/FPS_Arms/T_Military_Hands3_ao.png using Guid(a7ced969ac1c502439543f9be04c83a0) Importer(2089858483,0ecaa5967403d082aa24f35e1b516d23) Generated GUIDs only implemented for interfaces!
 -> (artifact id: '1d6e98185352439a2bbb9708387eef9f') in 0.015520 seconds
Number of updated asset objects reloaded before import = 0
Number of asset objects unloaded after import = 1
========================================================================
Received Import Request.
  Time since last request: 0.000041 seconds.
  path: Assets/Imported Assets/Mess Maker Free/Prefabs/Low Poly/Cans/Beer Can Blue Crushed.prefab
  artifactKey: Guid(7690bf91c4240ca4b876e0de5b4034af) Importer(2089858483,0ecaa5967403d082aa24f35e1b516d23)
Start importing Assets/Imported Assets/Mess Maker Free/Prefabs/Low Poly/Cans/Beer Can Blue Crushed.prefab using Guid(7690bf91c4240ca4b876e0de5b4034af) Importer(2089858483,0ecaa5967403d082aa24f35e1b516d23) Generated GUIDs only implemented for interfaces!
 -> (artifact id: 'ad0ce5eb5cc375c296a07833718f35dc') in 0.008039 seconds
Number of updated asset objects reloaded before import = 0
Number of asset objects unloaded after import = 14
========================================================================
Received Import Request.
  Time since last request: 0.000008 seconds.
  path: Assets/Imported Assets/Survivalist/Materials HDRP/HDRP_Gloves1_Skin1.mat
  artifactKey: Guid(a4158358f065f2c42bc1bc8acc850552) Importer(2089858483,0ecaa5967403d082aa24f35e1b516d23)
Start importing Assets/Imported Assets/Survivalist/Materials HDRP/HDRP_Gloves1_Skin1.mat using Guid(a4158358f065f2c42bc1bc8acc850552) Importer(2089858483,0ecaa5967403d082aa24f35e1b516d23) Generated GUIDs only implemented for interfaces!
 -> (artifact id: 'dd7d14228f1b022c312d94548ba8eecd') in 0.006710 seconds
Number of updated asset objects reloaded before import = 0
Number of asset objects unloaded after import = 1
========================================================================
Received Import Request.
  Time since last request: 0.000088 seconds.
  path: Assets/Imported Assets/Survivalist/Materials URP/URP_Backpack1_Skin1.mat
  artifactKey: Guid(1cddc3097f086754c9af375afced67ff) Importer(2089858483,0ecaa5967403d082aa24f35e1b516d23)
Start importing Assets/Imported Assets/Survivalist/Materials URP/URP_Backpack1_Skin1.mat using Guid(1cddc3097f086754c9af375afced67ff) Importer(2089858483,0ecaa5967403d082aa24f35e1b516d23) Generated GUIDs only implemented for interfaces!
 -> (artifact id: 'e27c00261a5ce3890d8f6ec0a892fc84') in 0.007042 seconds
Number of updated asset objects reloaded before import = 0
Number of asset objects unloaded after import = 1
========================================================================
Received Import Request.
  Time since last request: 0.000067 seconds.
  path: Assets/Imported Assets/Arabic Neoclassical/Street Road/Prefab/V3/V3_Pavement.prefab
  artifactKey: Guid(fe8acfd69b73c6d48a54fabd8cba6125) Importer(2089858483,0ecaa5967403d082aa24f35e1b516d23)
Start importing Assets/Imported Assets/Arabic Neoclassical/Street Road/Prefab/V3/V3_Pavement.prefab using Guid(fe8acfd69b73c6d48a54fabd8cba6125) Importer(2089858483,0ecaa5967403d082aa24f35e1b516d23) Generated GUIDs only implemented for interfaces!
 -> (artifact id: '038aee7660d0770588eb7b3d95c51236') in 0.007950 seconds
Number of updated asset objects reloaded before import = 0
Number of asset objects unloaded after import = 7
========================================================================
Received Import Request.
  Time since last request: 0.000024 seconds.
  path: Assets/Imported Assets/Kevin Iglesias/Human Animations/Unity Demo Scenes/Human Basic Motions/AnimatorControllers/HumanF@Run01_Forward.controller
  artifactKey: Guid(54b97aa90e8bf7d49981d3dc9a71582f) Importer(2089858483,0ecaa5967403d082aa24f35e1b516d23)
Start importing Assets/Imported Assets/Kevin Iglesias/Human Animations/Unity Demo Scenes/Human Basic Motions/AnimatorControllers/HumanF@Run01_Forward.controller using Guid(54b97aa90e8bf7d49981d3dc9a71582f) Importer(2089858483,0ecaa5967403d082aa24f35e1b516d23) Generated GUIDs only implemented for interfaces!
 -> (artifact id: 'ea2153d5a83b8ca52950dad26969da6a') in 0.006280 seconds
Number of updated asset objects reloaded before import = 0
Number of asset objects unloaded after import = 4
========================================================================
Received Import Request.
  Time since last request: 0.000007 seconds.
  path: Assets/Imported Assets/Kevin Iglesias/Human Animations/Unity Demo Scenes/Human Basic Motions/Human Basic Motions - Unity Demo Scene.unity
  artifactKey: Guid(cc778ff8e7d7b874d9ef5cf06279e322) Importer(2089858483,0ecaa5967403d082aa24f35e1b516d23)
Start importing Assets/Imported Assets/Kevin Iglesias/Human Animations/Unity Demo Scenes/Human Basic Motions/Human Basic Motions - Unity Demo Scene.unity using Guid(cc778ff8e7d7b874d9ef5cf06279e322) Importer(2089858483,0ecaa5967403d082aa24f35e1b516d23) Generated GUIDs only implemented for interfaces!
 -> (artifact id: 'f6330a17db85ad68498d78c37843b684') in 0.006536 seconds
Number of updated asset objects reloaded before import = 0
Number of asset objects unloaded after import = 1
========================================================================
Received Import Request.
  Time since last request: 0.000070 seconds.
  path: Assets/Imported Assets/Mess Maker Free/Prefabs/High Poly/Glass Bottles/Wine Bottle Green Broke 2.prefab
  artifactKey: Guid(942c90e4df32d33408f1180d942db9d1) Importer(2089858483,0ecaa5967403d082aa24f35e1b516d23)
Start importing Assets/Imported Assets/Mess Maker Free/Prefabs/High Poly/Glass Bottles/Wine Bottle Green Broke 2.prefab using Guid(942c90e4df32d33408f1180d942db9d1) Importer(2089858483,0ecaa5967403d082aa24f35e1b516d23) Generated GUIDs only implemented for interfaces!
 -> (artifact id: '58390abee95d763588df4a2aae6e9cc2') in 0.008253 seconds
Number of updated asset objects reloaded before import = 0
Number of asset objects unloaded after import = 9
========================================================================
Received Import Request.
  Time since last request: 0.000008 seconds.
  path: Assets/Imported Assets/ARCADE - FREE Racing Car/Skybox/Day/Textures/Middle.png
  artifactKey: Guid(1547f812d72e8dc41aeb23f1ca2d0f49) Importer(2089858483,0ecaa5967403d082aa24f35e1b516d23)
Start importing Assets/Imported Assets/ARCADE - FREE Racing Car/Skybox/Day/Textures/Middle.png using Guid(1547f812d72e8dc41aeb23f1ca2d0f49) Importer(2089858483,0ecaa5967403d082aa24f35e1b516d23) Generated GUIDs only implemented for interfaces!
 -> (artifact id: '519d7f910fe924165d170d10ea6496de') in 0.015071 seconds
Number of updated asset objects reloaded before import = 0
Number of asset objects unloaded after import = 1
========================================================================
Received Import Request.
  Time since last request: 0.000061 seconds.
  path: Assets/Imported Assets/Mess Maker Free/Prefabs/High Poly/Glass Bottles/Vodka Bottle.prefab
  artifactKey: Guid(53cd7359f481927469e4321600596c6b) Importer(2089858483,0ecaa5967403d082aa24f35e1b516d23)
Start importing Assets/Imported Assets/Mess Maker Free/Prefabs/High Poly/Glass Bottles/Vodka Bottle.prefab using Guid(53cd7359f481927469e4321600596c6b) Importer(2089858483,0ecaa5967403d082aa24f35e1b516d23) Generated GUIDs only implemented for interfaces!
 -> (artifact id: '1e7a361258473c771a8f101de1e4bff7') in 0.009982 seconds
Number of updated asset objects reloaded before import = 0
Number of asset objects unloaded after import = 9
========================================================================
Received Import Request.
  Time since last request: 0.000008 seconds.
  path: Assets/Imported Assets/ARCADE - FREE Racing Car/Skybox/Night/Textures/Bottom.png
  artifactKey: Guid(e5ebd597679525a438f3f1e01f33e8e1) Importer(2089858483,0ecaa5967403d082aa24f35e1b516d23)
Start importing Assets/Imported Assets/ARCADE - FREE Racing Car/Skybox/Night/Textures/Bottom.png using Guid(e5ebd597679525a438f3f1e01f33e8e1) Importer(2089858483,0ecaa5967403d082aa24f35e1b516d23) Generated GUIDs only implemented for interfaces!
 -> (artifact id: '653141975d8794b358e79106f0d7bf27') in 0.016425 seconds
Number of updated asset objects reloaded before import = 0
Number of asset objects unloaded after import = 1
========================================================================
Received Import Request.
  Time since last request: 0.000047 seconds.
  path: Assets/Imported Assets/Survivalist/StarterAssets/Environment/Art/Models/Ramp_Mesh.fbx
  artifactKey: Guid(426a2785f8a940049aac2c246661cf09) Importer(2089858483,0ecaa5967403d082aa24f35e1b516d23)
Start importing Assets/Imported Assets/Survivalist/StarterAssets/Environment/Art/Models/Ramp_Mesh.fbx using Guid(426a2785f8a940049aac2c246661cf09) Importer(2089858483,0ecaa5967403d082aa24f35e1b516d23) Generated GUIDs only implemented for interfaces!
 -> (artifact id: '53709d52588476ca589f2723378a3868') in 0.011279 seconds
Number of updated asset objects reloaded before import = 0
Number of asset objects unloaded after import = 8
========================================================================
Received Import Request.
  Time since last request: 0.000032 seconds.
  path: Assets/Imported Assets/Kevin Iglesias/Human Animations/Unity Demo Scenes/Human Basic Motions/AnimatorControllers/HumanM@Walk01_BackwardLeft.controller
  artifactKey: Guid(a71b99d518ee970428e8df2c08f61863) Importer(2089858483,0ecaa5967403d082aa24f35e1b516d23)
Start importing Assets/Imported Assets/Kevin Iglesias/Human Animations/Unity Demo Scenes/Human Basic Motions/AnimatorControllers/HumanM@Walk01_BackwardLeft.controller using Guid(a71b99d518ee970428e8df2c08f61863) Importer(2089858483,0ecaa5967403d082aa24f35e1b516d23) Generated GUIDs only implemented for interfaces!
 -> (artifact id: 'b84f829d0f0567a01e3064966d24c15e') in 0.006493 seconds
Number of updated asset objects reloaded before import = 0
Number of asset objects unloaded after import = 4
========================================================================
Received Import Request.
  Time since last request: 0.000008 seconds.
  path: Assets/Imported Assets/Kevin Iglesias/Human Animations/Unity Demo Scenes/Human Basic Motions/AnimatorControllers/HumanM@Walk01_Right.controller
  artifactKey: Guid(9a1c467f49c89fb40a3d7a3048d6c412) Importer(2089858483,0ecaa5967403d082aa24f35e1b516d23)
Start importing Assets/Imported Assets/Kevin Iglesias/Human Animations/Unity Demo Scenes/Human Basic Motions/AnimatorControllers/HumanM@Walk01_Right.controller using Guid(9a1c467f49c89fb40a3d7a3048d6c412) Importer(2089858483,0ecaa5967403d082aa24f35e1b516d23) Generated GUIDs only implemented for interfaces!
 -> (artifact id: 'dcf3fe1c58215a5d98ff67693631f32f') in 0.006682 seconds
Number of updated asset objects reloaded before import = 0
Number of asset objects unloaded after import = 4
========================================================================
Received Import Request.
  Time since last request: 0.000044 seconds.
  path: Assets/Imported Assets/Kevin Iglesias/Human Animations/Unity Demo Scenes/Human Basic Motions/AnimatorControllers/HumanF@Walk01_ForwardRight.controller
  artifactKey: Guid(13b286d706343b644b44225d5a9a561b) Importer(2089858483,0ecaa5967403d082aa24f35e1b516d23)
Start importing Assets/Imported Assets/Kevin Iglesias/Human Animations/Unity Demo Scenes/Human Basic Motions/AnimatorControllers/HumanF@Walk01_ForwardRight.controller using Guid(13b286d706343b644b44225d5a9a561b) Importer(2089858483,0ecaa5967403d082aa24f35e1b516d23) Generated GUIDs only implemented for interfaces!
 -> (artifact id: '3bb46263dc881204d2d1aa2da2dbcea7') in 0.006533 seconds
Number of updated asset objects reloaded before import = 0
Number of asset objects unloaded after import = 4
========================================================================
Received Import Request.
  Time since last request: 0.000007 seconds.
  path: Assets/Imported Assets/Survivalist/StarterAssets/Environment/Art/Materials/GridOrange_01_Mat.mat
  artifactKey: Guid(7ab977a21c92388468ee65ad1c0e5a78) Importer(2089858483,0ecaa5967403d082aa24f35e1b516d23)
Start importing Assets/Imported Assets/Survivalist/StarterAssets/Environment/Art/Materials/GridOrange_01_Mat.mat using Guid(7ab977a21c92388468ee65ad1c0e5a78) Importer(2089858483,0ecaa5967403d082aa24f35e1b516d23) Generated GUIDs only implemented for interfaces!
 -> (artifact id: '89e4c61ddb5f9790f2dc3358980bec7d') in 0.011295 seconds
Number of updated asset objects reloaded before import = 0
Number of asset objects unloaded after import = 4
========================================================================
Received Import Request.
  Time since last request: 0.000010 seconds.
  path: Assets/Imported Assets/Survivalist/StarterAssets/Environment/Art/Models/Stairs_650_400_300_Mesh.fbx
  artifactKey: Guid(7e0223e1d3e1733499accfa5ebffb67e) Importer(2089858483,0ecaa5967403d082aa24f35e1b516d23)
Start importing Assets/Imported Assets/Survivalist/StarterAssets/Environment/Art/Models/Stairs_650_400_300_Mesh.fbx using Guid(7e0223e1d3e1733499accfa5ebffb67e) Importer(2089858483,0ecaa5967403d082aa24f35e1b516d23) Generated GUIDs only implemented for interfaces!
 -> (artifact id: '1ba7cf47f46d7c63bdc9d3b2bde39bb6') in 0.016500 seconds
Number of updated asset objects reloaded before import = 0
Number of asset objects unloaded after import = 16
========================================================================
Received Import Request.
  Time since last request: 0.000009 seconds.
  path: Assets/Imported Assets/Survivalist/StarterAssets/Environment/Art/Textures/Grid_01_Emissive.png
  artifactKey: Guid(d4d6919451fe3e24388816386a6d15a4) Importer(2089858483,0ecaa5967403d082aa24f35e1b516d23)
Start importing Assets/Imported Assets/Survivalist/StarterAssets/Environment/Art/Textures/Grid_01_Emissive.png using Guid(d4d6919451fe3e24388816386a6d15a4) Importer(2089858483,0ecaa5967403d082aa24f35e1b516d23) Generated GUIDs only implemented for interfaces!
 -> (artifact id: '7de731beaddfc3043b1c8db096f02b22') in 0.016468 seconds
Number of updated asset objects reloaded before import = 0
Number of asset objects unloaded after import = 1
========================================================================
Received Import Request.
  Time since last request: 0.000042 seconds.
  path: Assets/Imported Assets/Kevin Iglesias/Human Animations/Unity Demo Scenes/Human Basic Motions/AnimatorControllers/HumanM@MaskedWalking.controller
  artifactKey: Guid(ede3b2daf5145564fa8880d33b74c121) Importer(2089858483,0ecaa5967403d082aa24f35e1b516d23)
Start importing Assets/Imported Assets/Kevin Iglesias/Human Animations/Unity Demo Scenes/Human Basic Motions/AnimatorControllers/HumanM@MaskedWalking.controller using Guid(ede3b2daf5145564fa8880d33b74c121) Importer(2089858483,0ecaa5967403d082aa24f35e1b516d23) Generated GUIDs only implemented for interfaces!
 -> (artifact id: 'bddff01f670e074813b6e57207bc827c') in 0.008276 seconds
Number of updated asset objects reloaded before import = 0
Number of asset objects unloaded after import = 24
========================================================================
Received Import Request.
  Time since last request: 0.000008 seconds.
  path: Assets/Imported Assets/Kevin Iglesias/Human Animations/Unity Demo Scenes/Human Basic Motions/AnimatorControllers/HumanF@Sprint01_Right.controller
  artifactKey: Guid(dc9ef3ef925ef4f4aaca849afe8bf77b) Importer(2089858483,0ecaa5967403d082aa24f35e1b516d23)
Start importing Assets/Imported Assets/Kevin Iglesias/Human Animations/Unity Demo Scenes/Human Basic Motions/AnimatorControllers/HumanF@Sprint01_Right.controller using Guid(dc9ef3ef925ef4f4aaca849afe8bf77b) Importer(2089858483,0ecaa5967403d082aa24f35e1b516d23) Generated GUIDs only implemented for interfaces!
 -> (artifact id: '1043fa849ba762bee595b952340bf22c') in 0.006418 seconds
Number of updated asset objects reloaded before import = 0
Number of asset objects unloaded after import = 4
========================================================================
Received Import Request.
  Time since last request: 0.000008 seconds.
  path: Assets/Imported Assets/Kevin Iglesias/Human Animations/Animations/Female/Movement/Jump/HumanF@Jump01 [RM].fbx
  artifactKey: Guid(33332cc79a8e983428d3ba32af4c8997) Importer(2089858483,0ecaa5967403d082aa24f35e1b516d23)
Start importing Assets/Imported Assets/Kevin Iglesias/Human Animations/Animations/Female/Movement/Jump/HumanF@Jump01 [RM].fbx using Guid(33332cc79a8e983428d3ba32af4c8997) Importer(2089858483,0ecaa5967403d082aa24f35e1b516d23) Generated GUIDs only implemented for interfaces!
 -> (artifact id: '4d9af417845e737ce7403b817f9e961f') in 0.018346 seconds
Number of updated asset objects reloaded before import = 0
Number of asset objects unloaded after import = 120
========================================================================
Received Import Request.
  Time since last request: 0.000008 seconds.
  path: Assets/Imported Assets/Kevin Iglesias/Human Animations/Unity Demo Scenes/Human Basic Motions/AnimatorControllers/HumanM@Run01_ForwardLeft.controller
  artifactKey: Guid(3d66248d859d4ca47885f6945c59da9f) Importer(2089858483,0ecaa5967403d082aa24f35e1b516d23)
Start importing Assets/Imported Assets/Kevin Iglesias/Human Animations/Unity Demo Scenes/Human Basic Motions/AnimatorControllers/HumanM@Run01_ForwardLeft.controller using Guid(3d66248d859d4ca47885f6945c59da9f) Importer(2089858483,0ecaa5967403d082aa24f35e1b516d23) Generated GUIDs only implemented for interfaces!
 -> (artifact id: '3dedcd160abc53b479cc0911c00293f5') in 0.007572 seconds
Number of updated asset objects reloaded before import = 0
Number of asset objects unloaded after import = 4
========================================================================
Received Import Request.
  Time since last request: 0.000008 seconds.
  path: Assets/Imported Assets/Survivalist/StarterAssets/ThirdPersonController/Character/Models/Armature.fbx
  artifactKey: Guid(36078ab0369161e49a29d349ae3e0739) Importer(2089858483,0ecaa5967403d082aa24f35e1b516d23)
Start importing Assets/Imported Assets/Survivalist/StarterAssets/ThirdPersonController/Character/Models/Armature.fbx using Guid(36078ab0369161e49a29d349ae3e0739) Importer(2089858483,0ecaa5967403d082aa24f35e1b516d23) Generated GUIDs only implemented for interfaces!
 -> (artifact id: 'f1021d54862edb400bf5b5270a4ad6e9') in 0.014576 seconds
Number of updated asset objects reloaded before import = 0
Number of asset objects unloaded after import = 150
========================================================================
Received Import Request.
  Time since last request: 0.000008 seconds.
  path: Assets/Imported Assets/Survivalist/StarterAssets/Environment/Art/Materials/GridWhite_01_Mat.mat
  artifactKey: Guid(dbf898c9f9c4a2d46aa6336e23caeb61) Importer(2089858483,0ecaa5967403d082aa24f35e1b516d23)
Start importing Assets/Imported Assets/Survivalist/StarterAssets/Environment/Art/Materials/GridWhite_01_Mat.mat using Guid(dbf898c9f9c4a2d46aa6336e23caeb61) Importer(2089858483,0ecaa5967403d082aa24f35e1b516d23) Generated GUIDs only implemented for interfaces!
 -> (artifact id: '8e29d53e92bf66fd90ccde029e92b5c2') in 0.010663 seconds
Number of updated asset objects reloaded before import = 0
Number of asset objects unloaded after import = 4
========================================================================
Received Import Request.
  Time since last request: 0.000009 seconds.
  path: Assets/Imported Assets/Survivalist/StarterAssets/Environment/Art/Models/Ramp_100x100x200_Mesh.fbx
  artifactKey: Guid(bfff06aaff363a847ad37bf592364e6b) Importer(2089858483,0ecaa5967403d082aa24f35e1b516d23)
Start importing Assets/Imported Assets/Survivalist/StarterAssets/Environment/Art/Models/Ramp_100x100x200_Mesh.fbx using Guid(bfff06aaff363a847ad37bf592364e6b) Importer(2089858483,0ecaa5967403d082aa24f35e1b516d23) Generated GUIDs only implemented for interfaces!
 -> (artifact id: 'a550ad60582d2c8591171f382d6d714d') in 0.013365 seconds
Number of updated asset objects reloaded before import = 0
Number of asset objects unloaded after import = 8
========================================================================
Received Import Request.
  Time since last request: 0.000008 seconds.
  path: Assets/Imported Assets/Kevin Iglesias/Human Animations/Animations/Female/Movement/Jump/HumanF@Jump01 [RM] - Begin.fbx
  artifactKey: Guid(c8115ddbaf422d84bba45d0cc5d9fc70) Importer(2089858483,0ecaa5967403d082aa24f35e1b516d23)
Start importing Assets/Imported Assets/Kevin Iglesias/Human Animations/Animations/Female/Movement/Jump/HumanF@Jump01 [RM] - Begin.fbx using Guid(c8115ddbaf422d84bba45d0cc5d9fc70) Importer(2089858483,0ecaa5967403d082aa24f35e1b516d23) Generated GUIDs only implemented for interfaces!
 -> (artifact id: '1f0ba7048625a1f3d54db8e301220666') in 0.016763 seconds
Number of updated asset objects reloaded before import = 0
Number of asset objects unloaded after import = 120
========================================================================
Received Import Request.
  Time since last request: 0.000010 seconds.
  path: Assets/Imported Assets/Survivalist/StarterAssets/Environment/Art/Skybox/SkyboxLite.mat
  artifactKey: Guid(f6c51332ac7d92541a38fb263b09d2a8) Importer(2089858483,0ecaa5967403d082aa24f35e1b516d23)
Start importing Assets/Imported Assets/Survivalist/StarterAssets/Environment/Art/Skybox/SkyboxLite.mat using Guid(f6c51332ac7d92541a38fb263b09d2a8) Importer(2089858483,0ecaa5967403d082aa24f35e1b516d23) Generated GUIDs only implemented for interfaces!
 -> (artifact id: '95e3ec55bb547914241e1b651209d4ab') in 0.008174 seconds
Number of updated asset objects reloaded before import = 0
Number of asset objects unloaded after import = 1
========================================================================
Received Import Request.
  Time since last request: 0.000061 seconds.
  path: Assets/Imported Assets/Kevin Iglesias/Human Animations/Unity Demo Scenes/Human Basic Motions/AnimatorControllers/HumanF@Talking.controller
  artifactKey: Guid(bfa5422f1f4836f4e8693d7ca039c09c) Importer(2089858483,0ecaa5967403d082aa24f35e1b516d23)
Start importing Assets/Imported Assets/Kevin Iglesias/Human Animations/Unity Demo Scenes/Human Basic Motions/AnimatorControllers/HumanF@Talking.controller using Guid(bfa5422f1f4836f4e8693d7ca039c09c) Importer(2089858483,0ecaa5967403d082aa24f35e1b516d23) Generated GUIDs only implemented for interfaces!
 -> (artifact id: '5d7cd33860479edcf7da37079c42c746') in 0.007220 seconds
Number of updated asset objects reloaded before import = 0
Number of asset objects unloaded after import = 20
========================================================================
Received Import Request.
  Time since last request: 0.000007 seconds.
  path: Assets/Imported Assets/Kevin Iglesias/Human Animations/Unity Demo Scenes/Human Basic Motions/AnimatorControllers/HumanM@Walk01_Left.controller
  artifactKey: Guid(2382243c82011ed40a790798e9086f1f) Importer(2089858483,0ecaa5967403d082aa24f35e1b516d23)
Start importing Assets/Imported Assets/Kevin Iglesias/Human Animations/Unity Demo Scenes/Human Basic Motions/AnimatorControllers/HumanM@Walk01_Left.controller using Guid(2382243c82011ed40a790798e9086f1f) Importer(2089858483,0ecaa5967403d082aa24f35e1b516d23) Generated GUIDs only implemented for interfaces!
 -> (artifact id: 'eaa2410fdab893691cb76f5efdeb26e6') in 0.006475 seconds
Number of updated asset objects reloaded before import = 0
Number of asset objects unloaded after import = 4
========================================================================
Received Import Request.
  Time since last request: 0.000044 seconds.
  path: Assets/Imported Assets/Survivalist/StarterAssets/ThirdPersonController/Character/Animations/Locomotion--Run_N.anim.fbx
  artifactKey: Guid(16114d403eabb53438de032c6f0d1deb) Importer(2089858483,0ecaa5967403d082aa24f35e1b516d23)
Start importing Assets/Imported Assets/Survivalist/StarterAssets/ThirdPersonController/Character/Animations/Locomotion--Run_N.anim.fbx using Guid(16114d403eabb53438de032c6f0d1deb) Importer(2089858483,0ecaa5967403d082aa24f35e1b516d23) Generated GUIDs only implemented for interfaces!
 -> (artifact id: 'd5514b6c195ff990a17b563cd7c9da79') in 0.015234 seconds
Number of updated asset objects reloaded before import = 0
Number of asset objects unloaded after import = 144
========================================================================
Received Import Request.
  Time since last request: 0.000008 seconds.
  path: Assets/Imported Assets/Kevin Iglesias/Human Animations/Unity Demo Scenes/Human Basic Motions/AnimatorControllers/HumanM@Turn01_Left [RM].controller
  artifactKey: Guid(f336e8e5a2d27c34f943defd29bbaee3) Importer(2089858483,0ecaa5967403d082aa24f35e1b516d23)
Start importing Assets/Imported Assets/Kevin Iglesias/Human Animations/Unity Demo Scenes/Human Basic Motions/AnimatorControllers/HumanM@Turn01_Left [RM].controller using Guid(f336e8e5a2d27c34f943defd29bbaee3) Importer(2089858483,0ecaa5967403d082aa24f35e1b516d23) Generated GUIDs only implemented for interfaces!
 -> (artifact id: '781c4d1324ebd6492dcabb013258c40d') in 0.007706 seconds
Number of updated asset objects reloaded before import = 0
Number of asset objects unloaded after import = 4
========================================================================
Received Import Request.
  Time since last request: 0.000009 seconds.
  path: Assets/Imported Assets/Kevin Iglesias/Human Animations/Unity Demo Scenes/Human Basic Motions/AnimatorControllers/HumanM@Walk01_Forward.controller
  artifactKey: Guid(27625ccad7bdcec42b99626637b8d1cc) Importer(2089858483,0ecaa5967403d082aa24f35e1b516d23)
Start importing Assets/Imported Assets/Kevin Iglesias/Human Animations/Unity Demo Scenes/Human Basic Motions/AnimatorControllers/HumanM@Walk01_Forward.controller using Guid(27625ccad7bdcec42b99626637b8d1cc) Importer(2089858483,0ecaa5967403d082aa24f35e1b516d23) Generated GUIDs only implemented for interfaces!
 -> (artifact id: 'cbca10ee67f1ed295cfa44bc31d2846e') in 0.006399 seconds
Number of updated asset objects reloaded before import = 0
Number of asset objects unloaded after import = 4
========================================================================
Received Import Request.
  Time since last request: 0.000007 seconds.
  path: Assets/Imported Assets/Kevin Iglesias/Human Animations/Animations/Female/Movement/Jump/HumanF@Jump01.fbx
  artifactKey: Guid(d0d93c131bda12e4bb9798ea4aefb6cb) Importer(2089858483,0ecaa5967403d082aa24f35e1b516d23)
Start importing Assets/Imported Assets/Kevin Iglesias/Human Animations/Animations/Female/Movement/Jump/HumanF@Jump01.fbx using Guid(d0d93c131bda12e4bb9798ea4aefb6cb) Importer(2089858483,0ecaa5967403d082aa24f35e1b516d23) Generated GUIDs only implemented for interfaces!
 -> (artifact id: 'f26e5efa4939e1d90c7e130880a23098') in 0.017561 seconds
Number of updated asset objects reloaded before import = 0
Number of asset objects unloaded after import = 120
========================================================================
Received Import Request.
  Time since last request: 0.000012 seconds.
  path: Assets/Imported Assets/Kevin Iglesias/Human Animations/Unity Demo Scenes/Human Basic Motions/AnimatorControllers/HumanM@Run01_Forward.controller
  artifactKey: Guid(a760f31009ba80249abbf70da8383e49) Importer(2089858483,0ecaa5967403d082aa24f35e1b516d23)
Start importing Assets/Imported Assets/Kevin Iglesias/Human Animations/Unity Demo Scenes/Human Basic Motions/AnimatorControllers/HumanM@Run01_Forward.controller using Guid(a760f31009ba80249abbf70da8383e49) Importer(2089858483,0ecaa5967403d082aa24f35e1b516d23) Generated GUIDs only implemented for interfaces!
 -> (artifact id: 'd19512cc8f986c0d0d1e5587d5aa6095') in 0.007501 seconds
Number of updated asset objects reloaded before import = 0
Number of asset objects unloaded after import = 4
========================================================================
Received Import Request.
  Time since last request: 0.000015 seconds.
  path: Assets/Imported Assets/Survivalist/StarterAssets/Environment/Art/Textures/Grid_02_BaseMap.png
  artifactKey: Guid(d9c0dd5cdac07b145be73329e489869a) Importer(2089858483,0ecaa5967403d082aa24f35e1b516d23)
Start importing Assets/Imported Assets/Survivalist/StarterAssets/Environment/Art/Textures/Grid_02_BaseMap.png using Guid(d9c0dd5cdac07b145be73329e489869a) Importer(2089858483,0ecaa5967403d082aa24f35e1b516d23) Generated GUIDs only implemented for interfaces!
 -> (artifact id: '4d7b3599676449734a86b29178f0de7f') in 0.015901 seconds
Number of updated asset objects reloaded before import = 0
Number of asset objects unloaded after import = 1
========================================================================
Received Import Request.
  Time since last request: 0.000044 seconds.
  path: Assets/Imported Assets/Mess Maker Free/Prefabs/Low Poly/Cans/Beer Can Red.prefab
  artifactKey: Guid(5f6a44704381d674fbe683276b29b7aa) Importer(2089858483,0ecaa5967403d082aa24f35e1b516d23)
Start importing Assets/Imported Assets/Mess Maker Free/Prefabs/Low Poly/Cans/Beer Can Red.prefab using Guid(5f6a44704381d674fbe683276b29b7aa) Importer(2089858483,0ecaa5967403d082aa24f35e1b516d23) Generated GUIDs only implemented for interfaces!
 -> (artifact id: 'eb0bee5d0ce7b3fe0b1a324d4712ff5b') in 0.008690 seconds
Number of updated asset objects reloaded before import = 0
Number of asset objects unloaded after import = 14
========================================================================
Received Import Request.
  Time since last request: 0.000008 seconds.
  path: Assets/Imported Assets/Easy FPS/Model_Animations_Textures/main character/Textures/Hands_AO.png
  artifactKey: Guid(964a6c9991169944794a4df3a8519df1) Importer(2089858483,0ecaa5967403d082aa24f35e1b516d23)
Start importing Assets/Imported Assets/Easy FPS/Model_Animations_Textures/main character/Textures/Hands_AO.png using Guid(964a6c9991169944794a4df3a8519df1) Importer(2089858483,0ecaa5967403d082aa24f35e1b516d23) Generated GUIDs only implemented for interfaces!
 -> (artifact id: 'fec38c4613b533aed12a1d544fc23758') in 0.014788 seconds
Number of updated asset objects reloaded before import = 0
Number of asset objects unloaded after import = 1
========================================================================
Received Import Request.
  Time since last request: 0.000038 seconds.
  path: Assets/Imported Assets/Kevin Iglesias/Human Animations/Unity Demo Scenes/Human Basic Motions/AnimatorControllers/HumanF@Turn01_Right [RM].controller
  artifactKey: Guid(256725621b381c1499770f1bfde58348) Importer(2089858483,0ecaa5967403d082aa24f35e1b516d23)
Start importing Assets/Imported Assets/Kevin Iglesias/Human Animations/Unity Demo Scenes/Human Basic Motions/AnimatorControllers/HumanF@Turn01_Right [RM].controller using Guid(256725621b381c1499770f1bfde58348) Importer(2089858483,0ecaa5967403d082aa24f35e1b516d23) Generated GUIDs only implemented for interfaces!
 -> (artifact id: 'd6fab6e7054d2b4c978676e935c5b88b') in 0.006429 seconds
Number of updated asset objects reloaded before import = 0
Number of asset objects unloaded after import = 4
========================================================================
Received Import Request.
  Time since last request: 0.000008 seconds.
  path: Assets/Imported Assets/Survivalist/StarterAssets/ThirdPersonController/Scripts/BasicRigidBodyPush.cs
  artifactKey: Guid(909d917d73a63f940ac158d02e936645) Importer(2089858483,0ecaa5967403d082aa24f35e1b516d23)
Start importing Assets/Imported Assets/Survivalist/StarterAssets/ThirdPersonController/Scripts/BasicRigidBodyPush.cs using Guid(909d917d73a63f940ac158d02e936645) Importer(2089858483,0ecaa5967403d082aa24f35e1b516d23) Generated GUIDs only implemented for interfaces!
 -> (artifact id: '308e62d7027f8e3e98e35cf8558191fb') in 0.006274 seconds
Number of updated asset objects reloaded before import = 0
Number of asset objects unloaded after import = 1
========================================================================
Received Import Request.
  Time since last request: 0.000064 seconds.
  path: Assets/Imported Assets/Survivalist/StarterAssets/Environment/Art/Materials/GridBlue_01_Mat.mat
  artifactKey: Guid(ff188f58422043f489060e28a5e4e0c0) Importer(2089858483,0ecaa5967403d082aa24f35e1b516d23)
Start importing Assets/Imported Assets/Survivalist/StarterAssets/Environment/Art/Materials/GridBlue_01_Mat.mat using Guid(ff188f58422043f489060e28a5e4e0c0) Importer(2089858483,0ecaa5967403d082aa24f35e1b516d23) Generated GUIDs only implemented for interfaces!
 -> (artifact id: '3723327d4c83472daef69fcd769697a9') in 0.009352 seconds
Number of updated asset objects reloaded before import = 0
Number of asset objects unloaded after import = 4
========================================================================
Received Import Request.
  Time since last request: 0.000022 seconds.
  path: Assets/Imported Assets/Kevin Iglesias/Human Animations/Unity Demo Scenes/Human Basic Motions/AnimatorControllers/HumanM@Sprint01_Forward.controller
  artifactKey: Guid(4af08048e2807ad44a3040f9848963d6) Importer(2089858483,0ecaa5967403d082aa24f35e1b516d23)
Start importing Assets/Imported Assets/Kevin Iglesias/Human Animations/Unity Demo Scenes/Human Basic Motions/AnimatorControllers/HumanM@Sprint01_Forward.controller using Guid(4af08048e2807ad44a3040f9848963d6) Importer(2089858483,0ecaa5967403d082aa24f35e1b516d23) Generated GUIDs only implemented for interfaces!
 -> (artifact id: '28c6df1f0ce3dabb5897847701044d94') in 0.007009 seconds
Number of updated asset objects reloaded before import = 0
Number of asset objects unloaded after import = 4
========================================================================
Received Import Request.
  Time since last request: 0.000008 seconds.
  path: Assets/Imported Assets/Survivalist/StarterAssets/Environment/Art/Models/Box_350x250x200_Mesh.fbx
  artifactKey: Guid(c6a55ba99e9e99d41b7eef123e311a43) Importer(2089858483,0ecaa5967403d082aa24f35e1b516d23)
Start importing Assets/Imported Assets/Survivalist/StarterAssets/Environment/Art/Models/Box_350x250x200_Mesh.fbx using Guid(c6a55ba99e9e99d41b7eef123e311a43) Importer(2089858483,0ecaa5967403d082aa24f35e1b516d23) Generated GUIDs only implemented for interfaces!
 -> (artifact id: '1ece0ff87e449d397e44991a9c307168') in 0.012333 seconds
Number of updated asset objects reloaded before import = 0
Number of asset objects unloaded after import = 8
========================================================================
Received Import Request.
  Time since last request: 0.000008 seconds.
  path: Assets/Imported Assets/Survivalist/StarterAssets/Environment/Art/Textures/Grid_01_BaseMap.png
  artifactKey: Guid(d1118dda59970a2449ee890fa247c4c5) Importer(2089858483,0ecaa5967403d082aa24f35e1b516d23)
Start importing Assets/Imported Assets/Survivalist/StarterAssets/Environment/Art/Textures/Grid_01_BaseMap.png using Guid(d1118dda59970a2449ee890fa247c4c5) Importer(2089858483,0ecaa5967403d082aa24f35e1b516d23) Generated GUIDs only implemented for interfaces!
 -> (artifact id: 'e30e7aeb3675957ee40dd2729053769b') in 0.015711 seconds
Number of updated asset objects reloaded before import = 0
Number of asset objects unloaded after import = 1
========================================================================
Received Import Request.
  Time since last request: 0.000052 seconds.
  path: Assets/Imported Assets/Kevin Iglesias/Human Animations/Unity Demo Scenes/Human Basic Motions/AnimatorControllers/HumanF@Idles.overrideController
  artifactKey: Guid(4f9800672af7570478f085a3023ace57) Importer(2089858483,0ecaa5967403d082aa24f35e1b516d23)
Start importing Assets/Imported Assets/Kevin Iglesias/Human Animations/Unity Demo Scenes/Human Basic Motions/AnimatorControllers/HumanF@Idles.overrideController using Guid(4f9800672af7570478f085a3023ace57) Importer(2089858483,0ecaa5967403d082aa24f35e1b516d23) Generated GUIDs only implemented for interfaces!
 -> (artifact id: '2ff998121dd829a7c5205871e5970772') in 0.014882 seconds
Number of updated asset objects reloaded before import = 0
Number of asset objects unloaded after import = 16
========================================================================
Received Import Request.
  Time since last request: 0.000008 seconds.
  path: Assets/Imported Assets/Kevin Iglesias/Human Animations/Unity Demo Scenes/Human Basic Motions/AnimatorControllers/HumanM@Sprint01_ForwardRight.controller
  artifactKey: Guid(54441a28445fa614e9a3f00552da1014) Importer(2089858483,0ecaa5967403d082aa24f35e1b516d23)
Start importing Assets/Imported Assets/Kevin Iglesias/Human Animations/Unity Demo Scenes/Human Basic Motions/AnimatorControllers/HumanM@Sprint01_ForwardRight.controller using Guid(54441a28445fa614e9a3f00552da1014) Importer(2089858483,0ecaa5967403d082aa24f35e1b516d23) Generated GUIDs only implemented for interfaces!
 -> (artifact id: '9a13c49ac9ff1f8de33b3d4475951348') in 0.007890 seconds
Number of updated asset objects reloaded before import = 0
Number of asset objects unloaded after import = 4
========================================================================
Received Import Request.
  Time since last request: 0.000007 seconds.
  path: Assets/Imported Assets/Easy FPS/Model_Animations_Textures/main character/Textures/Sword_AO.tif
  artifactKey: Guid(4c1f68c328187fb4d96e0fd275561316) Importer(2089858483,0ecaa5967403d082aa24f35e1b516d23)
Start importing Assets/Imported Assets/Easy FPS/Model_Animations_Textures/main character/Textures/Sword_AO.tif using Guid(4c1f68c328187fb4d96e0fd275561316) Importer(2089858483,0ecaa5967403d082aa24f35e1b516d23) Generated GUIDs only implemented for interfaces!
 -> (artifact id: '242eaa4bede848bc0bd52c4b5c0f453e') in 0.014438 seconds
Number of updated asset objects reloaded before import = 0
Number of asset objects unloaded after import = 1
========================================================================
Received Import Request.
  Time since last request: 0.000039 seconds.
  path: Assets/Imported Assets/Mellow Fox studios/Versatile Building Kit - 15 Medium Poly Models for Game Development/Meshes/Building 4/Building4.fbx
  artifactKey: Guid(98ff5b83cacc7174584d649257fa7a05) Importer(2089858483,0ecaa5967403d082aa24f35e1b516d23)
Start importing Assets/Imported Assets/Mellow Fox studios/Versatile Building Kit - 15 Medium Poly Models for Game Development/Meshes/Building 4/Building4.fbx using Guid(98ff5b83cacc7174584d649257fa7a05) Importer(2089858483,0ecaa5967403d082aa24f35e1b516d23) Generated GUIDs only implemented for interfaces!
 -> (artifact id: 'cd2dc2786a22094e8f92d521d0cb8027') in 0.021686 seconds
Number of updated asset objects reloaded before import = 0
Number of asset objects unloaded after import = 12
========================================================================
Received Import Request.
  Time since last request: 0.000010 seconds.
  path: Assets/Imported Assets/Survivalist/StarterAssets/Environment/Art/Models/Wall_Mesh.fbx
  artifactKey: Guid(ff02a0a00ab750f48b09459b1cafd1b8) Importer(2089858483,0ecaa5967403d082aa24f35e1b516d23)
Start importing Assets/Imported Assets/Survivalist/StarterAssets/Environment/Art/Models/Wall_Mesh.fbx using Guid(ff02a0a00ab750f48b09459b1cafd1b8) Importer(2089858483,0ecaa5967403d082aa24f35e1b516d23) Generated GUIDs only implemented for interfaces!
 -> (artifact id: 'c9e1b0ec9db21c58d406d270c8333cdb') in 0.012140 seconds
Number of updated asset objects reloaded before import = 0
Number of asset objects unloaded after import = 8
========================================================================
Received Import Request.
  Time since last request: 0.000030 seconds.
  path: Assets/Imported Assets/Kevin Iglesias/Human Animations/Unity Demo Scenes/Human Basic Motions/AnimatorControllers/HumanM@Turn01_Right [RM].controller
  artifactKey: Guid(59d819129365f904d851527080a596a9) Importer(2089858483,0ecaa5967403d082aa24f35e1b516d23)
Start importing Assets/Imported Assets/Kevin Iglesias/Human Animations/Unity Demo Scenes/Human Basic Motions/AnimatorControllers/HumanM@Turn01_Right [RM].controller using Guid(59d819129365f904d851527080a596a9) Importer(2089858483,0ecaa5967403d082aa24f35e1b516d23) Generated GUIDs only implemented for interfaces!
 -> (artifact id: 'fe3003ca4ccbef4c527f0c485080cd4f') in 0.006487 seconds
Number of updated asset objects reloaded before import = 0
Number of asset objects unloaded after import = 4
========================================================================
Received Import Request.
  Time since last request: 0.000008 seconds.
  path: Assets/Imported Assets/Kevin Iglesias/Human Animations/Unity Demo Scenes/Human Basic Motions/Materials/HumanBasicMotions_Chair.mat
  artifactKey: Guid(ce54d9f3bc9c6f54a925b28db7f669c6) Importer(2089858483,0ecaa5967403d082aa24f35e1b516d23)
Start importing Assets/Imported Assets/Kevin Iglesias/Human Animations/Unity Demo Scenes/Human Basic Motions/Materials/HumanBasicMotions_Chair.mat using Guid(ce54d9f3bc9c6f54a925b28db7f669c6) Importer(2089858483,0ecaa5967403d082aa24f35e1b516d23) Generated GUIDs only implemented for interfaces!
 -> (artifact id: '0608a03b93ec36e45f1e2e8ffcbd12d1') in 0.006438 seconds
Number of updated asset objects reloaded before import = 0
Number of asset objects unloaded after import = 1
========================================================================
Received Import Request.
  Time since last request: 0.000045 seconds.
  path: Assets/Imported Assets/Mess Maker Free/Prefabs/Low Poly/Food/Apple Core Red.prefab
  artifactKey: Guid(0f19a732006400947981c8a94548a823) Importer(2089858483,0ecaa5967403d082aa24f35e1b516d23)
Start importing Assets/Imported Assets/Mess Maker Free/Prefabs/Low Poly/Food/Apple Core Red.prefab using Guid(0f19a732006400947981c8a94548a823) Importer(2089858483,0ecaa5967403d082aa24f35e1b516d23) Generated GUIDs only implemented for interfaces!
 -> (artifact id: '9e5fa303595bfa1c979ab0b59258e94c') in 0.009830 seconds
Number of updated asset objects reloaded before import = 0
Number of asset objects unloaded after import = 9
========================================================================
Received Import Request.
  Time since last request: 0.000008 seconds.
  path: Assets/Imported Assets/Mess Maker Free/Prefabs/High Poly/Food/Apple Core Green.prefab
  artifactKey: Guid(bd75deb20c1e65f43b506a25a0b3b293) Importer(2089858483,0ecaa5967403d082aa24f35e1b516d23)
Start importing Assets/Imported Assets/Mess Maker Free/Prefabs/High Poly/Food/Apple Core Green.prefab using Guid(bd75deb20c1e65f43b506a25a0b3b293) Importer(2089858483,0ecaa5967403d082aa24f35e1b516d23) Generated GUIDs only implemented for interfaces!
 -> (artifact id: '33f8aa54bf368e1e3f9100208d7ef10d') in 0.009335 seconds
Number of updated asset objects reloaded before import = 0
Number of asset objects unloaded after import = 9
========================================================================
Received Import Request.
  Time since last request: 0.000011 seconds.
  path: Assets/Imported Assets/Kevin Iglesias/Human Animations/Animations/Female/Idles/HumanF@Idle01.fbx
  artifactKey: Guid(0f69fd4f4ad106447896fb775199ed37) Importer(2089858483,0ecaa5967403d082aa24f35e1b516d23)
Start importing Assets/Imported Assets/Kevin Iglesias/Human Animations/Animations/Female/Idles/HumanF@Idle01.fbx using Guid(0f69fd4f4ad106447896fb775199ed37) Importer(2089858483,0ecaa5967403d082aa24f35e1b516d23) Generated GUIDs only implemented for interfaces!
 -> (artifact id: '14f7e0b9e475741beca8ca14759dee34') in 0.016885 seconds
Number of updated asset objects reloaded before import = 0
Number of asset objects unloaded after import = 120
========================================================================
Received Import Request.
  Time since last request: 0.000020 seconds.
  path: Assets/Imported Assets/Kevin Iglesias/Human Animations/Unity Demo Scenes/Human Basic Motions/AnimatorControllers/HumanF@Walk01_ForwardLeft.controller
  artifactKey: Guid(cbf5aec599b6b544090aa718a1af727b) Importer(2089858483,0ecaa5967403d082aa24f35e1b516d23)
Start importing Assets/Imported Assets/Kevin Iglesias/Human Animations/Unity Demo Scenes/Human Basic Motions/AnimatorControllers/HumanF@Walk01_ForwardLeft.controller using Guid(cbf5aec599b6b544090aa718a1af727b) Importer(2089858483,0ecaa5967403d082aa24f35e1b516d23) Generated GUIDs only implemented for interfaces!
 -> (artifact id: '5f1604544ea77cef330bbda02640a21f') in 0.007517 seconds
Number of updated asset objects reloaded before import = 0
Number of asset objects unloaded after import = 4
========================================================================
Received Import Request.
  Time since last request: 0.000008 seconds.
  path: Assets/Imported Assets/Survivalist/StarterAssets/ThirdPersonController/Character/Animations/StarterAssetsThirdPerson.controller
  artifactKey: Guid(035023331dbb59f40832fd4d54e4957e) Importer(2089858483,0ecaa5967403d082aa24f35e1b516d23)
Start importing Assets/Imported Assets/Survivalist/StarterAssets/ThirdPersonController/Character/Animations/StarterAssetsThirdPerson.controller using Guid(035023331dbb59f40832fd4d54e4957e) Importer(2089858483,0ecaa5967403d082aa24f35e1b516d23) Generated GUIDs only implemented for interfaces!
 -> (artifact id: '19a5c29c335ab928bc05896407b525d6') in 0.011007 seconds
Number of updated asset objects reloaded before import = 0
Number of asset objects unloaded after import = 21
========================================================================
Received Import Request.
  Time since last request: 0.000008 seconds.
  path: Assets/Imported Assets/Kevin Iglesias/Human Animations/Unity Demo Scenes/Human Basic Motions/Prefabs/Human_BasicMotionsDummy_M.prefab
  artifactKey: Guid(bb96394e9629f20408ea23d3760ba123) Importer(2089858483,0ecaa5967403d082aa24f35e1b516d23)
Start importing Assets/Imported Assets/Kevin Iglesias/Human Animations/Unity Demo Scenes/Human Basic Motions/Prefabs/Human_BasicMotionsDummy_M.prefab using Guid(bb96394e9629f20408ea23d3760ba123) Importer(2089858483,0ecaa5967403d082aa24f35e1b516d23) Generated GUIDs only implemented for interfaces!
 -> (artifact id: 'b1a690dba5176788ff3a7b95078096d4') in 0.012851 seconds
Number of updated asset objects reloaded before import = 0
Number of asset objects unloaded after import = 247
========================================================================
Received Import Request.
  Time since last request: 0.000008 seconds.
  path: Assets/Imported Assets/Kevin Iglesias/Human Animations/Animations/Female/Movement/Run/RootMotion/HumanF@Run01_Forward [RM].fbx
  artifactKey: Guid(b5aa46a35563ed44bb6dc4be5dabd918) Importer(2089858483,0ecaa5967403d082aa24f35e1b516d23)
Start importing Assets/Imported Assets/Kevin Iglesias/Human Animations/Animations/Female/Movement/Run/RootMotion/HumanF@Run01_Forward [RM].fbx using Guid(b5aa46a35563ed44bb6dc4be5dabd918) Importer(2089858483,0ecaa5967403d082aa24f35e1b516d23) Generated GUIDs only implemented for interfaces!
 -> (artifact id: '673a4ca124a07535d6177f69440ca99a') in 0.018128 seconds
Number of updated asset objects reloaded before import = 0
Number of asset objects unloaded after import = 120
========================================================================
Received Import Request.
  Time since last request: 0.000007 seconds.
  path: Assets/Imported Assets/Kevin Iglesias/Human Animations/Animations/Female/Movement/Sprint/RootMotion/HumanF@Sprint01_Forward [RM].fbx
  artifactKey: Guid(ece8783ced0147a47bd91b75de63ffc4) Importer(2089858483,0ecaa5967403d082aa24f35e1b516d23)
Start importing Assets/Imported Assets/Kevin Iglesias/Human Animations/Animations/Female/Movement/Sprint/RootMotion/HumanF@Sprint01_Forward [RM].fbx using Guid(ece8783ced0147a47bd91b75de63ffc4) Importer(2089858483,0ecaa5967403d082aa24f35e1b516d23) Generated GUIDs only implemented for interfaces!
 -> (artifact id: 'c478f7bafb4eea63f639d6f21170ff04') in 0.016878 seconds
Number of updated asset objects reloaded before import = 0
Number of asset objects unloaded after import = 120
========================================================================
Received Import Request.
  Time since last request: 0.000009 seconds.
  path: Assets/Imported Assets/Kevin Iglesias/Human Animations/Animations/Male/Movement/Run/HumanM@Run01_ForwardLeft.fbx
  artifactKey: Guid(2d491dc6ab8cc5045919954fe2601203) Importer(2089858483,0ecaa5967403d082aa24f35e1b516d23)
Start importing Assets/Imported Assets/Kevin Iglesias/Human Animations/Animations/Male/Movement/Run/HumanM@Run01_ForwardLeft.fbx using Guid(2d491dc6ab8cc5045919954fe2601203) Importer(2089858483,0ecaa5967403d082aa24f35e1b516d23) Generated GUIDs only implemented for interfaces!
 -> (artifact id: 'a92161fd99c57f637352d4d4e719ec92') in 0.017376 seconds
Number of updated asset objects reloaded before import = 0
Number of asset objects unloaded after import = 120
========================================================================
Received Import Request.
  Time since last request: 0.000009 seconds.
  path: Assets/Imported Assets/Kevin Iglesias/Human Animations/Animations/Male/Movement/Walk/HumanM@Walk01_Forward.fbx
  artifactKey: Guid(c133e3c197c12e04a9dd23bd0966910f) Importer(2089858483,0ecaa5967403d082aa24f35e1b516d23)
Start importing Assets/Imported Assets/Kevin Iglesias/Human Animations/Animations/Male/Movement/Walk/HumanM@Walk01_Forward.fbx using Guid(c133e3c197c12e04a9dd23bd0966910f) Importer(2089858483,0ecaa5967403d082aa24f35e1b516d23) Generated GUIDs only implemented for interfaces!
 -> (artifact id: 'a7a90d2c3fb6ddef3b0524bf99aff69d') in 0.016719 seconds
Number of updated asset objects reloaded before import = 0
Number of asset objects unloaded after import = 120
========================================================================
Received Import Request.
  Time since last request: 0.000008 seconds.
  path: Assets/Imported Assets/Kevin Iglesias/Human Animations/Animations/Male/Movement/Walk/HumanM@Walk01_Backward.fbx
  artifactKey: Guid(f1f1135ca9cfa8c47bf81718bb0d6873) Importer(2089858483,0ecaa5967403d082aa24f35e1b516d23)
Start importing Assets/Imported Assets/Kevin Iglesias/Human Animations/Animations/Male/Movement/Walk/HumanM@Walk01_Backward.fbx using Guid(f1f1135ca9cfa8c47bf81718bb0d6873) Importer(2089858483,0ecaa5967403d082aa24f35e1b516d23) Generated GUIDs only implemented for interfaces!
 -> (artifact id: '8d4a435d8b0ab5477bd35911b8ad53a5') in 0.016456 seconds
Number of updated asset objects reloaded before import = 0
Number of asset objects unloaded after import = 120
========================================================================
Received Import Request.
  Time since last request: 0.000008 seconds.
  path: Assets/Imported Assets/Kevin Iglesias/Human Animations/Animations/Male/Movement/Jump/HumanM@Jump01 [RM].fbx
  artifactKey: Guid(c337eaab751341e43ac0ba1c83ead291) Importer(2089858483,0ecaa5967403d082aa24f35e1b516d23)
Start importing Assets/Imported Assets/Kevin Iglesias/Human Animations/Animations/Male/Movement/Jump/HumanM@Jump01 [RM].fbx using Guid(c337eaab751341e43ac0ba1c83ead291) Importer(2089858483,0ecaa5967403d082aa24f35e1b516d23) Generated GUIDs only implemented for interfaces!
 -> (artifact id: 'f3f9af26d3c552e070405652dd6691a9') in 0.021132 seconds
Number of updated asset objects reloaded before import = 0
Number of asset objects unloaded after import = 120
========================================================================
Received Import Request.
  Time since last request: 0.000009 seconds.
  path: Assets/Imported Assets/Kevin Iglesias/Human Animations/Animations/Male/Movement/Run/HumanM@Run01_Right.fbx
  artifactKey: Guid(846fff649819bcf49b933d00ef6f703f) Importer(2089858483,0ecaa5967403d082aa24f35e1b516d23)
Start importing Assets/Imported Assets/Kevin Iglesias/Human Animations/Animations/Male/Movement/Run/HumanM@Run01_Right.fbx using Guid(846fff649819bcf49b933d00ef6f703f) Importer(2089858483,0ecaa5967403d082aa24f35e1b516d23) Generated GUIDs only implemented for interfaces!
 -> (artifact id: '4218eb91b7518bd29cfdfde347993ae7') in 0.017209 seconds
Number of updated asset objects reloaded before import = 0
Number of asset objects unloaded after import = 120
========================================================================
Received Import Request.
  Time since last request: 0.000009 seconds.
  path: Assets/Imported Assets/Kevin Iglesias/Human Animations/Animations/Male/Social/Conversation/HumanM@Talk01.fbx
  artifactKey: Guid(5277e5180e302184fb73653674a14c85) Importer(2089858483,0ecaa5967403d082aa24f35e1b516d23)
Start importing Assets/Imported Assets/Kevin Iglesias/Human Animations/Animations/Male/Social/Conversation/HumanM@Talk01.fbx using Guid(5277e5180e302184fb73653674a14c85) Importer(2089858483,0ecaa5967403d082aa24f35e1b516d23) Generated GUIDs only implemented for interfaces!
 -> (artifact id: '96242e582a60a5e4b892f8fc96f5e250') in 0.019293 seconds
Number of updated asset objects reloaded before import = 0
Number of asset objects unloaded after import = 120
========================================================================
Received Import Request.
  Time since last request: 0.000010 seconds.
  path: Assets/Imported Assets/Kevin Iglesias/Human Animations/Animations/Male/Movement/Sprint/HumanM@Sprint01_Left.fbx
  artifactKey: Guid(f194a505473e7aa469db0682217fa7f8) Importer(2089858483,0ecaa5967403d082aa24f35e1b516d23)
Start importing Assets/Imported Assets/Kevin Iglesias/Human Animations/Animations/Male/Movement/Sprint/HumanM@Sprint01_Left.fbx using Guid(f194a505473e7aa469db0682217fa7f8) Importer(2089858483,0ecaa5967403d082aa24f35e1b516d23) Generated GUIDs only implemented for interfaces!
 -> (artifact id: '1cba4abb0b58d7903e848cf438009b38') in 0.019033 seconds
Number of updated asset objects reloaded before import = 0
Number of asset objects unloaded after import = 120
========================================================================
Received Import Request.
  Time since last request: 0.000009 seconds.
  path: Assets/Imported Assets/Kevin Iglesias/Human Animations/Animations/Male/Movement/Walk/HumanM@Walk01_Left.fbx
  artifactKey: Guid(b702e254d5e77904da0429cfcbc77709) Importer(2089858483,0ecaa5967403d082aa24f35e1b516d23)
Start importing Assets/Imported Assets/Kevin Iglesias/Human Animations/Animations/Male/Movement/Walk/HumanM@Walk01_Left.fbx using Guid(b702e254d5e77904da0429cfcbc77709) Importer(2089858483,0ecaa5967403d082aa24f35e1b516d23) Generated GUIDs only implemented for interfaces!
 -> (artifact id: '0573640f937f815d54ecc1b7809b8c9d') in 0.018344 seconds
Number of updated asset objects reloaded before import = 0
Number of asset objects unloaded after import = 120
========================================================================
Received Import Request.
  Time since last request: 0.000012 seconds.
  path: Assets/Imported Assets/Kevin Iglesias/Human Animations/Animations/Male/Movement/Run/HumanM@Run01_BackwardLeft.fbx
  artifactKey: Guid(02fe127be7c987640bef36b78efaf2cf) Importer(2089858483,0ecaa5967403d082aa24f35e1b516d23)
Start importing Assets/Imported Assets/Kevin Iglesias/Human Animations/Animations/Male/Movement/Run/HumanM@Run01_BackwardLeft.fbx using Guid(02fe127be7c987640bef36b78efaf2cf) Importer(2089858483,0ecaa5967403d082aa24f35e1b516d23) Generated GUIDs only implemented for interfaces!
 -> (artifact id: 'bc402be308bb1d7fa2a60983da252e17') in 0.017156 seconds
Number of updated asset objects reloaded before import = 0
Number of asset objects unloaded after import = 120
========================================================================
Received Import Request.
  Time since last request: 0.000015 seconds.
  path: Assets/Imported Assets/Kevin Iglesias/Human Animations/Animations/Male/Movement/Turn/HumanM@Turn01_Left.fbx
  artifactKey: Guid(6f466407f9f035f4fbf426e686e6444b) Importer(2089858483,0ecaa5967403d082aa24f35e1b516d23)
Start importing Assets/Imported Assets/Kevin Iglesias/Human Animations/Animations/Male/Movement/Turn/HumanM@Turn01_Left.fbx using Guid(6f466407f9f035f4fbf426e686e6444b) Importer(2089858483,0ecaa5967403d082aa24f35e1b516d23) Generated GUIDs only implemented for interfaces!
 -> (artifact id: '2c27d296fbf303edc16067a535c04441') in 0.017151 seconds
Number of updated asset objects reloaded before import = 0
Number of asset objects unloaded after import = 120
========================================================================
Received Import Request.
  Time since last request: 0.000009 seconds.
  path: Assets/Imported Assets/Kevin Iglesias/Human Animations/Animations/Female/Movement/Sprint/HumanF@Sprint01_Right.fbx
  artifactKey: Guid(31b250fe2fe55ed4c8daa545b042f886) Importer(2089858483,0ecaa5967403d082aa24f35e1b516d23)
Start importing Assets/Imported Assets/Kevin Iglesias/Human Animations/Animations/Female/Movement/Sprint/HumanF@Sprint01_Right.fbx using Guid(31b250fe2fe55ed4c8daa545b042f886) Importer(2089858483,0ecaa5967403d082aa24f35e1b516d23) Generated GUIDs only implemented for interfaces!
 -> (artifact id: 'a4b2db51bf3256552bc23cdb7e835e87') in 0.017543 seconds
Number of updated asset objects reloaded before import = 0
Number of asset objects unloaded after import = 120
========================================================================
Received Import Request.
  Time since last request: 0.000009 seconds.
  path: Assets/Imported Assets/Kevin Iglesias/Human Animations/Animations/Female/Movement/Run/RootMotion/HumanF@Run01_BackwardRight [RM].fbx
  artifactKey: Guid(55f7d9665d0be68498e73fb21fcf3267) Importer(2089858483,0ecaa5967403d082aa24f35e1b516d23)
Start importing Assets/Imported Assets/Kevin Iglesias/Human Animations/Animations/Female/Movement/Run/RootMotion/HumanF@Run01_BackwardRight [RM].fbx using Guid(55f7d9665d0be68498e73fb21fcf3267) Importer(2089858483,0ecaa5967403d082aa24f35e1b516d23) Generated GUIDs only implemented for interfaces!
 -> (artifact id: '4536e2e43560032983674e82f1fb87a9') in 0.018603 seconds
Number of updated asset objects reloaded before import = 0
Number of asset objects unloaded after import = 120
========================================================================
Received Import Request.
  Time since last request: 0.000009 seconds.
  path: Assets/Imported Assets/Kevin Iglesias/Human Animations/Animations/Female/Movement/Walk/HumanF@Walk01_Forward.fbx
  artifactKey: Guid(2d87094962c8b48478651fa8fe1f7a5a) Importer(2089858483,0ecaa5967403d082aa24f35e1b516d23)
Start importing Assets/Imported Assets/Kevin Iglesias/Human Animations/Animations/Female/Movement/Walk/HumanF@Walk01_Forward.fbx using Guid(2d87094962c8b48478651fa8fe1f7a5a) Importer(2089858483,0ecaa5967403d082aa24f35e1b516d23) Generated GUIDs only implemented for interfaces!
 -> (artifact id: '329eb6abcbe81448492bb8a328f9d976') in 0.017710 seconds
Number of updated asset objects reloaded before import = 0
Number of asset objects unloaded after import = 120
========================================================================
Received Import Request.
  Time since last request: 0.000011 seconds.
  path: Assets/Imported Assets/Kevin Iglesias/Human Animations/Animations/Male/Movement/Run/RootMotion/HumanM@Run01_Forward [RM].fbx
  artifactKey: Guid(9500e467e35d4684880037a0762df59b) Importer(2089858483,0ecaa5967403d082aa24f35e1b516d23)
Start importing Assets/Imported Assets/Kevin Iglesias/Human Animations/Animations/Male/Movement/Run/RootMotion/HumanM@Run01_Forward [RM].fbx using Guid(9500e467e35d4684880037a0762df59b) Importer(2089858483,0ecaa5967403d082aa24f35e1b516d23) Generated GUIDs only implemented for interfaces!
 -> (artifact id: '571f383b2d816befe23822ed06e16877') in 0.016246 seconds
Number of updated asset objects reloaded before import = 0
Number of asset objects unloaded after import = 120
========================================================================
Received Import Request.
  Time since last request: 0.000008 seconds.
  path: Assets/Imported Assets/Kevin Iglesias/Human Animations/Animations/Male/Movement/Turn/HumanM@Turn01_Right [RM].fbx
  artifactKey: Guid(8296dab082eb77948ab45344c6a09bcd) Importer(2089858483,0ecaa5967403d082aa24f35e1b516d23)
Start importing Assets/Imported Assets/Kevin Iglesias/Human Animations/Animations/Male/Movement/Turn/HumanM@Turn01_Right [RM].fbx using Guid(8296dab082eb77948ab45344c6a09bcd) Importer(2089858483,0ecaa5967403d082aa24f35e1b516d23) Generated GUIDs only implemented for interfaces!
 -> (artifact id: '32b5e56f9619799771e58110a2eb1662') in 0.017896 seconds
Number of updated asset objects reloaded before import = 0
Number of asset objects unloaded after import = 120
========================================================================
Received Import Request.
  Time since last request: 0.000008 seconds.
  path: Assets/Imported Assets/Kevin Iglesias/Human Animations/Animations/Female/Movement/Walk/RootMotion/HumanF@Walk01_Left [RM].fbx
  artifactKey: Guid(d566567af8d4548409c7a95dc3995977) Importer(2089858483,0ecaa5967403d082aa24f35e1b516d23)
Start importing Assets/Imported Assets/Kevin Iglesias/Human Animations/Animations/Female/Movement/Walk/RootMotion/HumanF@Walk01_Left [RM].fbx using Guid(d566567af8d4548409c7a95dc3995977) Importer(2089858483,0ecaa5967403d082aa24f35e1b516d23) Generated GUIDs only implemented for interfaces!
 -> (artifact id: '15c5d05104384e6049dc6e73dbdaa55a') in 0.015919 seconds
Number of updated asset objects reloaded before import = 0
Number of asset objects unloaded after import = 120
========================================================================
Received Import Request.
  Time since last request: 0.000008 seconds.
  path: Assets/Imported Assets/Kevin Iglesias/Human Animations/Animations/Female/Social/Conversation/HumanF@Talk01.fbx
  artifactKey: Guid(ef7fc1c2505f93948addc245824a58b1) Importer(2089858483,0ecaa5967403d082aa24f35e1b516d23)
Start importing Assets/Imported Assets/Kevin Iglesias/Human Animations/Animations/Female/Social/Conversation/HumanF@Talk01.fbx using Guid(ef7fc1c2505f93948addc245824a58b1) Importer(2089858483,0ecaa5967403d082aa24f35e1b516d23) Generated GUIDs only implemented for interfaces!
 -> (artifact id: '7e36f308cd775480065237a0cc0b4eb4') in 0.016363 seconds
Number of updated asset objects reloaded before import = 0
Number of asset objects unloaded after import = 120
========================================================================
Received Import Request.
  Time since last request: 0.000008 seconds.
  path: Assets/Imported Assets/Kevin Iglesias/Human Animations/Animations/Female/Movement/Sprint/HumanF@Sprint01_ForwardLeft.fbx
  artifactKey: Guid(62f242d2f9358a8429c9ea16bfc70c60) Importer(2089858483,0ecaa5967403d082aa24f35e1b516d23)
Start importing Assets/Imported Assets/Kevin Iglesias/Human Animations/Animations/Female/Movement/Sprint/HumanF@Sprint01_ForwardLeft.fbx using Guid(62f242d2f9358a8429c9ea16bfc70c60) Importer(2089858483,0ecaa5967403d082aa24f35e1b516d23) Generated GUIDs only implemented for interfaces!
 -> (artifact id: '6043db38e1d736a99fba2c0e9b5bf466') in 0.016836 seconds
Number of updated asset objects reloaded before import = 0
Number of asset objects unloaded after import = 120
========================================================================
Received Import Request.
  Time since last request: 0.000008 seconds.
  path: Assets/Imported Assets/Kevin Iglesias/Human Animations/Animations/Male/Movement/Sprint/RootMotion/HumanM@Sprint01_Left [RM].fbx
  artifactKey: Guid(17eb721b405a2864b84ea7c088d6bf02) Importer(2089858483,0ecaa5967403d082aa24f35e1b516d23)
Start importing Assets/Imported Assets/Kevin Iglesias/Human Animations/Animations/Male/Movement/Sprint/RootMotion/HumanM@Sprint01_Left [RM].fbx using Guid(17eb721b405a2864b84ea7c088d6bf02) Importer(2089858483,0ecaa5967403d082aa24f35e1b516d23) Generated GUIDs only implemented for interfaces!
 -> (artifact id: '252da3b5b0d519558879366a8c0ef04e') in 0.016662 seconds
Number of updated asset objects reloaded before import = 0
Number of asset objects unloaded after import = 120
========================================================================
Received Import Request.
  Time since last request: 0.000010 seconds.
  path: Assets/Imported Assets/Kevin Iglesias/Human Animations/Animations/Male/Movement/Walk/RootMotion/HumanM@Walk01_Backward [RM].fbx
  artifactKey: Guid(e63154bedee9a5f48aaca17e98adc5ce) Importer(2089858483,0ecaa5967403d082aa24f35e1b516d23)
Start importing Assets/Imported Assets/Kevin Iglesias/Human Animations/Animations/Male/Movement/Walk/RootMotion/HumanM@Walk01_Backward [RM].fbx using Guid(e63154bedee9a5f48aaca17e98adc5ce) Importer(2089858483,0ecaa5967403d082aa24f35e1b516d23) Generated GUIDs only implemented for interfaces!
 -> (artifact id: '3196533700516303a2ba5154ec602b70') in 0.017778 seconds
Number of updated asset objects reloaded before import = 0
Number of asset objects unloaded after import = 120
========================================================================
Received Import Request.
  Time since last request: 0.000009 seconds.
  path: Assets/Imported Assets/Kevin Iglesias/Human Animations/Animations/Male/Movement/Walk/HumanM@Walk01_Right.fbx
  artifactKey: Guid(2cd37dc84c089ac4981cd6d36abd33eb) Importer(2089858483,0ecaa5967403d082aa24f35e1b516d23)
Start importing Assets/Imported Assets/Kevin Iglesias/Human Animations/Animations/Male/Movement/Walk/HumanM@Walk01_Right.fbx using Guid(2cd37dc84c089ac4981cd6d36abd33eb) Importer(2089858483,0ecaa5967403d082aa24f35e1b516d23) Generated GUIDs only implemented for interfaces!
 -> (artifact id: '7ce03921f0e8ce1900a8414293b1d388') in 0.017306 seconds
Number of updated asset objects reloaded before import = 0
Number of asset objects unloaded after import = 120
========================================================================
Received Import Request.
  Time since last request: 0.000010 seconds.
  path: Assets/Imported Assets/Kevin Iglesias/Human Animations/Animations/Female/Movement/Walk/HumanF@Walk01_BackwardLeft.fbx
  artifactKey: Guid(daf6bb02eddf35e4e8cfcb493de60917) Importer(2089858483,0ecaa5967403d082aa24f35e1b516d23)
Start importing Assets/Imported Assets/Kevin Iglesias/Human Animations/Animations/Female/Movement/Walk/HumanF@Walk01_BackwardLeft.fbx using Guid(daf6bb02eddf35e4e8cfcb493de60917) Importer(2089858483,0ecaa5967403d082aa24f35e1b516d23) Generated GUIDs only implemented for interfaces!
 -> (artifact id: '883755bf2fbb44e5e10f6d8d45ca3ac6') in 0.017538 seconds
Number of updated asset objects reloaded before import = 0
Number of asset objects unloaded after import = 120
========================================================================
Received Import Request.
  Time since last request: 0.000017 seconds.
  path: Assets/Imported Assets/Kevin Iglesias/Human Animations/Animations/Male/Movement/Jump/HumanM@Jump01 [RM] - Begin.fbx
  artifactKey: Guid(53186c660ca35254cb302f56f055063e) Importer(2089858483,0ecaa5967403d082aa24f35e1b516d23)
Start importing Assets/Imported Assets/Kevin Iglesias/Human Animations/Animations/Male/Movement/Jump/HumanM@Jump01 [RM] - Begin.fbx using Guid(53186c660ca35254cb302f56f055063e) Importer(2089858483,0ecaa5967403d082aa24f35e1b516d23) Generated GUIDs only implemented for interfaces!
 -> (artifact id: 'e2f55c9bcae82326b671003a21896ec5') in 0.017681 seconds
Number of updated asset objects reloaded before import = 0
Number of asset objects unloaded after import = 120
========================================================================
Received Import Request.
  Time since last request: 0.000009 seconds.
  path: Assets/Imported Assets/Kevin Iglesias/Human Animations/Animations/Male/Movement/Run/HumanM@Run01_Forward.fbx
  artifactKey: Guid(6deac83e30d8acd4cbb8c7d8a11545bd) Importer(2089858483,0ecaa5967403d082aa24f35e1b516d23)
Start importing Assets/Imported Assets/Kevin Iglesias/Human Animations/Animations/Male/Movement/Run/HumanM@Run01_Forward.fbx using Guid(6deac83e30d8acd4cbb8c7d8a11545bd) Importer(2089858483,0ecaa5967403d082aa24f35e1b516d23) Generated GUIDs only implemented for interfaces!
 -> (artifact id: 'c023feb007205d7fe245d63fe2e2f932') in 0.017946 seconds
Number of updated asset objects reloaded before import = 0
Number of asset objects unloaded after import = 120
========================================================================
Received Import Request.
  Time since last request: 0.000008 seconds.
  path: Assets/Imported Assets/Kevin Iglesias/Human Animations/Animations/Male/Movement/Sprint/HumanM@Sprint01_Right.fbx
  artifactKey: Guid(067a556d54da4e94b8c6cfc96e97d680) Importer(2089858483,0ecaa5967403d082aa24f35e1b516d23)
Start importing Assets/Imported Assets/Kevin Iglesias/Human Animations/Animations/Male/Movement/Sprint/HumanM@Sprint01_Right.fbx using Guid(067a556d54da4e94b8c6cfc96e97d680) Importer(2089858483,0ecaa5967403d082aa24f35e1b516d23) Generated GUIDs only implemented for interfaces!
 -> (artifact id: 'b9db9be541ee84ffb8fea3abb3981f2f') in 0.016845 seconds
Number of updated asset objects reloaded before import = 0
Number of asset objects unloaded after import = 120
========================================================================
Received Import Request.
  Time since last request: 0.000008 seconds.
  path: Assets/Imported Assets/Kevin Iglesias/Human Animations/Animations/Female/Movement/Walk/HumanF@Walk01_Left.fbx
  artifactKey: Guid(1ee3692ad357102419809ccbcace4969) Importer(2089858483,0ecaa5967403d082aa24f35e1b516d23)
Start importing Assets/Imported Assets/Kevin Iglesias/Human Animations/Animations/Female/Movement/Walk/HumanF@Walk01_Left.fbx using Guid(1ee3692ad357102419809ccbcace4969) Importer(2089858483,0ecaa5967403d082aa24f35e1b516d23) Generated GUIDs only implemented for interfaces!
 -> (artifact id: 'a48e21867a1df993d8bf07b80a6442b3') in 0.016335 seconds
Number of updated asset objects reloaded before import = 0
Number of asset objects unloaded after import = 120
========================================================================
Received Import Request.
  Time since last request: 0.000009 seconds.
  path: Assets/Imported Assets/Kevin Iglesias/Human Animations/Animations/Male/Movement/Walk/RootMotion/HumanM@Walk01_Left [RM].fbx
  artifactKey: Guid(9804b1ef8ab27f84f9d98515273f70e3) Importer(2089858483,0ecaa5967403d082aa24f35e1b516d23)
Start importing Assets/Imported Assets/Kevin Iglesias/Human Animations/Animations/Male/Movement/Walk/RootMotion/HumanM@Walk01_Left [RM].fbx using Guid(9804b1ef8ab27f84f9d98515273f70e3) Importer(2089858483,0ecaa5967403d082aa24f35e1b516d23) Generated GUIDs only implemented for interfaces!
 -> (artifact id: 'a4fe1115733c15083563c6b7ecd3493e') in 0.016488 seconds
Number of updated asset objects reloaded before import = 0
Number of asset objects unloaded after import = 120
========================================================================
Received Import Request.
  Time since last request: 0.000009 seconds.
  path: Assets/Imported Assets/Kevin Iglesias/Human Animations/Animations/Male/Movement/Walk/RootMotion/HumanM@Walk01_Forward [RM].fbx
  artifactKey: Guid(9259db9271971e54ab8991d4aa53aae2) Importer(2089858483,0ecaa5967403d082aa24f35e1b516d23)
Start importing Assets/Imported Assets/Kevin Iglesias/Human Animations/Animations/Male/Movement/Walk/RootMotion/HumanM@Walk01_Forward [RM].fbx using Guid(9259db9271971e54ab8991d4aa53aae2) Importer(2089858483,0ecaa5967403d082aa24f35e1b516d23) Generated GUIDs only implemented for interfaces!
 -> (artifact id: '29a60e39ed934c40252a0293374a75e8') in 0.016567 seconds
Number of updated asset objects reloaded before import = 0
Number of asset objects unloaded after import = 120
========================================================================
Received Import Request.
  Time since last request: 0.000008 seconds.
  path: Assets/Imported Assets/Kevin Iglesias/Human Animations/Animations/Male/Movement/Run/RootMotion/HumanM@Run01_ForwardRight [RM].fbx
  artifactKey: Guid(7c23c3776f1ce0248aaa1fa0043581cd) Importer(2089858483,0ecaa5967403d082aa24f35e1b516d23)
Start importing Assets/Imported Assets/Kevin Iglesias/Human Animations/Animations/Male/Movement/Run/RootMotion/HumanM@Run01_ForwardRight [RM].fbx using Guid(7c23c3776f1ce0248aaa1fa0043581cd) Importer(2089858483,0ecaa5967403d082aa24f35e1b516d23) Generated GUIDs only implemented for interfaces!
 -> (artifact id: 'bfd705cc7f0333efe482367a9422019d') in 0.018344 seconds
Number of updated asset objects reloaded before import = 0
Number of asset objects unloaded after import = 120
========================================================================
Received Import Request.
  Time since last request: 0.000008 seconds.
  path: Assets/Imported Assets/Kevin Iglesias/Human Animations/Animations/Male/Movement/Run/RootMotion/HumanM@Run01_BackwardLeft [RM].fbx
  artifactKey: Guid(d4ad07e9a02ec4241a5110960579fb59) Importer(2089858483,0ecaa5967403d082aa24f35e1b516d23)
Start importing Assets/Imported Assets/Kevin Iglesias/Human Animations/Animations/Male/Movement/Run/RootMotion/HumanM@Run01_BackwardLeft [RM].fbx using Guid(d4ad07e9a02ec4241a5110960579fb59) Importer(2089858483,0ecaa5967403d082aa24f35e1b516d23) Generated GUIDs only implemented for interfaces!
 -> (artifact id: 'af184f97497c31926e7316bd9062e943') in 0.016730 seconds
Number of updated asset objects reloaded before import = 0
Number of asset objects unloaded after import = 120
========================================================================
Received Import Request.
  Time since last request: 0.000008 seconds.
  path: Assets/Imported Assets/Kevin Iglesias/Human Animations/Animations/Female/Movement/Run/HumanF@Run01_Right.fbx
  artifactKey: Guid(e4554e344c29aeb4087271d927e625f2) Importer(2089858483,0ecaa5967403d082aa24f35e1b516d23)
Start importing Assets/Imported Assets/Kevin Iglesias/Human Animations/Animations/Female/Movement/Run/HumanF@Run01_Right.fbx using Guid(e4554e344c29aeb4087271d927e625f2) Importer(2089858483,0ecaa5967403d082aa24f35e1b516d23) Generated GUIDs only implemented for interfaces!
 -> (artifact id: 'd8e9ad2568c3f0b7c40604f5e78dbf0d') in 0.016104 seconds
Number of updated asset objects reloaded before import = 0
Number of asset objects unloaded after import = 120
========================================================================
Received Import Request.
  Time since last request: 0.000008 seconds.
  path: Assets/Imported Assets/Kevin Iglesias/Human Animations/Animations/Male/Movement/Run/HumanM@Run01_ForwardRight.fbx
  artifactKey: Guid(152af2cd00aaae34e816ebb8deb4b68e) Importer(2089858483,0ecaa5967403d082aa24f35e1b516d23)
Start importing Assets/Imported Assets/Kevin Iglesias/Human Animations/Animations/Male/Movement/Run/HumanM@Run01_ForwardRight.fbx using Guid(152af2cd00aaae34e816ebb8deb4b68e) Importer(2089858483,0ecaa5967403d082aa24f35e1b516d23) Generated GUIDs only implemented for interfaces!
 -> (artifact id: '29565c446d3e03b3a270a423d04f3e31') in 0.017622 seconds
Number of updated asset objects reloaded before import = 0
Number of asset objects unloaded after import = 120
========================================================================
Received Import Request.
  Time since last request: 0.000008 seconds.
  path: Assets/Imported Assets/Kevin Iglesias/Human Animations/Animations/Male/Movement/Walk/RootMotion/HumanM@Walk01_ForwardLeft [RM].fbx
  artifactKey: Guid(1c3a6282a5507e9439ab8d4787dd80c5) Importer(2089858483,0ecaa5967403d082aa24f35e1b516d23)
Start importing Assets/Imported Assets/Kevin Iglesias/Human Animations/Animations/Male/Movement/Walk/RootMotion/HumanM@Walk01_ForwardLeft [RM].fbx using Guid(1c3a6282a5507e9439ab8d4787dd80c5) Importer(2089858483,0ecaa5967403d082aa24f35e1b516d23) Generated GUIDs only implemented for interfaces!
 -> (artifact id: '940cba6739ca32a5b87ffe7045b769b5') in 0.016641 seconds
Number of updated asset objects reloaded before import = 0
Number of asset objects unloaded after import = 120
========================================================================
Received Import Request.
  Time since last request: 0.000008 seconds.
  path: Assets/Imported Assets/Kevin Iglesias/Human Animations/Animations/Male/Movement/Run/RootMotion/HumanM@Run01_Right [RM].fbx
  artifactKey: Guid(c94ea603add67b745a5c6198446707fb) Importer(2089858483,0ecaa5967403d082aa24f35e1b516d23)
Start importing Assets/Imported Assets/Kevin Iglesias/Human Animations/Animations/Male/Movement/Run/RootMotion/HumanM@Run01_Right [RM].fbx using Guid(c94ea603add67b745a5c6198446707fb) Importer(2089858483,0ecaa5967403d082aa24f35e1b516d23) Generated GUIDs only implemented for interfaces!
 -> (artifact id: '79312620438f5368e75c05bfc4841170') in 0.016876 seconds
Number of updated asset objects reloaded before import = 0
Number of asset objects unloaded after import = 120
========================================================================
Received Import Request.
  Time since last request: 0.000012 seconds.
  path: Assets/Imported Assets/Kevin Iglesias/Human Animations/Animations/Female/Movement/Turn/HumanF@Turn01_Right.fbx
  artifactKey: Guid(b4ae722a24b2a8d4b98cbe5ddda51e41) Importer(2089858483,0ecaa5967403d082aa24f35e1b516d23)
Start importing Assets/Imported Assets/Kevin Iglesias/Human Animations/Animations/Female/Movement/Turn/HumanF@Turn01_Right.fbx using Guid(b4ae722a24b2a8d4b98cbe5ddda51e41) Importer(2089858483,0ecaa5967403d082aa24f35e1b516d23) Generated GUIDs only implemented for interfaces!
 -> (artifact id: '397f0a9ca3129e1d3cfc7a79e32931fa') in 0.016147 seconds
Number of updated asset objects reloaded before import = 0
Number of asset objects unloaded after import = 120
========================================================================
Received Import Request.
  Time since last request: 0.000015 seconds.
  path: Assets/Imported Assets/Easy FPS/Model_Animations_Textures/main character/Textures/Sword Metalic.tif
  artifactKey: Guid(c9278d06898a5b24da00334f97c65b5f) Importer(2089858483,0ecaa5967403d082aa24f35e1b516d23)
Start importing Assets/Imported Assets/Easy FPS/Model_Animations_Textures/main character/Textures/Sword Metalic.tif using Guid(c9278d06898a5b24da00334f97c65b5f) Importer(2089858483,0ecaa5967403d082aa24f35e1b516d23) Generated GUIDs only implemented for interfaces!
 -> (artifact id: 'e0be0b56948267bf498a565add3048dc') in 0.016005 seconds
Number of updated asset objects reloaded before import = 0
Number of asset objects unloaded after import = 1
========================================================================
Received Import Request.
  Time since last request: 0.000026 seconds.
  path: Assets/Imported Assets/Kevin Iglesias/Human Animations/Unity Demo Scenes/Human Basic Motions/AnimatorControllers/HumanF@Walk01_Right.controller
  artifactKey: Guid(bfc8f7217a9c59e4498d073095ecc661) Importer(2089858483,0ecaa5967403d082aa24f35e1b516d23)
Start importing Assets/Imported Assets/Kevin Iglesias/Human Animations/Unity Demo Scenes/Human Basic Motions/AnimatorControllers/HumanF@Walk01_Right.controller using Guid(bfc8f7217a9c59e4498d073095ecc661) Importer(2089858483,0ecaa5967403d082aa24f35e1b516d23) Generated GUIDs only implemented for interfaces!
 -> (artifact id: 'a14d8e485c05d9d14344b8b0aefb99cf') in 0.006819 seconds
Number of updated asset objects reloaded before import = 0
Number of asset objects unloaded after import = 4
========================================================================
Received Import Request.
  Time since last request: 0.000040 seconds.
  path: Assets/Imported Assets/Kevin Iglesias/Human Animations/Animations/Female/Movement/Run/RootMotion/HumanF@Run01_Right [RM].fbx
  artifactKey: Guid(67b3854dfc8f4ee4485ed3c744ac0cca) Importer(2089858483,0ecaa5967403d082aa24f35e1b516d23)
Start importing Assets/Imported Assets/Kevin Iglesias/Human Animations/Animations/Female/Movement/Run/RootMotion/HumanF@Run01_Right [RM].fbx using Guid(67b3854dfc8f4ee4485ed3c744ac0cca) Importer(2089858483,0ecaa5967403d082aa24f35e1b516d23) Generated GUIDs only implemented for interfaces!
 -> (artifact id: '5d77a26816ad1bb4aa38be4e16dde596') in 0.019441 seconds
Number of updated asset objects reloaded before import = 0
Number of asset objects unloaded after import = 120
========================================================================
Received Import Request.
  Time since last request: 0.000010 seconds.
  path: Assets/Imported Assets/Survivalist/StarterAssets/ThirdPersonController/Scripts/ThirdPersonController.cs
  artifactKey: Guid(26e54e5a728a9234ab24fcf1460ed8a2) Importer(2089858483,0ecaa5967403d082aa24f35e1b516d23)
Start importing Assets/Imported Assets/Survivalist/StarterAssets/ThirdPersonController/Scripts/ThirdPersonController.cs using Guid(26e54e5a728a9234ab24fcf1460ed8a2) Importer(2089858483,0ecaa5967403d082aa24f35e1b516d23) Generated GUIDs only implemented for interfaces!
 -> (artifact id: 'dafab6426ba4796f81c880fca413a2e3') in 0.006671 seconds
Number of updated asset objects reloaded before import = 0
Number of asset objects unloaded after import = 1
========================================================================
Received Import Request.
  Time since last request: 0.000064 seconds.
  path: Assets/Imported Assets/Survivalist/StarterAssets/Environment/Art/Materials/GreyBlue_Mat.mat
  artifactKey: Guid(6b911390c5825014e8377183a7837d3f) Importer(2089858483,0ecaa5967403d082aa24f35e1b516d23)
Start importing Assets/Imported Assets/Survivalist/StarterAssets/Environment/Art/Materials/GreyBlue_Mat.mat using Guid(6b911390c5825014e8377183a7837d3f) Importer(2089858483,0ecaa5967403d082aa24f35e1b516d23) Generated GUIDs only implemented for interfaces!
 -> (artifact id: '08c0d4eaee26378b769258c21020c6a7') in 0.006668 seconds
Number of updated asset objects reloaded before import = 0
Number of asset objects unloaded after import = 1
========================================================================
Received Import Request.
  Time since last request: 0.000049 seconds.
  path: Assets/Imported Assets/Arabic Neoclassical/Street Road/Prefab/Dirt/Dirt_Road4Lane_Intersection_3Way.prefab
  artifactKey: Guid(111cefa52388b0845a6b35efb540bacb) Importer(2089858483,0ecaa5967403d082aa24f35e1b516d23)
Start importing Assets/Imported Assets/Arabic Neoclassical/Street Road/Prefab/Dirt/Dirt_Road4Lane_Intersection_3Way.prefab using Guid(111cefa52388b0845a6b35efb540bacb) Importer(2089858483,0ecaa5967403d082aa24f35e1b516d23) Generated GUIDs only implemented for interfaces!
 -> (artifact id: '69bccb8508736b8c79ffdf21bf7726c5') in 0.008289 seconds
Number of updated asset objects reloaded before import = 0
Number of asset objects unloaded after import = 7
========================================================================
Received Import Request.
  Time since last request: 0.000021 seconds.
  path: Assets/Imported Assets/Arabic Neoclassical/Street Road/Prefab/V3/V3_Road1Lane_Straight.prefab
  artifactKey: Guid(dc4d5308e140fdf48996e2bada6bd78a) Importer(2089858483,0ecaa5967403d082aa24f35e1b516d23)
Start importing Assets/Imported Assets/Arabic Neoclassical/Street Road/Prefab/V3/V3_Road1Lane_Straight.prefab using Guid(dc4d5308e140fdf48996e2bada6bd78a) Importer(2089858483,0ecaa5967403d082aa24f35e1b516d23) Generated GUIDs only implemented for interfaces!
 -> (artifact id: '937e520eccef59186bb87b2c923637b9') in 0.007384 seconds
Number of updated asset objects reloaded before import = 0
Number of asset objects unloaded after import = 7
========================================================================
Received Import Request.
  Time since last request: 0.000008 seconds.
  path: Assets/Imported Assets/Kevin Iglesias/Human Animations/Animations/Female/Movement/Run/RootMotion/HumanF@Run01_Backward [RM].fbx
  artifactKey: Guid(78375be644e8f3a45bdc574dcc4fdb45) Importer(2089858483,0ecaa5967403d082aa24f35e1b516d23)
Start importing Assets/Imported Assets/Kevin Iglesias/Human Animations/Animations/Female/Movement/Run/RootMotion/HumanF@Run01_Backward [RM].fbx using Guid(78375be644e8f3a45bdc574dcc4fdb45) Importer(2089858483,0ecaa5967403d082aa24f35e1b516d23) Generated GUIDs only implemented for interfaces!
 -> (artifact id: 'f483b34c38410ba169d5e3c90e27cc0f') in 0.017589 seconds
Number of updated asset objects reloaded before import = 0
Number of asset objects unloaded after import = 120
========================================================================
Received Import Request.
  Time since last request: 0.000008 seconds.
  path: Assets/Imported Assets/Mess Maker Free/Templates/Textures/Soda Can Blank.png
  artifactKey: Guid(d3092dbfea3e6a740b76721484b1e6f4) Importer(2089858483,0ecaa5967403d082aa24f35e1b516d23)
Start importing Assets/Imported Assets/Mess Maker Free/Templates/Textures/Soda Can Blank.png using Guid(d3092dbfea3e6a740b76721484b1e6f4) Importer(2089858483,0ecaa5967403d082aa24f35e1b516d23) Generated GUIDs only implemented for interfaces!
 -> (artifact id: '45644f2fc9f3388f3dfd390a74ce6f22') in 0.014658 seconds
Number of updated asset objects reloaded before import = 0
Number of asset objects unloaded after import = 1
========================================================================
Received Import Request.
  Time since last request: 0.000076 seconds.
  path: Assets/Imported Assets/Mess Maker Free/Prefabs/Low Poly/Cans/Soda Can Green Crushed.prefab
  artifactKey: Guid(f02a92e1ab7d32d4fad570cd12c80c3e) Importer(2089858483,0ecaa5967403d082aa24f35e1b516d23)
Start importing Assets/Imported Assets/Mess Maker Free/Prefabs/Low Poly/Cans/Soda Can Green Crushed.prefab using Guid(f02a92e1ab7d32d4fad570cd12c80c3e) Importer(2089858483,0ecaa5967403d082aa24f35e1b516d23) Generated GUIDs only implemented for interfaces!
 -> (artifact id: '1cbbf442957eb4fb333660e2b4eeb09d') in 0.008783 seconds
Number of updated asset objects reloaded before import = 0
Number of asset objects unloaded after import = 14
========================================================================
Received Import Request.
  Time since last request: 0.000008 seconds.
  path: Assets/Imported Assets/Mess Maker Free/Prefabs/Low Poly/Food/Apple Core Green.prefab
  artifactKey: Guid(04de276320549a847b966b845005a946) Importer(2089858483,0ecaa5967403d082aa24f35e1b516d23)
Start importing Assets/Imported Assets/Mess Maker Free/Prefabs/Low Poly/Food/Apple Core Green.prefab using Guid(04de276320549a847b966b845005a946) Importer(2089858483,0ecaa5967403d082aa24f35e1b516d23) Generated GUIDs only implemented for interfaces!
 -> (artifact id: '87f6d2161565809f6b2e574a7084a3d0') in 0.008646 seconds
Number of updated asset objects reloaded before import = 0
Number of asset objects unloaded after import = 9
========================================================================
Received Import Request.
  Time since last request: 0.000008 seconds.
  path: Assets/Imported Assets/Easy FPS/Model_Animations_Textures/main character/Textures/Weapon_Normal.png
  artifactKey: Guid(ccc16bce2e0410143b6266aac38eeab6) Importer(2089858483,0ecaa5967403d082aa24f35e1b516d23)
Start importing Assets/Imported Assets/Easy FPS/Model_Animations_Textures/main character/Textures/Weapon_Normal.png using Guid(ccc16bce2e0410143b6266aac38eeab6) Importer(2089858483,0ecaa5967403d082aa24f35e1b516d23) Generated GUIDs only implemented for interfaces!
 -> (artifact id: '1afb8b3fd3894e9e6212557b37c3ef0d') in 0.013998 seconds
Number of updated asset objects reloaded before import = 0
Number of asset objects unloaded after import = 1
========================================================================
Received Import Request.
  Time since last request: 0.000058 seconds.
  path: Assets/Imported Assets/Arabic Neoclassical/Street Road/Prefab/Dirt/Dirt_Road2Lane_Straight_06.prefab
  artifactKey: Guid(0576b4917d2f43e44942a15aa580af95) Importer(2089858483,0ecaa5967403d082aa24f35e1b516d23)
Start importing Assets/Imported Assets/Arabic Neoclassical/Street Road/Prefab/Dirt/Dirt_Road2Lane_Straight_06.prefab using Guid(0576b4917d2f43e44942a15aa580af95) Importer(2089858483,0ecaa5967403d082aa24f35e1b516d23) Generated GUIDs only implemented for interfaces!
 -> (artifact id: '5bf95681f0e2c4a1bfeb43c98ff75da0') in 0.007393 seconds
Number of updated asset objects reloaded before import = 0
Number of asset objects unloaded after import = 7
========================================================================
Received Import Request.
  Time since last request: 0.000010 seconds.
  path: Assets/Imported Assets/Mess Maker Free/Templates/Prefabs (High)/Soda Can Blank.prefab
  artifactKey: Guid(389778e7d8bf2e741a799f00aab011d7) Importer(2089858483,0ecaa5967403d082aa24f35e1b516d23)
Start importing Assets/Imported Assets/Mess Maker Free/Templates/Prefabs (High)/Soda Can Blank.prefab using Guid(389778e7d8bf2e741a799f00aab011d7) Importer(2089858483,0ecaa5967403d082aa24f35e1b516d23) Generated GUIDs only implemented for interfaces!
 -> (artifact id: '1659a99f98c63b6c9df02b9120f3ff24') in 0.009178 seconds
Number of updated asset objects reloaded before import = 0
Number of asset objects unloaded after import = 14
========================================================================
Received Import Request.
  Time since last request: 0.000008 seconds.
  path: Assets/Imported Assets/Arabic Neoclassical/Street Road/Prefab/V3/V3_Road2Lane_Straight_03.prefab
  artifactKey: Guid(eb05640b273c5364bb52a18194a6dd3c) Importer(2089858483,0ecaa5967403d082aa24f35e1b516d23)
Start importing Assets/Imported Assets/Arabic Neoclassical/Street Road/Prefab/V3/V3_Road2Lane_Straight_03.prefab using Guid(eb05640b273c5364bb52a18194a6dd3c) Importer(2089858483,0ecaa5967403d082aa24f35e1b516d23) Generated GUIDs only implemented for interfaces!
 -> (artifact id: '0871ce14ebc03297729e18e49a76d4ec') in 0.007010 seconds
Number of updated asset objects reloaded before import = 0
Number of asset objects unloaded after import = 7
========================================================================
Received Import Request.
  Time since last request: 0.000007 seconds.
  path: Assets/Imported Assets/Mess Maker Free/Templates/Materials/Vodka Label Blank.mat
  artifactKey: Guid(2cd3ba717b4e360448277a6e4032a4f4) Importer(2089858483,0ecaa5967403d082aa24f35e1b516d23)
Start importing Assets/Imported Assets/Mess Maker Free/Templates/Materials/Vodka Label Blank.mat using Guid(2cd3ba717b4e360448277a6e4032a4f4) Importer(2089858483,0ecaa5967403d082aa24f35e1b516d23) Generated GUIDs only implemented for interfaces!
 -> (artifact id: '1ba4ccf183308893cb742619aa6a6bd1') in 0.007536 seconds
Number of updated asset objects reloaded before import = 0
Number of asset objects unloaded after import = 2
========================================================================
Received Import Request.
  Time since last request: 0.000026 seconds.
  path: Assets/Imported Assets/Arabic Neoclassical/Street Road/Prefab/Dirt/Dirt_Road4Lane_Straight_05.prefab
  artifactKey: Guid(daff5a81629d8ae489eca12171a813ae) Importer(2089858483,0ecaa5967403d082aa24f35e1b516d23)
Start importing Assets/Imported Assets/Arabic Neoclassical/Street Road/Prefab/Dirt/Dirt_Road4Lane_Straight_05.prefab using Guid(daff5a81629d8ae489eca12171a813ae) Importer(2089858483,0ecaa5967403d082aa24f35e1b516d23) Generated GUIDs only implemented for interfaces!
 -> (artifact id: 'c42ef5f56384a020ab52b59fc05a0dda') in 0.007452 seconds
Number of updated asset objects reloaded before import = 0
Number of asset objects unloaded after import = 7
========================================================================
Received Import Request.
  Time since last request: 0.000008 seconds.
  path: Assets/Imported Assets/Kevin Iglesias/Human Animations/Animations/Female/Movement/Sprint/RootMotion/HumanF@Sprint01_ForwardRight [RM].fbx
  artifactKey: Guid(82bf8a2b215c9d7408d4dcf081f8f622) Importer(2089858483,0ecaa5967403d082aa24f35e1b516d23)
Start importing Assets/Imported Assets/Kevin Iglesias/Human Animations/Animations/Female/Movement/Sprint/RootMotion/HumanF@Sprint01_ForwardRight [RM].fbx using Guid(82bf8a2b215c9d7408d4dcf081f8f622) Importer(2089858483,0ecaa5967403d082aa24f35e1b516d23) Generated GUIDs only implemented for interfaces!
 -> (artifact id: '4e8719682a295da0c71f3d80ec77dc28') in 0.017085 seconds
Number of updated asset objects reloaded before import = 0
Number of asset objects unloaded after import = 120
========================================================================
Received Import Request.
  Time since last request: 0.000009 seconds.
  path: Assets/Imported Assets/Mess Maker Free/Prefabs/High Poly/Cans/Beer Can Green.prefab
  artifactKey: Guid(8d1907721f1c47446a102b00e73c8185) Importer(2089858483,0ecaa5967403d082aa24f35e1b516d23)
Start importing Assets/Imported Assets/Mess Maker Free/Prefabs/High Poly/Cans/Beer Can Green.prefab using Guid(8d1907721f1c47446a102b00e73c8185) Importer(2089858483,0ecaa5967403d082aa24f35e1b516d23) Generated GUIDs only implemented for interfaces!
 -> (artifact id: 'a42b63c25fe8d4c2bd3dfd929bfd35d1') in 0.009036 seconds
Number of updated asset objects reloaded before import = 0
Number of asset objects unloaded after import = 14
========================================================================
Received Import Request.
  Time since last request: 0.000007 seconds.
  path: Assets/Imported Assets/Mess Maker Free/Templates/Prefabs (High)/Wine Bottle Green with Blank Label.prefab
  artifactKey: Guid(a15225395c29627488b8de445799b4cd) Importer(2089858483,0ecaa5967403d082aa24f35e1b516d23)
Start importing Assets/Imported Assets/Mess Maker Free/Templates/Prefabs (High)/Wine Bottle Green with Blank Label.prefab using Guid(a15225395c29627488b8de445799b4cd) Importer(2089858483,0ecaa5967403d082aa24f35e1b516d23) Generated GUIDs only implemented for interfaces!
 -> (artifact id: 'a5e52a83954640393fb8a8e27105bc76') in 0.008307 seconds
Number of updated asset objects reloaded before import = 0
Number of asset objects unloaded after import = 14
========================================================================
Received Import Request.
  Time since last request: 0.000010 seconds.
  path: Assets/Imported Assets/genSuit/Textures/Blue/genSuit_Blue_NM.tif
  artifactKey: Guid(862710377481a5a48b8d68b0cc0d905f) Importer(2089858483,0ecaa5967403d082aa24f35e1b516d23)
Start importing Assets/Imported Assets/genSuit/Textures/Blue/genSuit_Blue_NM.tif using Guid(862710377481a5a48b8d68b0cc0d905f) Importer(2089858483,0ecaa5967403d082aa24f35e1b516d23) Generated GUIDs only implemented for interfaces!
 -> (artifact id: '693ac19a3150fe55b7d9b94f630df812') in 0.023356 seconds
Number of updated asset objects reloaded before import = 0
Number of asset objects unloaded after import = 1
========================================================================
Received Import Request.
  Time since last request: 0.000017 seconds.
  path: Assets/Imported Assets/Mess Maker Free/Prefabs/High Poly/Glass Bottles/Beer Bottle Red.prefab
  artifactKey: Guid(094b5e0777b67a64f88ce0eb50166234) Importer(2089858483,0ecaa5967403d082aa24f35e1b516d23)
Start importing Assets/Imported Assets/Mess Maker Free/Prefabs/High Poly/Glass Bottles/Beer Bottle Red.prefab using Guid(094b5e0777b67a64f88ce0eb50166234) Importer(2089858483,0ecaa5967403d082aa24f35e1b516d23) Generated GUIDs only implemented for interfaces!
 -> (artifact id: 'deb08c7d23fa61a93c3a8ba48a676b92') in 0.010392 seconds
Number of updated asset objects reloaded before import = 0
Number of asset objects unloaded after import = 9
========================================================================
Received Import Request.
  Time since last request: 0.000009 seconds.
  path: Assets/Imported Assets/Survivalist/Texture/Body/T_Military_Head1_ao.png
  artifactKey: Guid(b9d36d1ce62c19a4ca3cc90f4cc60c6b) Importer(2089858483,0ecaa5967403d082aa24f35e1b516d23)
Start importing Assets/Imported Assets/Survivalist/Texture/Body/T_Military_Head1_ao.png using Guid(b9d36d1ce62c19a4ca3cc90f4cc60c6b) Importer(2089858483,0ecaa5967403d082aa24f35e1b516d23) Generated GUIDs only implemented for interfaces!
 -> (artifact id: '983c48af78e72092ef47297acf5b94e1') in 0.014819 seconds
Number of updated asset objects reloaded before import = 0
Number of asset objects unloaded after import = 1
========================================================================
Received Import Request.
  Time since last request: 0.000040 seconds.
  path: Assets/Imported Assets/Easy FPS/Model_Animations_Textures/main character/Textures/Hands_Albedo.png
  artifactKey: Guid(e24eaabb02b65064e9b551f2517d09d3) Importer(2089858483,0ecaa5967403d082aa24f35e1b516d23)
Start importing Assets/Imported Assets/Easy FPS/Model_Animations_Textures/main character/Textures/Hands_Albedo.png using Guid(e24eaabb02b65064e9b551f2517d09d3) Importer(2089858483,0ecaa5967403d082aa24f35e1b516d23) Generated GUIDs only implemented for interfaces!
 -> (artifact id: '68dff8770b41d32e9376f46c572e0847') in 0.015079 seconds
Number of updated asset objects reloaded before import = 0
Number of asset objects unloaded after import = 1
========================================================================
Received Import Request.
  Time since last request: 0.000085 seconds.
  path: Assets/Imported Assets/Mess Maker Free/Prefabs/High Poly/Cans/Beer Can Red Crushed.prefab
  artifactKey: Guid(38cec26c05d5a0c48ba8b226165d370b) Importer(2089858483,0ecaa5967403d082aa24f35e1b516d23)
Start importing Assets/Imported Assets/Mess Maker Free/Prefabs/High Poly/Cans/Beer Can Red Crushed.prefab using Guid(38cec26c05d5a0c48ba8b226165d370b) Importer(2089858483,0ecaa5967403d082aa24f35e1b516d23) Generated GUIDs only implemented for interfaces!
 -> (artifact id: '165b074e79acd601c4e276c99f0a0e8b') in 0.008546 seconds
Number of updated asset objects reloaded before import = 0
Number of asset objects unloaded after import = 14
========================================================================
Received Import Request.
  Time since last request: 0.000008 seconds.
  path: Assets/Imported Assets/Easy FPS/Model_Animations_Textures/main character/Textures/Sword_Albedo.tif
  artifactKey: Guid(5a537b812db61c545857de3ec311f4df) Importer(2089858483,0ecaa5967403d082aa24f35e1b516d23)
Start importing Assets/Imported Assets/Easy FPS/Model_Animations_Textures/main character/Textures/Sword_Albedo.tif using Guid(5a537b812db61c545857de3ec311f4df) Importer(2089858483,0ecaa5967403d082aa24f35e1b516d23) Generated GUIDs only implemented for interfaces!
 -> (artifact id: '2dd9c457be8346e3163b348a3c4e7f7a') in 0.015103 seconds
Number of updated asset objects reloaded before import = 0
Number of asset objects unloaded after import = 1
========================================================================
Received Import Request.
  Time since last request: 0.000057 seconds.
  path: Assets/Imported Assets/Easy FPS/Model_Animations_Textures/main character/Textures/Weapon_Specular.png
  artifactKey: Guid(f178e45a36c6fb348b287e4e5bbe4664) Importer(2089858483,0ecaa5967403d082aa24f35e1b516d23)
Start importing Assets/Imported Assets/Easy FPS/Model_Animations_Textures/main character/Textures/Weapon_Specular.png using Guid(f178e45a36c6fb348b287e4e5bbe4664) Importer(2089858483,0ecaa5967403d082aa24f35e1b516d23) Generated GUIDs only implemented for interfaces!
 -> (artifact id: 'b5a389120cd833a8e2ec68cb687cffb6') in 0.014880 seconds
Number of updated asset objects reloaded before import = 0
Number of asset objects unloaded after import = 1
========================================================================
Received Import Request.
  Time since last request: 0.000008 seconds.
  path: Assets/Imported Assets/Mess Maker Free/Sample Scene Assets/Material/City.mat
  artifactKey: Guid(054bd0431f8ef964fb33ccdcf37dbdd8) Importer(2089858483,0ecaa5967403d082aa24f35e1b516d23)
Start importing Assets/Imported Assets/Mess Maker Free/Sample Scene Assets/Material/City.mat using Guid(054bd0431f8ef964fb33ccdcf37dbdd8) Importer(2089858483,0ecaa5967403d082aa24f35e1b516d23) Generated GUIDs only implemented for interfaces!
 -> (artifact id: 'c85930d2cb448d2a3868b3b1a66dd67e') in 0.007659 seconds
Number of updated asset objects reloaded before import = 0
Number of asset objects unloaded after import = 3
========================================================================
Received Import Request.
  Time since last request: 0.000022 seconds.
  path: Assets/Imported Assets/Mess Maker Free/Templates/Prefabs (High)/Vodka Bottle with Blank Label.prefab
  artifactKey: Guid(cef8955c56e0fa74c9030a7f10272d0f) Importer(2089858483,0ecaa5967403d082aa24f35e1b516d23)
Start importing Assets/Imported Assets/Mess Maker Free/Templates/Prefabs (High)/Vodka Bottle with Blank Label.prefab using Guid(cef8955c56e0fa74c9030a7f10272d0f) Importer(2089858483,0ecaa5967403d082aa24f35e1b516d23) Generated GUIDs only implemented for interfaces!
 -> (artifact id: 'cfe59d80db9254ab2b412c4e692143f8') in 0.008417 seconds
Number of updated asset objects reloaded before import = 0
Number of asset objects unloaded after import = 14
========================================================================
Received Import Request.
  Time since last request: 0.000008 seconds.
  path: Assets/Imported Assets/Mess Maker Free/Templates/Textures/Vodka Label Blank.png
  artifactKey: Guid(e65382a1ac6d3e643b1cbf839e088086) Importer(2089858483,0ecaa5967403d082aa24f35e1b516d23)
Start importing Assets/Imported Assets/Mess Maker Free/Templates/Textures/Vodka Label Blank.png using Guid(e65382a1ac6d3e643b1cbf839e088086) Importer(2089858483,0ecaa5967403d082aa24f35e1b516d23) Generated GUIDs only implemented for interfaces!
 -> (artifact id: '4d56799fbc4dbef18bfc19df2034e37f') in 0.014173 seconds
Number of updated asset objects reloaded before import = 0
Number of asset objects unloaded after import = 1
========================================================================
Received Import Request.
  Time since last request: 0.000049 seconds.
  path: Assets/Imported Assets/Kevin Iglesias/Human Animations/Unity Demo Scenes/Human Basic Motions/AnimatorControllers/HumanM@Run01_BackwardLeft.controller
  artifactKey: Guid(06c49bcaab16ee64286ab7119dc8b645) Importer(2089858483,0ecaa5967403d082aa24f35e1b516d23)
Start importing Assets/Imported Assets/Kevin Iglesias/Human Animations/Unity Demo Scenes/Human Basic Motions/AnimatorControllers/HumanM@Run01_BackwardLeft.controller using Guid(06c49bcaab16ee64286ab7119dc8b645) Importer(2089858483,0ecaa5967403d082aa24f35e1b516d23) Generated GUIDs only implemented for interfaces!
 -> (artifact id: 'd898ff3b54bbce50c9823ed7bb298530') in 0.006965 seconds
Number of updated asset objects reloaded before import = 0
Number of asset objects unloaded after import = 4
========================================================================
Received Import Request.
  Time since last request: 0.000007 seconds.
  path: Assets/Imported Assets/Mess Maker Free/Templates/Prefabs (High)/Beer Can Blank.prefab
  artifactKey: Guid(4d37c7eb7f9df974b903bd63bb6cdccc) Importer(2089858483,0ecaa5967403d082aa24f35e1b516d23)
Start importing Assets/Imported Assets/Mess Maker Free/Templates/Prefabs (High)/Beer Can Blank.prefab using Guid(4d37c7eb7f9df974b903bd63bb6cdccc) Importer(2089858483,0ecaa5967403d082aa24f35e1b516d23) Generated GUIDs only implemented for interfaces!
 -> (artifact id: '01b625e77106bbd47fe882c73383873d') in 0.008275 seconds
Number of updated asset objects reloaded before import = 0
Number of asset objects unloaded after import = 14
========================================================================
Received Import Request.
  Time since last request: 0.000007 seconds.
  path: Assets/Imported Assets/Mess Maker Free/Prefabs/Low Poly/Cans/Soda Can Green.prefab
  artifactKey: Guid(c840387747cb48f409bf9c9708a4d90d) Importer(2089858483,0ecaa5967403d082aa24f35e1b516d23)
Start importing Assets/Imported Assets/Mess Maker Free/Prefabs/Low Poly/Cans/Soda Can Green.prefab using Guid(c840387747cb48f409bf9c9708a4d90d) Importer(2089858483,0ecaa5967403d082aa24f35e1b516d23) Generated GUIDs only implemented for interfaces!
 -> (artifact id: '8e9c24ec1638299f70c540552dfdc8f6') in 0.008534 seconds
Number of updated asset objects reloaded before import = 0
Number of asset objects unloaded after import = 14
========================================================================
Received Import Request.
  Time since last request: 0.000008 seconds.
  path: Assets/Imported Assets/Mess Maker Free/Templates/Prefabs (Low)/Beer Can Blank.prefab
  artifactKey: Guid(67d5bb1f9e982fe4780f079e920e5cee) Importer(2089858483,0ecaa5967403d082aa24f35e1b516d23)
Start importing Assets/Imported Assets/Mess Maker Free/Templates/Prefabs (Low)/Beer Can Blank.prefab using Guid(67d5bb1f9e982fe4780f079e920e5cee) Importer(2089858483,0ecaa5967403d082aa24f35e1b516d23) Generated GUIDs only implemented for interfaces!
 -> (artifact id: 'c68b2343c061375e553c74970f63f983') in 0.007840 seconds
Number of updated asset objects reloaded before import = 0
Number of asset objects unloaded after import = 14
========================================================================
Received Import Request.
  Time since last request: 0.000008 seconds.
  path: Assets/Imported Assets/Mess Maker Free/Prefabs/High Poly/Cans/Beer Can Green Crushed.prefab
  artifactKey: Guid(abc805df2245a814aacfab1c9341525e) Importer(2089858483,0ecaa5967403d082aa24f35e1b516d23)
Start importing Assets/Imported Assets/Mess Maker Free/Prefabs/High Poly/Cans/Beer Can Green Crushed.prefab using Guid(abc805df2245a814aacfab1c9341525e) Importer(2089858483,0ecaa5967403d082aa24f35e1b516d23) Generated GUIDs only implemented for interfaces!
 -> (artifact id: '9e15a430c72a6b9e447748e2173f54ee') in 0.008683 seconds
Number of updated asset objects reloaded before import = 0
Number of asset objects unloaded after import = 14
========================================================================
Received Import Request.
  Time since last request: 0.000007 seconds.
  path: Assets/Imported Assets/Mess Maker Free/Prefabs/Low Poly/Glass Bottles/Wine Bottle Red Broke.prefab
  artifactKey: Guid(f7a38f23e322d4847b9364710a5bb94a) Importer(2089858483,0ecaa5967403d082aa24f35e1b516d23)
Start importing Assets/Imported Assets/Mess Maker Free/Prefabs/Low Poly/Glass Bottles/Wine Bottle Red Broke.prefab using Guid(f7a38f23e322d4847b9364710a5bb94a) Importer(2089858483,0ecaa5967403d082aa24f35e1b516d23) Generated GUIDs only implemented for interfaces!
 -> (artifact id: '4ccbecd54c5c36ef580fca46d5fcf0d9') in 0.008676 seconds
Number of updated asset objects reloaded before import = 0
Number of asset objects unloaded after import = 9
========================================================================
Received Import Request.
  Time since last request: 0.000008 seconds.
  path: Assets/Imported Assets/Survivalist/Texture/Bottom/T_Military_Boots3_Skin3_color.png
  artifactKey: Guid(0da80995ef29b9c4497f13b50d6c0763) Importer(2089858483,0ecaa5967403d082aa24f35e1b516d23)
Start importing Assets/Imported Assets/Survivalist/Texture/Bottom/T_Military_Boots3_Skin3_color.png using Guid(0da80995ef29b9c4497f13b50d6c0763) Importer(2089858483,0ecaa5967403d082aa24f35e1b516d23) Generated GUIDs only implemented for interfaces!
 -> (artifact id: 'ca157e032c57a1496a22b417c3954830') in 0.014706 seconds
Number of updated asset objects reloaded before import = 0
Number of asset objects unloaded after import = 1
========================================================================
Received Import Request.
  Time since last request: 0.000037 seconds.
  path: Assets/Imported Assets/Kevin Iglesias/Human Animations/Unity Demo Scenes/Human Basic Motions/AnimatorControllers/HumanM@Walk01_ForwardRight.controller
  artifactKey: Guid(a805db0a341a54241bb00c040762aa1b) Importer(2089858483,0ecaa5967403d082aa24f35e1b516d23)
Start importing Assets/Imported Assets/Kevin Iglesias/Human Animations/Unity Demo Scenes/Human Basic Motions/AnimatorControllers/HumanM@Walk01_ForwardRight.controller using Guid(a805db0a341a54241bb00c040762aa1b) Importer(2089858483,0ecaa5967403d082aa24f35e1b516d23) Generated GUIDs only implemented for interfaces!
 -> (artifact id: '173c0c0abdd0606244e30f4dd1448eb0') in 0.007953 seconds
Number of updated asset objects reloaded before import = 0
Number of asset objects unloaded after import = 4
========================================================================
Received Import Request.
  Time since last request: 0.000008 seconds.
  path: Assets/Imported Assets/Kevin Iglesias/Human Animations/Animations/Female/Movement/Run/HumanF@Run01_Left.fbx
  artifactKey: Guid(435a4728904deaf41a2ea8928e6c2c35) Importer(2089858483,0ecaa5967403d082aa24f35e1b516d23)
Start importing Assets/Imported Assets/Kevin Iglesias/Human Animations/Animations/Female/Movement/Run/HumanF@Run01_Left.fbx using Guid(435a4728904deaf41a2ea8928e6c2c35) Importer(2089858483,0ecaa5967403d082aa24f35e1b516d23) Generated GUIDs only implemented for interfaces!
 -> (artifact id: '792f0457d8b4db9a35c5d97c56567531') in 0.017939 seconds
Number of updated asset objects reloaded before import = 0
Number of asset objects unloaded after import = 120
========================================================================
Received Import Request.
  Time since last request: 0.000008 seconds.
  path: Assets/Imported Assets/Simple Vehicle Pack/Prefabs/Mobile/Car_2.prefab
  artifactKey: Guid(388d83314c9e51c40956fb6908979eee) Importer(2089858483,0ecaa5967403d082aa24f35e1b516d23)
Start importing Assets/Imported Assets/Simple Vehicle Pack/Prefabs/Mobile/Car_2.prefab using Guid(388d83314c9e51c40956fb6908979eee) Importer(2089858483,0ecaa5967403d082aa24f35e1b516d23) Generated GUIDs only implemented for interfaces!
 -> (artifact id: '64916a88dc0aa13ae5b8af7cfbd01e35') in 0.006638 seconds
Number of updated asset objects reloaded before import = 0
Number of asset objects unloaded after import = 29
========================================================================
Received Import Request.
  Time since last request: 0.000010 seconds.
  path: Assets/Imported Assets/Arabic Neoclassical/Street Road/Materials/Dirty Version/Dirt_Mat.mat
  artifactKey: Guid(285422797a34b8043b0059af1f2c2aed) Importer(2089858483,0ecaa5967403d082aa24f35e1b516d23)
Start importing Assets/Imported Assets/Arabic Neoclassical/Street Road/Materials/Dirty Version/Dirt_Mat.mat using Guid(285422797a34b8043b0059af1f2c2aed) Importer(2089858483,0ecaa5967403d082aa24f35e1b516d23) Generated GUIDs only implemented for interfaces!
 -> (artifact id: '376dcc230b003fa2bed78dd0ef9db76f') in 0.007178 seconds
Number of updated asset objects reloaded before import = 0
Number of asset objects unloaded after import = 1
========================================================================
Received Import Request.
  Time since last request: 0.000016 seconds.
  path: Assets/Imported Assets/Easy FPS/Model_Animations_Textures/main character/Materials/Gun_Material.mat
  artifactKey: Guid(8f5c42afab7b135488b8d6815747503e) Importer(2089858483,0ecaa5967403d082aa24f35e1b516d23)
Start importing Assets/Imported Assets/Easy FPS/Model_Animations_Textures/main character/Materials/Gun_Material.mat using Guid(8f5c42afab7b135488b8d6815747503e) Importer(2089858483,0ecaa5967403d082aa24f35e1b516d23) Generated GUIDs only implemented for interfaces!
 -> (artifact id: '41a7eb14957891f10ba75eff00c1e3c5') in 0.010961 seconds
Number of updated asset objects reloaded before import = 0
Number of asset objects unloaded after import = 5
========================================================================
Received Import Request.
  Time since last request: 0.000008 seconds.
  path: Assets/Imported Assets/Survivalist/Texture/Top/T_Military_Caps1_Skin1_color.png
  artifactKey: Guid(7893b735d58c637419a3cb589bb0ada4) Importer(2089858483,0ecaa5967403d082aa24f35e1b516d23)
Start importing Assets/Imported Assets/Survivalist/Texture/Top/T_Military_Caps1_Skin1_color.png using Guid(7893b735d58c637419a3cb589bb0ada4) Importer(2089858483,0ecaa5967403d082aa24f35e1b516d23) Generated GUIDs only implemented for interfaces!
 -> (artifact id: '46f4233c87e1cacb5b629fe64a49ec2d') in 0.014588 seconds
Number of updated asset objects reloaded before import = 0
Number of asset objects unloaded after import = 1
========================================================================
Received Import Request.
  Time since last request: 0.000083 seconds.
  path: Assets/Imported Assets/Mess Maker Free/Prefabs/High Poly/Porcelin and Pottery/Broken Plate.prefab
  artifactKey: Guid(4d623f0f3b0a1864f8e1dfe22751e4e1) Importer(2089858483,0ecaa5967403d082aa24f35e1b516d23)
Start importing Assets/Imported Assets/Mess Maker Free/Prefabs/High Poly/Porcelin and Pottery/Broken Plate.prefab using Guid(4d623f0f3b0a1864f8e1dfe22751e4e1) Importer(2089858483,0ecaa5967403d082aa24f35e1b516d23) Generated GUIDs only implemented for interfaces!
 -> (artifact id: 'b6fc4df5bf6057d1fda7bc70ab3c23e6') in 0.008566 seconds
Number of updated asset objects reloaded before import = 0
Number of asset objects unloaded after import = 9
========================================================================
Received Import Request.
  Time since last request: 0.000007 seconds.
  path: Assets/Imported Assets/Mess Maker Free/Prefabs/Low Poly/Porcelin and Pottery/Broken Plate.prefab
  artifactKey: Guid(68102669ddabfd04288d583c618807c6) Importer(2089858483,0ecaa5967403d082aa24f35e1b516d23)
Start importing Assets/Imported Assets/Mess Maker Free/Prefabs/Low Poly/Porcelin and Pottery/Broken Plate.prefab using Guid(68102669ddabfd04288d583c618807c6) Importer(2089858483,0ecaa5967403d082aa24f35e1b516d23) Generated GUIDs only implemented for interfaces!
 -> (artifact id: '27dc95daf08555681aebcd7c28937add') in 0.008886 seconds
Number of updated asset objects reloaded before import = 0
Number of asset objects unloaded after import = 9
========================================================================
Received Import Request.
  Time since last request: 0.000008 seconds.
  path: Assets/Imported Assets/Easy FPS/MuzzelFlash/Textures/Muzzle05.png
  artifactKey: Guid(d6d816f89e5c56d43b75fb6c0cdecc48) Importer(2089858483,0ecaa5967403d082aa24f35e1b516d23)
Start importing Assets/Imported Assets/Easy FPS/MuzzelFlash/Textures/Muzzle05.png using Guid(d6d816f89e5c56d43b75fb6c0cdecc48) Importer(2089858483,0ecaa5967403d082aa24f35e1b516d23) Generated GUIDs only implemented for interfaces!
 -> (artifact id: 'a01d7c8d4dc93cedcfed60bfcd9b3f61') in 0.014489 seconds
Number of updated asset objects reloaded before import = 0
Number of asset objects unloaded after import = 1
========================================================================
Received Import Request.
  Time since last request: 0.000053 seconds.
  path: Assets/Imported Assets/Mess Maker Free/Materials/Textures/AppleCoreNormal.png
  artifactKey: Guid(43594b6a0c574bf4998f033a0a0163f0) Importer(2089858483,0ecaa5967403d082aa24f35e1b516d23)
Start importing Assets/Imported Assets/Mess Maker Free/Materials/Textures/AppleCoreNormal.png using Guid(43594b6a0c574bf4998f033a0a0163f0) Importer(2089858483,0ecaa5967403d082aa24f35e1b516d23) Generated GUIDs only implemented for interfaces!
 -> (artifact id: '60b49ff8562326500ed5cff96b04437b') in 0.015826 seconds
Number of updated asset objects reloaded before import = 0
Number of asset objects unloaded after import = 1
========================================================================
Received Import Request.
  Time since last request: 0.000045 seconds.
  path: Assets/Imported Assets/Kevin Iglesias/Human Animations/Animations/Female/Movement/Sprint/HumanF@Sprint01_ForwardRight.fbx
  artifactKey: Guid(eb3f1eb7170e5f747b4e1f47de1dbe5c) Importer(2089858483,0ecaa5967403d082aa24f35e1b516d23)
Start importing Assets/Imported Assets/Kevin Iglesias/Human Animations/Animations/Female/Movement/Sprint/HumanF@Sprint01_ForwardRight.fbx using Guid(eb3f1eb7170e5f747b4e1f47de1dbe5c) Importer(2089858483,0ecaa5967403d082aa24f35e1b516d23) Generated GUIDs only implemented for interfaces!
 -> (artifact id: '3d02bc8584057f0625fea6a0fb490cf2') in 0.017541 seconds
Number of updated asset objects reloaded before import = 0
Number of asset objects unloaded after import = 120
========================================================================
Received Import Request.
  Time since last request: 0.000008 seconds.
  path: Assets/Imported Assets/Kevin Iglesias/Human Animations/Animations/Male/Movement/Walk/RootMotion/HumanM@Walk01_BackwardRight [RM].fbx
  artifactKey: Guid(9a4f86a2229f88c4092c9a51a307198e) Importer(2089858483,0ecaa5967403d082aa24f35e1b516d23)
Start importing Assets/Imported Assets/Kevin Iglesias/Human Animations/Animations/Male/Movement/Walk/RootMotion/HumanM@Walk01_BackwardRight [RM].fbx using Guid(9a4f86a2229f88c4092c9a51a307198e) Importer(2089858483,0ecaa5967403d082aa24f35e1b516d23) Generated GUIDs only implemented for interfaces!
 -> (artifact id: '820636d9711fecb0d12ef1c27484b08a') in 0.017491 seconds
Number of updated asset objects reloaded before import = 0
Number of asset objects unloaded after import = 120
========================================================================
Received Import Request.
  Time since last request: 0.000008 seconds.
  path: Assets/Imported Assets/Survivalist/Texture/Bottom/T_Military_Boots3_nmap.png
  artifactKey: Guid(3a346a2e3e92ea340a87855fc9d44b1c) Importer(2089858483,0ecaa5967403d082aa24f35e1b516d23)
Start importing Assets/Imported Assets/Survivalist/Texture/Bottom/T_Military_Boots3_nmap.png using Guid(3a346a2e3e92ea340a87855fc9d44b1c) Importer(2089858483,0ecaa5967403d082aa24f35e1b516d23) Generated GUIDs only implemented for interfaces!
 -> (artifact id: 'b108009f333ce1c260233ab2621ae529') in 0.014294 seconds
Number of updated asset objects reloaded before import = 0
Number of asset objects unloaded after import = 1
========================================================================
Received Import Request.
  Time since last request: 0.000065 seconds.
  path: Assets/Imported Assets/Survivalist/StarterAssets/Environment/Art/Materials/Built-in_RP/BuiltInTriplanar_01_Mat.mat
  artifactKey: Guid(3300a5c4710bac244815734e484b3b90) Importer(2089858483,0ecaa5967403d082aa24f35e1b516d23)
Start importing Assets/Imported Assets/Survivalist/StarterAssets/Environment/Art/Materials/Built-in_RP/BuiltInTriplanar_01_Mat.mat using Guid(3300a5c4710bac244815734e484b3b90) Importer(2089858483,0ecaa5967403d082aa24f35e1b516d23) Generated GUIDs only implemented for interfaces!
 -> (artifact id: '83b634950ffb44e67022885b220951f5') in 0.008676 seconds
Number of updated asset objects reloaded before import = 0
Number of asset objects unloaded after import = 3
========================================================================
Received Import Request.
  Time since last request: 0.000008 seconds.
  path: Assets/Imported Assets/Simple Vehicle Pack/Materials/Mobile/Bus_2.mat
  artifactKey: Guid(01f8a6cb462b8174a8875f1e4a205d88) Importer(2089858483,0ecaa5967403d082aa24f35e1b516d23)
Start importing Assets/Imported Assets/Simple Vehicle Pack/Materials/Mobile/Bus_2.mat using Guid(01f8a6cb462b8174a8875f1e4a205d88) Importer(2089858483,0ecaa5967403d082aa24f35e1b516d23) Generated GUIDs only implemented for interfaces!
 -> (artifact id: 'f021ea26032079bb637851bced69f445') in 0.006546 seconds
Number of updated asset objects reloaded before import = 0
Number of asset objects unloaded after import = 2
========================================================================
Received Import Request.
  Time since last request: 0.000008 seconds.
  path: Assets/Imported Assets/Survivalist/Texture/Bottom/T_Military_Boots3_Skin1_color.png
  artifactKey: Guid(c763714bdb22c8943a307ca8bdbef4e4) Importer(2089858483,0ecaa5967403d082aa24f35e1b516d23)
Start importing Assets/Imported Assets/Survivalist/Texture/Bottom/T_Military_Boots3_Skin1_color.png using Guid(c763714bdb22c8943a307ca8bdbef4e4) Importer(2089858483,0ecaa5967403d082aa24f35e1b516d23) Generated GUIDs only implemented for interfaces!
 -> (artifact id: 'd576d385202d26306fc2a24075a78995') in 0.013988 seconds
Number of updated asset objects reloaded before import = 0
Number of asset objects unloaded after import = 1
========================================================================
Received Import Request.
  Time since last request: 0.000016 seconds.
  path: Assets/Imported Assets/Mess Maker Free/Prefabs/Low Poly/Glass Bottles/Vodka Bottle with label.prefab
  artifactKey: Guid(d43ac3b4de4cbc345a113860f8977fb2) Importer(2089858483,0ecaa5967403d082aa24f35e1b516d23)
Start importing Assets/Imported Assets/Mess Maker Free/Prefabs/Low Poly/Glass Bottles/Vodka Bottle with label.prefab using Guid(d43ac3b4de4cbc345a113860f8977fb2) Importer(2089858483,0ecaa5967403d082aa24f35e1b516d23) Generated GUIDs only implemented for interfaces!
 -> (artifact id: 'f29fdf1c8cd01c2f938d9be7427f07bf') in 0.008322 seconds
Number of updated asset objects reloaded before import = 0
Number of asset objects unloaded after import = 14
========================================================================
Received Import Request.
  Time since last request: 0.000008 seconds.
  path: Assets/Imported Assets/Survivalist/StarterAssets/InputSystem/StarterAssets.inputsettings.asset
  artifactKey: Guid(9e7be553448fa2546aea5752021cbcf7) Importer(2089858483,0ecaa5967403d082aa24f35e1b516d23)
Start importing Assets/Imported Assets/Survivalist/StarterAssets/InputSystem/StarterAssets.inputsettings.asset using Guid(9e7be553448fa2546aea5752021cbcf7) Importer(2089858483,0ecaa5967403d082aa24f35e1b516d23) Generated GUIDs only implemented for interfaces!
 -> (artifact id: '2a9813d2cf0b69f4b1a2ea239fa27081') in 0.007518 seconds
Number of updated asset objects reloaded before import = 0
Number of asset objects unloaded after import = 1
========================================================================
Received Import Request.
  Time since last request: 0.000049 seconds.
  path: Assets/Imported Assets/Mess Maker Free/Scenes/All Assets SampleScene/Lightmap-0_comp_shadowmask.png
  artifactKey: Guid(b7a97f51e3793364393c8a36d2b47f16) Importer(2089858483,0ecaa5967403d082aa24f35e1b516d23)
Start importing Assets/Imported Assets/Mess Maker Free/Scenes/All Assets SampleScene/Lightmap-0_comp_shadowmask.png using Guid(b7a97f51e3793364393c8a36d2b47f16) Importer(2089858483,0ecaa5967403d082aa24f35e1b516d23) Generated GUIDs only implemented for interfaces!
 -> (artifact id: 'd2649e8eca07f5bb8456ec2f5734ed1d') in 0.015622 seconds
Number of updated asset objects reloaded before import = 0
Number of asset objects unloaded after import = 1
========================================================================
Received Import Request.
  Time since last request: 0.000009 seconds.
  path: Assets/Imported Assets/Mellow Fox studios/Versatile Building Kit - 15 Medium Poly Models for Game Development/Meshes/Building 7/Building 7.fbx
  artifactKey: Guid(6e07c04491c710c46b001e5b6d743ed5) Importer(2089858483,0ecaa5967403d082aa24f35e1b516d23)
Start importing Assets/Imported Assets/Mellow Fox studios/Versatile Building Kit - 15 Medium Poly Models for Game Development/Meshes/Building 7/Building 7.fbx using Guid(6e07c04491c710c46b001e5b6d743ed5) Importer(2089858483,0ecaa5967403d082aa24f35e1b516d23) Generated GUIDs only implemented for interfaces!
 -> (artifact id: '5d0921b74dd4d8d3934295810dce43b7') in 0.022686 seconds
Number of updated asset objects reloaded before import = 0
Number of asset objects unloaded after import = 12
========================================================================
Received Import Request.
  Time since last request: 0.000010 seconds.
  path: Assets/Imported Assets/Survivalist/Texture/Equip/T_Military_Gloves1_color_skin2.png
  artifactKey: Guid(25ffb7274ee8edd4297e1f877021ba20) Importer(2089858483,0ecaa5967403d082aa24f35e1b516d23)
Start importing Assets/Imported Assets/Survivalist/Texture/Equip/T_Military_Gloves1_color_skin2.png using Guid(25ffb7274ee8edd4297e1f877021ba20) Importer(2089858483,0ecaa5967403d082aa24f35e1b516d23) Generated GUIDs only implemented for interfaces!
 -> (artifact id: 'e4a481c3c3dcfc4b02115c304cbdad6c') in 0.014798 seconds
Number of updated asset objects reloaded before import = 0
Number of asset objects unloaded after import = 1
========================================================================
Received Import Request.
  Time since last request: 0.000050 seconds.
  path: Assets/Imported Assets/Survivalist/Texture/Equip/T_Military_Backpack1_ao.png
  artifactKey: Guid(1f2f5033c35c4e54b9103180985dd9c5) Importer(2089858483,0ecaa5967403d082aa24f35e1b516d23)
Start importing Assets/Imported Assets/Survivalist/Texture/Equip/T_Military_Backpack1_ao.png using Guid(1f2f5033c35c4e54b9103180985dd9c5) Importer(2089858483,0ecaa5967403d082aa24f35e1b516d23) Generated GUIDs only implemented for interfaces!
 -> (artifact id: '549fa1090c7e57d4f7e832e9e9cf0137') in 0.018643 seconds
Number of updated asset objects reloaded before import = 0
Number of asset objects unloaded after import = 1
========================================================================
Received Import Request.
  Time since last request: 0.000041 seconds.
  path: Assets/Imported Assets/Kevin Iglesias/Human Animations/Unity Demo Scenes/Human Basic Motions/AnimatorControllers/HumanM@Sprint01_Right.controller
  artifactKey: Guid(96fc0a1d7aa3fd847a88fb565cb8a292) Importer(2089858483,0ecaa5967403d082aa24f35e1b516d23)
Start importing Assets/Imported Assets/Kevin Iglesias/Human Animations/Unity Demo Scenes/Human Basic Motions/AnimatorControllers/HumanM@Sprint01_Right.controller using Guid(96fc0a1d7aa3fd847a88fb565cb8a292) Importer(2089858483,0ecaa5967403d082aa24f35e1b516d23) Generated GUIDs only implemented for interfaces!
 -> (artifact id: '9206837f8f01fdd9b5d5c90353d7c2fd') in 0.007034 seconds
Number of updated asset objects reloaded before import = 0
Number of asset objects unloaded after import = 4
========================================================================
Received Import Request.
  Time since last request: 0.000008 seconds.
  path: Assets/Imported Assets/Mess Maker Free/Sample Scene Assets/Material/Grass.mat
  artifactKey: Guid(adbf8e9ec8593f64b8727d25fd4e08c2) Importer(2089858483,0ecaa5967403d082aa24f35e1b516d23)
Start importing Assets/Imported Assets/Mess Maker Free/Sample Scene Assets/Material/Grass.mat using Guid(adbf8e9ec8593f64b8727d25fd4e08c2) Importer(2089858483,0ecaa5967403d082aa24f35e1b516d23) Generated GUIDs only implemented for interfaces!
 -> (artifact id: '32826014fee0dc15d9103f8c41799968') in 0.007296 seconds
Number of updated asset objects reloaded before import = 0
Number of asset objects unloaded after import = 1
========================================================================
Received Import Request.
  Time since last request: 0.000007 seconds.
  path: Assets/Imported Assets/Kevin Iglesias/Human Animations/Animations/Female/Movement/Walk/RootMotion/HumanF@Walk01_Forward [RM].fbx
  artifactKey: Guid(836229ad8a6407d49a58a3b3fab59d53) Importer(2089858483,0ecaa5967403d082aa24f35e1b516d23)
Start importing Assets/Imported Assets/Kevin Iglesias/Human Animations/Animations/Female/Movement/Walk/RootMotion/HumanF@Walk01_Forward [RM].fbx using Guid(836229ad8a6407d49a58a3b3fab59d53) Importer(2089858483,0ecaa5967403d082aa24f35e1b516d23) Generated GUIDs only implemented for interfaces!
 -> (artifact id: 'e1ae23e490e1f7da7527736cad5f88a7') in 0.019648 seconds
Number of updated asset objects reloaded before import = 0
Number of asset objects unloaded after import = 120
========================================================================
Received Import Request.
  Time since last request: 0.000008 seconds.
  path: Assets/Imported Assets/Mess Maker Free/Materials/Textures/Chicken Bone.png
  artifactKey: Guid(f81a890f677ce7f4893ae4511ee1d25d) Importer(2089858483,0ecaa5967403d082aa24f35e1b516d23)
Start importing Assets/Imported Assets/Mess Maker Free/Materials/Textures/Chicken Bone.png using Guid(f81a890f677ce7f4893ae4511ee1d25d) Importer(2089858483,0ecaa5967403d082aa24f35e1b516d23) Generated GUIDs only implemented for interfaces!
 -> (artifact id: '6db0597e3be2b0247b914ff3a16d300f') in 0.014830 seconds
Number of updated asset objects reloaded before import = 0
Number of asset objects unloaded after import = 1
========================================================================
Received Import Request.
  Time since last request: 0.000066 seconds.
  path: Assets/Imported Assets/Survivalist/Texture/Equip/T_Military_Backpack1_color_skin4.png
  artifactKey: Guid(26fb4a5185ddebf43bfc897b08ef4d4e) Importer(2089858483,0ecaa5967403d082aa24f35e1b516d23)
Start importing Assets/Imported Assets/Survivalist/Texture/Equip/T_Military_Backpack1_color_skin4.png using Guid(26fb4a5185ddebf43bfc897b08ef4d4e) Importer(2089858483,0ecaa5967403d082aa24f35e1b516d23) Generated GUIDs only implemented for interfaces!
 -> (artifact id: '2777780d271b32f917a2b3b0dc38638c') in 0.013506 seconds
Number of updated asset objects reloaded before import = 0
Number of asset objects unloaded after import = 1
========================================================================
Received Import Request.
  Time since last request: 0.000062 seconds.
  path: Assets/Imported Assets/Easy FPS/Sounds/playerSound/run_sound 1.wav
  artifactKey: Guid(258857b6c358d0644a339892e0212203) Importer(2089858483,0ecaa5967403d082aa24f35e1b516d23)
Start importing Assets/Imported Assets/Easy FPS/Sounds/playerSound/run_sound 1.wav using Guid(258857b6c358d0644a339892e0212203) Importer(2089858483,0ecaa5967403d082aa24f35e1b516d23) Generated GUIDs only implemented for interfaces!
 -> (artifact id: 'e4c3b2f40c6ff2782ef5c4f91a8ab217') in 0.040854 seconds
Number of updated asset objects reloaded before import = 0
Number of asset objects unloaded after import = 1
========================================================================
Received Import Request.
  Time since last request: 0.000083 seconds.
  path: Assets/Imported Assets/Arabic Neoclassical/Street Road/Prefab/V3/V3_Road4Lane_Straight_02.prefab
  artifactKey: Guid(3fd8acbeeee3f4f4f980e3be6bc41e1d) Importer(2089858483,0ecaa5967403d082aa24f35e1b516d23)
Start importing Assets/Imported Assets/Arabic Neoclassical/Street Road/Prefab/V3/V3_Road4Lane_Straight_02.prefab using Guid(3fd8acbeeee3f4f4f980e3be6bc41e1d) Importer(2089858483,0ecaa5967403d082aa24f35e1b516d23) Generated GUIDs only implemented for interfaces!
 -> (artifact id: 'd23adb88684036da19638a07a0b09884') in 0.008423 seconds
Number of updated asset objects reloaded before import = 0
Number of asset objects unloaded after import = 7
========================================================================
Received Import Request.
  Time since last request: 0.000008 seconds.
  path: Assets/Imported Assets/Mess Maker Free/Prefabs/Low Poly/Glass Bottles/Wine Bottle Green Broke.prefab
  artifactKey: Guid(64af0ad50f70dbf45b4cb158dbee515a) Importer(2089858483,0ecaa5967403d082aa24f35e1b516d23)
Start importing Assets/Imported Assets/Mess Maker Free/Prefabs/Low Poly/Glass Bottles/Wine Bottle Green Broke.prefab using Guid(64af0ad50f70dbf45b4cb158dbee515a) Importer(2089858483,0ecaa5967403d082aa24f35e1b516d23) Generated GUIDs only implemented for interfaces!
 -> (artifact id: 'e55b975cf1736dcf86431237557942fb') in 0.010107 seconds
Number of updated asset objects reloaded before import = 0
Number of asset objects unloaded after import = 9
========================================================================
Received Import Request.
  Time since last request: 0.000026 seconds.
  path: Assets/Imported Assets/Easy FPS/Model_Animations_Textures/main character/Textures/Weapon_AO.png
  artifactKey: Guid(cde6d6b618d861a4393421e19c91bd73) Importer(2089858483,0ecaa5967403d082aa24f35e1b516d23)
Start importing Assets/Imported Assets/Easy FPS/Model_Animations_Textures/main character/Textures/Weapon_AO.png using Guid(cde6d6b618d861a4393421e19c91bd73) Importer(2089858483,0ecaa5967403d082aa24f35e1b516d23) Generated GUIDs only implemented for interfaces!
 -> (artifact id: '75e12fda33b922bc2263bb4dd67be7c8') in 0.016101 seconds
Number of updated asset objects reloaded before import = 0
Number of asset objects unloaded after import = 1
========================================================================
Received Import Request.
  Time since last request: 0.000031 seconds.
  path: Assets/Imported Assets/Survivalist/Texture/Equip/T_Military_Vest1_nmap.png
  artifactKey: Guid(f631d247bf920fc489ad8e4164f30620) Importer(2089858483,0ecaa5967403d082aa24f35e1b516d23)
Start importing Assets/Imported Assets/Survivalist/Texture/Equip/T_Military_Vest1_nmap.png using Guid(f631d247bf920fc489ad8e4164f30620) Importer(2089858483,0ecaa5967403d082aa24f35e1b516d23) Generated GUIDs only implemented for interfaces!
 -> (artifact id: 'caa85ae0460bd261c7b7f5b51045438b') in 0.015978 seconds
Number of updated asset objects reloaded before import = 0
Number of asset objects unloaded after import = 1
========================================================================
Received Import Request.
  Time since last request: 0.000058 seconds.
  path: Assets/Imported Assets/Kevin Iglesias/Human Animations/Unity Demo Scenes/Human Basic Motions/AnimatorControllers/HumanM@Walk01_Backward.controller
  artifactKey: Guid(86eebe318b1b80940a9e05f142407895) Importer(2089858483,0ecaa5967403d082aa24f35e1b516d23)
Start importing Assets/Imported Assets/Kevin Iglesias/Human Animations/Unity Demo Scenes/Human Basic Motions/AnimatorControllers/HumanM@Walk01_Backward.controller using Guid(86eebe318b1b80940a9e05f142407895) Importer(2089858483,0ecaa5967403d082aa24f35e1b516d23) Generated GUIDs only implemented for interfaces!
 -> (artifact id: '3a8b0be63b2a7551aec156aa47f2fca5') in 0.006315 seconds
Number of updated asset objects reloaded before import = 0
Number of asset objects unloaded after import = 4
========================================================================
Received Import Request.
  Time since last request: 0.000011 seconds.
  path: Assets/Imported Assets/Easy FPS/MuzzelFlash/Materials/Muzzle02.mat
  artifactKey: Guid(380a0f7657a8d6043b2d85664cc0fe7b) Importer(2089858483,0ecaa5967403d082aa24f35e1b516d23)
Start importing Assets/Imported Assets/Easy FPS/MuzzelFlash/Materials/Muzzle02.mat using Guid(380a0f7657a8d6043b2d85664cc0fe7b) Importer(2089858483,0ecaa5967403d082aa24f35e1b516d23) Generated GUIDs only implemented for interfaces!
 -> (artifact id: '9b52804e6b8ab82bf3d9b82151f2cdea') in 0.008370 seconds
Number of updated asset objects reloaded before import = 0
Number of asset objects unloaded after import = 2
========================================================================
Received Import Request.
  Time since last request: 0.000009 seconds.
  path: Assets/Imported Assets/Kevin Iglesias/Human Animations/Unity Demo Scenes/Human Basic Motions/AnimatorControllers/HumanF@Sprint01_Left.controller
  artifactKey: Guid(547eb51a8a16d124eb430a2be2e67518) Importer(2089858483,0ecaa5967403d082aa24f35e1b516d23)
Start importing Assets/Imported Assets/Kevin Iglesias/Human Animations/Unity Demo Scenes/Human Basic Motions/AnimatorControllers/HumanF@Sprint01_Left.controller using Guid(547eb51a8a16d124eb430a2be2e67518) Importer(2089858483,0ecaa5967403d082aa24f35e1b516d23) Generated GUIDs only implemented for interfaces!
 -> (artifact id: '990d5828f02617e6d7b2a018167e6132') in 0.006467 seconds
Number of updated asset objects reloaded before import = 0
Number of asset objects unloaded after import = 4
========================================================================
Received Import Request.
  Time since last request: 0.000008 seconds.
  path: Assets/Imported Assets/Mess Maker Free/Sample Scene Assets/Material/Tree.mat
  artifactKey: Guid(56a9f540f4d15c84fb6ca8c596b889e1) Importer(2089858483,0ecaa5967403d082aa24f35e1b516d23)
Start importing Assets/Imported Assets/Mess Maker Free/Sample Scene Assets/Material/Tree.mat using Guid(56a9f540f4d15c84fb6ca8c596b889e1) Importer(2089858483,0ecaa5967403d082aa24f35e1b516d23) Generated GUIDs only implemented for interfaces!
 -> (artifact id: 'e5411c9b0357570bc7266757858ffc4c') in 0.006405 seconds
Number of updated asset objects reloaded before import = 0
Number of asset objects unloaded after import = 1
========================================================================
Received Import Request.
  Time since last request: 0.000060 seconds.
  path: Assets/Imported Assets/Kevin Iglesias/Human Animations/Animations/Female/Movement/Run/RootMotion/HumanF@Run01_ForwardRight [RM].fbx
  artifactKey: Guid(13a7a8b93b87c984dbd8e0556bfebd96) Importer(2089858483,0ecaa5967403d082aa24f35e1b516d23)
Start importing Assets/Imported Assets/Kevin Iglesias/Human Animations/Animations/Female/Movement/Run/RootMotion/HumanF@Run01_ForwardRight [RM].fbx using Guid(13a7a8b93b87c984dbd8e0556bfebd96) Importer(2089858483,0ecaa5967403d082aa24f35e1b516d23) Generated GUIDs only implemented for interfaces!
 -> (artifact id: '1056ce4e85194551660f8e5953517a54') in 0.017724 seconds
Number of updated asset objects reloaded before import = 0
Number of asset objects unloaded after import = 120
========================================================================
Received Import Request.
  Time since last request: 0.000009 seconds.
  path: Assets/Imported Assets/Simple Vehicle Pack/Prefabs/Mobile/Car_4.prefab
  artifactKey: Guid(558e73634b44f39458a7ea4a8a56976a) Importer(2089858483,0ecaa5967403d082aa24f35e1b516d23)
Start importing Assets/Imported Assets/Simple Vehicle Pack/Prefabs/Mobile/Car_4.prefab using Guid(558e73634b44f39458a7ea4a8a56976a) Importer(2089858483,0ecaa5967403d082aa24f35e1b516d23) Generated GUIDs only implemented for interfaces!
 -> (artifact id: '594484d914eaf306267b01fd538b9dc3') in 0.006417 seconds
Number of updated asset objects reloaded before import = 0
Number of asset objects unloaded after import = 29
========================================================================
Received Import Request.
  Time since last request: 0.000014 seconds.
  path: Assets/Imported Assets/Survivalist/Materials HDRP/HDRP_Vest1_Skin3.mat
  artifactKey: Guid(05d1daf7457ea524783155e9bea3f9b5) Importer(2089858483,0ecaa5967403d082aa24f35e1b516d23)
Start importing Assets/Imported Assets/Survivalist/Materials HDRP/HDRP_Vest1_Skin3.mat using Guid(05d1daf7457ea524783155e9bea3f9b5) Importer(2089858483,0ecaa5967403d082aa24f35e1b516d23) Generated GUIDs only implemented for interfaces!
 -> (artifact id: 'b90ee47b85a1f821884d031633c867df') in 0.006863 seconds
Number of updated asset objects reloaded before import = 0
Number of asset objects unloaded after import = 1
========================================================================
Received Import Request.
  Time since last request: 0.000037 seconds.
  path: Assets/Imported Assets/Survivalist/Materials HDRP/HDRP_Boots3_Skin3.mat
  artifactKey: Guid(62319ce61a9d7934c95a769fb08211a4) Importer(2089858483,0ecaa5967403d082aa24f35e1b516d23)
Start importing Assets/Imported Assets/Survivalist/Materials HDRP/HDRP_Boots3_Skin3.mat using Guid(62319ce61a9d7934c95a769fb08211a4) Importer(2089858483,0ecaa5967403d082aa24f35e1b516d23) Generated GUIDs only implemented for interfaces!
 -> (artifact id: '24164643e4cd8ac0bcb3b2a37819f7a9') in 0.006427 seconds
Number of updated asset objects reloaded before import = 0
Number of asset objects unloaded after import = 1
========================================================================
Received Import Request.
  Time since last request: 0.000072 seconds.
  path: Assets/Imported Assets/genSuit/Textures/Black/genSuit_Black_NM.tif
  artifactKey: Guid(8209b9c31bfb7144daeac75aee29694a) Importer(2089858483,0ecaa5967403d082aa24f35e1b516d23)
Start importing Assets/Imported Assets/genSuit/Textures/Black/genSuit_Black_NM.tif using Guid(8209b9c31bfb7144daeac75aee29694a) Importer(2089858483,0ecaa5967403d082aa24f35e1b516d23) Generated GUIDs only implemented for interfaces!
 -> (artifact id: 'f1c37c6cd5cd5a9e228d3936eed24474') in 0.027379 seconds
Number of updated asset objects reloaded before import = 0
Number of asset objects unloaded after import = 1
========================================================================
Received Import Request.
  Time since last request: 0.000008 seconds.
  path: Assets/Imported Assets/Survivalist/Materials URP/URP_Vest1_Skin2.mat
  artifactKey: Guid(ab3b0e5ba4264dd4ab18f365c6986aff) Importer(2089858483,0ecaa5967403d082aa24f35e1b516d23)
Start importing Assets/Imported Assets/Survivalist/Materials URP/URP_Vest1_Skin2.mat using Guid(ab3b0e5ba4264dd4ab18f365c6986aff) Importer(2089858483,0ecaa5967403d082aa24f35e1b516d23) Generated GUIDs only implemented for interfaces!
 -> (artifact id: '4234427c7a2f964d61ca842fd2518062') in 0.006788 seconds
Number of updated asset objects reloaded before import = 0
Number of asset objects unloaded after import = 1
========================================================================
Received Import Request.
  Time since last request: 0.000057 seconds.
  path: Assets/Imported Assets/Arabic Neoclassical/Street Road/Prefab/V3/V3_Road2Lane_Curb.prefab
  artifactKey: Guid(ec5cfbda182e54b4c9f1146c24b48cc9) Importer(2089858483,0ecaa5967403d082aa24f35e1b516d23)
Start importing Assets/Imported Assets/Arabic Neoclassical/Street Road/Prefab/V3/V3_Road2Lane_Curb.prefab using Guid(ec5cfbda182e54b4c9f1146c24b48cc9) Importer(2089858483,0ecaa5967403d082aa24f35e1b516d23) Generated GUIDs only implemented for interfaces!
 -> (artifact id: '43110be33ca5924c009b92de793f846f') in 0.008165 seconds
Number of updated asset objects reloaded before import = 0
Number of asset objects unloaded after import = 7
========================================================================
Received Import Request.
  Time since last request: 0.000024 seconds.
  path: Assets/Imported Assets/Kevin Iglesias/Human Animations/Animations/Female/Movement/Walk/HumanF@Walk01_Right.fbx
  artifactKey: Guid(70a2ad9ea5ea5cb49ab388ad93a00d27) Importer(2089858483,0ecaa5967403d082aa24f35e1b516d23)
Start importing Assets/Imported Assets/Kevin Iglesias/Human Animations/Animations/Female/Movement/Walk/HumanF@Walk01_Right.fbx using Guid(70a2ad9ea5ea5cb49ab388ad93a00d27) Importer(2089858483,0ecaa5967403d082aa24f35e1b516d23) Generated GUIDs only implemented for interfaces!
 -> (artifact id: '458bd2fb099f9e9cb009ead226de1c6f') in 0.018010 seconds
Number of updated asset objects reloaded before import = 0
Number of asset objects unloaded after import = 120
========================================================================
Received Import Request.
  Time since last request: 947.965248 seconds.
  path: Assets/Imported Assets/Patio_table
  artifactKey: Guid(113afbf4311dd7649ac823e4157f2a7e) Importer(815301076,1909f56bfc062723c751e8b465ee728b)
Start importing Assets/Imported Assets/Patio_table using Guid(113afbf4311dd7649ac823e4157f2a7e) Importer(815301076,1909f56bfc062723c751e8b465ee728b)  -> (artifact id: '4aea9eb539d17b3bcd8377b204169cb0') in 0.000483 seconds
Number of updated asset objects reloaded before import = 0
Number of asset objects unloaded after import = 0
========================================================================
Received Import Request.
  Time since last request: 24.807225 seconds.
  path: Assets/EasyAssets/Korean_Style_Bar/readme_jp.pdf
  artifactKey: Guid(6f6a9ed1464684e42ab70f24148c0d69) Importer(2089858483,0ecaa5967403d082aa24f35e1b516d23)
Start importing Assets/EasyAssets/Korean_Style_Bar/readme_jp.pdf using Guid(6f6a9ed1464684e42ab70f24148c0d69) Importer(2089858483,0ecaa5967403d082aa24f35e1b516d23) Generated GUIDs only implemented for interfaces!
 -> (artifact id: '04c1ed0a7962b93705cf4fb9560d08b1') in 0.009454 seconds
Number of updated asset objects reloaded before import = 0
Number of asset objects unloaded after import = 1
========================================================================
Received Import Request.
  Time since last request: 0.000070 seconds.
  path: Assets/EasyAssets/Korean_Style_Bar/BG/Prefabs
  artifactKey: Guid(6791bfdd53f46b74383e656c77e3ecda) Importer(2089858483,0ecaa5967403d082aa24f35e1b516d23)
Start importing Assets/EasyAssets/Korean_Style_Bar/BG/Prefabs using Guid(6791bfdd53f46b74383e656c77e3ecda) Importer(2089858483,0ecaa5967403d082aa24f35e1b516d23) Generated GUIDs only implemented for interfaces!
 -> (artifact id: 'bf111c092146381b82520826067919b9') in 0.005520 seconds
Number of updated asset objects reloaded before import = 0
Number of asset objects unloaded after import = 1
========================================================================
Received Import Request.
  Time since last request: 0.000059 seconds.
  path: Assets/EasyAssets/Korean_Style_Bar/BG/Materials/Bg_Ma_Obj_002_001_Lit.mat
  artifactKey: Guid(066bb3164a55a9b4c8b4a4dd71cae22a) Importer(2089858483,0ecaa5967403d082aa24f35e1b516d23)
Start importing Assets/EasyAssets/Korean_Style_Bar/BG/Materials/Bg_Ma_Obj_002_001_Lit.mat using Guid(066bb3164a55a9b4c8b4a4dd71cae22a) Importer(2089858483,0ecaa5967403d082aa24f35e1b516d23) Generated GUIDs only implemented for interfaces!
 -> (artifact id: 'f752620aa0870be70e64e01126c4fd02') in 0.007162 seconds
Number of updated asset objects reloaded before import = 0
Number of asset objects unloaded after import = 1
========================================================================
Received Import Request.
  Time since last request: 0.000052 seconds.
  path: Assets/EasyAssets/Korean_Style_Bar/BG/Models/Bg_Mo_Neon_001_001.fbx
  artifactKey: Guid(c00370b8f1d6c8e4ab9576ab0bf9bb76) Importer(2089858483,0ecaa5967403d082aa24f35e1b516d23)
Start importing Assets/EasyAssets/Korean_Style_Bar/BG/Models/Bg_Mo_Neon_001_001.fbx using Guid(c00370b8f1d6c8e4ab9576ab0bf9bb76) Importer(2089858483,0ecaa5967403d082aa24f35e1b516d23) Generated GUIDs only implemented for interfaces!
 -> (artifact id: '3c66ef90bd9a418b6d5ea6380ca827a3') in 0.012502 seconds
Number of updated asset objects reloaded before import = 0
Number of asset objects unloaded after import = 7
========================================================================
Received Import Request.
  Time since last request: 0.000012 seconds.
  path: Assets/EasyAssets/Korean_Style_Bar/BG/Textures
  artifactKey: Guid(d92a118eea304ff49a93877cf7062812) Importer(2089858483,0ecaa5967403d082aa24f35e1b516d23)
Start importing Assets/EasyAssets/Korean_Style_Bar/BG/Textures using Guid(d92a118eea304ff49a93877cf7062812) Importer(2089858483,0ecaa5967403d082aa24f35e1b516d23) Generated GUIDs only implemented for interfaces!
 -> (artifact id: 'bb9e178615c409fd8b15ee570d46f69a') in 0.005809 seconds
Number of updated asset objects reloaded before import = 0
Number of asset objects unloaded after import = 1
========================================================================
Received Import Request.
  Time since last request: 0.000060 seconds.
  path: Assets/EasyAssets/Korean_Style_Bar/BG
  artifactKey: Guid(4b00a032cf687844b8a5645cf7b33191) Importer(2089858483,0ecaa5967403d082aa24f35e1b516d23)
Start importing Assets/EasyAssets/Korean_Style_Bar/BG using Guid(4b00a032cf687844b8a5645cf7b33191) Importer(2089858483,0ecaa5967403d082aa24f35e1b516d23) Generated GUIDs only implemented for interfaces!
 -> (artifact id: '337238dbab433d785dc5766a8ac2f98d') in 0.005117 seconds
Number of updated asset objects reloaded before import = 0
Number of asset objects unloaded after import = 1
========================================================================
Received Import Request.
  Time since last request: 0.000059 seconds.
  path: Assets/EasyAssets/Korean_Style_Bar/BG/Textures/Bg_Te_Obj_001_001.png
  artifactKey: Guid(12e51a26534feb24aab0827cfa516842) Importer(2089858483,0ecaa5967403d082aa24f35e1b516d23)
Start importing Assets/EasyAssets/Korean_Style_Bar/BG/Textures/Bg_Te_Obj_001_001.png using Guid(12e51a26534feb24aab0827cfa516842) Importer(2089858483,0ecaa5967403d082aa24f35e1b516d23) Generated GUIDs only implemented for interfaces!
 -> (artifact id: '3fe9966c890f38bfd41db076c8fabcd6') in 0.014363 seconds
Number of updated asset objects reloaded before import = 0
Number of asset objects unloaded after import = 1
========================================================================
Received Import Request.
  Time since last request: 0.000036 seconds.
  path: Assets/EasyAssets/Korean_Style_Bar/BG/Materials/Bg_Ma_Bottle_003_001_Lit.mat
  artifactKey: Guid(a314843821a8dad4f932ddb40bcaaf2a) Importer(2089858483,0ecaa5967403d082aa24f35e1b516d23)
Start importing Assets/EasyAssets/Korean_Style_Bar/BG/Materials/Bg_Ma_Bottle_003_001_Lit.mat using Guid(a314843821a8dad4f932ddb40bcaaf2a) Importer(2089858483,0ecaa5967403d082aa24f35e1b516d23) Generated GUIDs only implemented for interfaces!
 -> (artifact id: '92240b09dc76d0ea5d2e7b4b50c1c382') in 0.007252 seconds
Number of updated asset objects reloaded before import = 0
Number of asset objects unloaded after import = 1
========================================================================
Received Import Request.
  Time since last request: 0.000033 seconds.
  path: Assets/EasyAssets/Korean_Style_Bar/BG/Models/Bg_Mo_Beer_001_001.fbx
  artifactKey: Guid(37841a37cc0f2e04286b93051e97429d) Importer(2089858483,0ecaa5967403d082aa24f35e1b516d23)
Start importing Assets/EasyAssets/Korean_Style_Bar/BG/Models/Bg_Mo_Beer_001_001.fbx using Guid(37841a37cc0f2e04286b93051e97429d) Importer(2089858483,0ecaa5967403d082aa24f35e1b516d23) Generated GUIDs only implemented for interfaces!
 -> (artifact id: 'b80beaff5261cf3133f191b4de889161') in 0.011391 seconds
Number of updated asset objects reloaded before import = 0
Number of asset objects unloaded after import = 7
========================================================================
Received Import Request.
  Time since last request: 0.000008 seconds.
  path: Assets/EasyAssets/Korean_Style_Bar/BG/Prefabs/Bg_Mo_Bottle_001_001.prefab
  artifactKey: Guid(22818281ec25cc14e9d982289b70ab6f) Importer(2089858483,0ecaa5967403d082aa24f35e1b516d23)
Start importing Assets/EasyAssets/Korean_Style_Bar/BG/Prefabs/Bg_Mo_Bottle_001_001.prefab using Guid(22818281ec25cc14e9d982289b70ab6f) Importer(2089858483,0ecaa5967403d082aa24f35e1b516d23) Generated GUIDs only implemented for interfaces!
 -> (artifact id: 'b451f257166fa5bcb809959434c2f19f') in 0.006451 seconds
Number of updated asset objects reloaded before import = 0
Number of asset objects unloaded after import = 35
========================================================================
Received Import Request.
  Time since last request: 0.000009 seconds.
  path: Assets/EasyAssets/Korean_Style_Bar/BG/Prefabs/Bg_Pr_Room_001_001.prefab
  artifactKey: Guid(9177d3f5d72425d47ae783279e798b73) Importer(2089858483,0ecaa5967403d082aa24f35e1b516d23)
Start importing Assets/EasyAssets/Korean_Style_Bar/BG/Prefabs/Bg_Pr_Room_001_001.prefab using Guid(9177d3f5d72425d47ae783279e798b73) Importer(2089858483,0ecaa5967403d082aa24f35e1b516d23) Generated GUIDs only implemented for interfaces!
 -> (artifact id: '96525abb721998250ff16958de2076b1') in 0.009440 seconds
Number of updated asset objects reloaded before import = 0
Number of asset objects unloaded after import = 250
========================================================================
Received Import Request.
  Time since last request: 0.000008 seconds.
  path: Assets/EasyAssets/Korean_Style_Bar/BG/Prefabs/Bg_Mo_Table_001_001.prefab
  artifactKey: Guid(c322c1023db939e43ab83e00d37b28bc) Importer(2089858483,0ecaa5967403d082aa24f35e1b516d23)
Start importing Assets/EasyAssets/Korean_Style_Bar/BG/Prefabs/Bg_Mo_Table_001_001.prefab using Guid(c322c1023db939e43ab83e00d37b28bc) Importer(2089858483,0ecaa5967403d082aa24f35e1b516d23) Generated GUIDs only implemented for interfaces!
 -> (artifact id: '329d36ffbaaecbdc709ab598fde0440e') in 0.007468 seconds
Number of updated asset objects reloaded before import = 0
Number of asset objects unloaded after import = 13
========================================================================
Received Import Request.
  Time since last request: 0.000010 seconds.
  path: Assets/EasyAssets/Korean_Style_Bar/BG/Prefabs/Bg_Mo_Piller_001_001.prefab
  artifactKey: Guid(1826a16390b49a84a9ad5134abedc6fc) Importer(2089858483,0ecaa5967403d082aa24f35e1b516d23)
Start importing Assets/EasyAssets/Korean_Style_Bar/BG/Prefabs/Bg_Mo_Piller_001_001.prefab using Guid(1826a16390b49a84a9ad5134abedc6fc) Importer(2089858483,0ecaa5967403d082aa24f35e1b516d23) Generated GUIDs only implemented for interfaces!
 -> (artifact id: 'eba6a7891a50ee437afab3e629c318d5') in 0.008389 seconds
Number of updated asset objects reloaded before import = 0
Number of asset objects unloaded after import = 13
========================================================================
Received Import Request.
  Time since last request: 0.000008 seconds.
  path: Assets/EasyAssets/Korean_Style_Bar/BG/Materials/Bg_Ma_Obj_002_002_Ref_Lit.mat
  artifactKey: Guid(1032d27bdb2f0fd4780b027f28940c5f) Importer(2089858483,0ecaa5967403d082aa24f35e1b516d23)
Start importing Assets/EasyAssets/Korean_Style_Bar/BG/Materials/Bg_Ma_Obj_002_002_Ref_Lit.mat using Guid(1032d27bdb2f0fd4780b027f28940c5f) Importer(2089858483,0ecaa5967403d082aa24f35e1b516d23) Generated GUIDs only implemented for interfaces!
 -> (artifact id: '7bcb0d373131ff6ed978201c694bedf7') in 0.007199 seconds
Number of updated asset objects reloaded before import = 0
Number of asset objects unloaded after import = 1
========================================================================
Received Import Request.
  Time since last request: 0.000025 seconds.
  path: Assets/EasyAssets/Korean_Style_Bar/BG/Textures/Bg_Te_Bottle_001_001.png
  artifactKey: Guid(bb0d2bd14b87acb47b30ff8cc1a5e169) Importer(2089858483,0ecaa5967403d082aa24f35e1b516d23)
Start importing Assets/EasyAssets/Korean_Style_Bar/BG/Textures/Bg_Te_Bottle_001_001.png using Guid(bb0d2bd14b87acb47b30ff8cc1a5e169) Importer(2089858483,0ecaa5967403d082aa24f35e1b516d23) Generated GUIDs only implemented for interfaces!
 -> (artifact id: '91db79f1ea7600f3092a8d33d94c2b3d') in 0.016948 seconds
Number of updated asset objects reloaded before import = 0
Number of asset objects unloaded after import = 1
========================================================================
Received Import Request.
  Time since last request: 0.000067 seconds.
  path: Assets/EasyAssets/Korean_Style_Bar/BG/Demo Scenes
  artifactKey: Guid(0246f213903b5754f801ba7bb45d7405) Importer(2089858483,0ecaa5967403d082aa24f35e1b516d23)
Start importing Assets/EasyAssets/Korean_Style_Bar/BG/Demo Scenes using Guid(0246f213903b5754f801ba7bb45d7405) Importer(2089858483,0ecaa5967403d082aa24f35e1b516d23) Generated GUIDs only implemented for interfaces!
 -> (artifact id: '4cc013bfb8bb4c681bdef29992182d37') in 0.005396 seconds
Number of updated asset objects reloaded before import = 0
Number of asset objects unloaded after import = 1
========================================================================
Received Import Request.
  Time since last request: 0.000098 seconds.
  path: Assets/EasyAssets/Korean_Style_Bar/BG/Materials/Bg_Ma_Room_001_001_Lit.mat
  artifactKey: Guid(9f7b069e7a21aee42b31d175116bd749) Importer(2089858483,0ecaa5967403d082aa24f35e1b516d23)
Start importing Assets/EasyAssets/Korean_Style_Bar/BG/Materials/Bg_Ma_Room_001_001_Lit.mat using Guid(9f7b069e7a21aee42b31d175116bd749) Importer(2089858483,0ecaa5967403d082aa24f35e1b516d23) Generated GUIDs only implemented for interfaces!
 -> (artifact id: '09d5be1f6ba646231df57aaaadf0fc00') in 0.006324 seconds
Number of updated asset objects reloaded before import = 0
Number of asset objects unloaded after import = 1
========================================================================
Received Import Request.
  Time since last request: 0.000033 seconds.
  path: Assets/EasyAssets/Korean_Style_Bar/BG/Textures/Bg_Te_Room_001_001.png
  artifactKey: Guid(509ce742434f1d84bba79b5b48684916) Importer(2089858483,0ecaa5967403d082aa24f35e1b516d23)
Start importing Assets/EasyAssets/Korean_Style_Bar/BG/Textures/Bg_Te_Room_001_001.png using Guid(509ce742434f1d84bba79b5b48684916) Importer(2089858483,0ecaa5967403d082aa24f35e1b516d23) Generated GUIDs only implemented for interfaces!
 -> (artifact id: '04c0216b130258536db4f011ffc4388f') in 0.014103 seconds
Number of updated asset objects reloaded before import = 0
Number of asset objects unloaded after import = 1
========================================================================
Received Import Request.
  Time since last request: 0.000040 seconds.
  path: Assets/EasyAssets/Korean_Style_Bar/BG/Demo Scenes/demo_sample.unity
  artifactKey: Guid(2e946e8dbe57b7c479490f3627dabcea) Importer(2089858483,0ecaa5967403d082aa24f35e1b516d23)
Start importing Assets/EasyAssets/Korean_Style_Bar/BG/Demo Scenes/demo_sample.unity using Guid(2e946e8dbe57b7c479490f3627dabcea) Importer(2089858483,0ecaa5967403d082aa24f35e1b516d23) Generated GUIDs only implemented for interfaces!
 -> (artifact id: '46fc8224c66edccd16e19099261987fd') in 0.005276 seconds
Number of updated asset objects reloaded before import = 0
Number of asset objects unloaded after import = 1
========================================================================
Received Import Request.
  Time since last request: 0.000076 seconds.
  path: Assets/EasyAssets/Korean_Style_Bar/BG/Prefabs/Bg_Mo_Room_001_001.prefab
  artifactKey: Guid(19e5887a0dde9cb4792950291e802592) Importer(2089858483,0ecaa5967403d082aa24f35e1b516d23)
Start importing Assets/EasyAssets/Korean_Style_Bar/BG/Prefabs/Bg_Mo_Room_001_001.prefab using Guid(19e5887a0dde9cb4792950291e802592) Importer(2089858483,0ecaa5967403d082aa24f35e1b516d23) Generated GUIDs only implemented for interfaces!
 -> (artifact id: 'f9374b87dded36246c30e3faa806f5e9') in 0.007314 seconds
Number of updated asset objects reloaded before import = 0
Number of asset objects unloaded after import = 35
========================================================================
Received Import Request.
  Time since last request: 0.000009 seconds.
  path: Assets/EasyAssets/Korean_Style_Bar/BG/Prefabs/Bg_Mo_Box_001_001.prefab
  artifactKey: Guid(54e45b18cdf065b4db7996b53a6eea82) Importer(2089858483,0ecaa5967403d082aa24f35e1b516d23)
Start importing Assets/EasyAssets/Korean_Style_Bar/BG/Prefabs/Bg_Mo_Box_001_001.prefab using Guid(54e45b18cdf065b4db7996b53a6eea82) Importer(2089858483,0ecaa5967403d082aa24f35e1b516d23) Generated GUIDs only implemented for interfaces!
 -> (artifact id: '9e2bbfd8f5151fe7ba317b6b398db6f1') in 0.008298 seconds
Number of updated asset objects reloaded before import = 0
Number of asset objects unloaded after import = 13
========================================================================
Received Import Request.
  Time since last request: 0.000011 seconds.
  path: Assets/EasyAssets/Korean_Style_Bar/BG/Prefabs/Bg_Mo_Neon_001_001.prefab
  artifactKey: Guid(fa89ac115a9785c42928916eee6f1559) Importer(2089858483,0ecaa5967403d082aa24f35e1b516d23)
Start importing Assets/EasyAssets/Korean_Style_Bar/BG/Prefabs/Bg_Mo_Neon_001_001.prefab using Guid(fa89ac115a9785c42928916eee6f1559) Importer(2089858483,0ecaa5967403d082aa24f35e1b516d23) Generated GUIDs only implemented for interfaces!
 -> (artifact id: '652ac8daacaec0622c9ebc675d75b1ca') in 0.007522 seconds
Number of updated asset objects reloaded before import = 0
Number of asset objects unloaded after import = 13
========================================================================
Received Import Request.
  Time since last request: 0.000008 seconds.
  path: Assets/EasyAssets/Korean_Style_Bar/BG/Materials/Bg_Ma_Room_002_001_Lit.mat
  artifactKey: Guid(7a419d2a716c46d4497b98e2eaf0c245) Importer(2089858483,0ecaa5967403d082aa24f35e1b516d23)
Start importing Assets/EasyAssets/Korean_Style_Bar/BG/Materials/Bg_Ma_Room_002_001_Lit.mat using Guid(7a419d2a716c46d4497b98e2eaf0c245) Importer(2089858483,0ecaa5967403d082aa24f35e1b516d23) Generated GUIDs only implemented for interfaces!
 -> (artifact id: '7a03d89a29d90fb9fc57ef925828024b') in 0.007286 seconds
Number of updated asset objects reloaded before import = 0
Number of asset objects unloaded after import = 1
========================================================================
Received Import Request.
  Time since last request: 0.000049 seconds.
  path: Assets/EasyAssets/Korean_Style_Bar/BG/Textures/Bg_Te_Obj_002_001.png
  artifactKey: Guid(a6997ddc0b9cbe34db3a709b5da486fc) Importer(2089858483,0ecaa5967403d082aa24f35e1b516d23)
Start importing Assets/EasyAssets/Korean_Style_Bar/BG/Textures/Bg_Te_Obj_002_001.png using Guid(a6997ddc0b9cbe34db3a709b5da486fc) Importer(2089858483,0ecaa5967403d082aa24f35e1b516d23) Generated GUIDs only implemented for interfaces!
 -> (artifact id: '2fae071bf6733dec63f47e7e46b0d478') in 0.015535 seconds
Number of updated asset objects reloaded before import = 0
Number of asset objects unloaded after import = 1
========================================================================
Received Import Request.
  Time since last request: 0.000008 seconds.
  path: Assets/EasyAssets/Korean_Style_Bar/BG/Materials
  artifactKey: Guid(c9c7429b953a5fa48987409e37ed0c79) Importer(2089858483,0ecaa5967403d082aa24f35e1b516d23)
Start importing Assets/EasyAssets/Korean_Style_Bar/BG/Materials using Guid(c9c7429b953a5fa48987409e37ed0c79) Importer(2089858483,0ecaa5967403d082aa24f35e1b516d23) Generated GUIDs only implemented for interfaces!
 -> (artifact id: '2d97a956e96bd4e11f747e1feb9c8080') in 0.005470 seconds
Number of updated asset objects reloaded before import = 0
Number of asset objects unloaded after import = 1
========================================================================
Received Import Request.
  Time since last request: 0.000050 seconds.
  path: Assets/EasyAssets/Korean_Style_Bar/BG/Models
  artifactKey: Guid(7015a30237bcd6046ab8513660c663a8) Importer(2089858483,0ecaa5967403d082aa24f35e1b516d23)
Start importing Assets/EasyAssets/Korean_Style_Bar/BG/Models using Guid(7015a30237bcd6046ab8513660c663a8) Importer(2089858483,0ecaa5967403d082aa24f35e1b516d23) Generated GUIDs only implemented for interfaces!
 -> (artifact id: '4d7f7ae7816d210d6aedab08652fb291') in 0.005037 seconds
Number of updated asset objects reloaded before import = 0
Number of asset objects unloaded after import = 1
========================================================================
Received Import Request.
  Time since last request: 0.000075 seconds.
  path: Assets/EasyAssets/Korean_Style_Bar/BG/Materials/Bg_Ma_Bottle_002_001_Lit.mat
  artifactKey: Guid(eebaccdc3c120d54eb89db999c1c5c44) Importer(2089858483,0ecaa5967403d082aa24f35e1b516d23)
Start importing Assets/EasyAssets/Korean_Style_Bar/BG/Materials/Bg_Ma_Bottle_002_001_Lit.mat using Guid(eebaccdc3c120d54eb89db999c1c5c44) Importer(2089858483,0ecaa5967403d082aa24f35e1b516d23) Generated GUIDs only implemented for interfaces!
 -> (artifact id: 'a83ba06a6e3cb43e10f77f7cff60f30f') in 0.006253 seconds
Number of updated asset objects reloaded before import = 0
Number of asset objects unloaded after import = 1
========================================================================
Received Import Request.
  Time since last request: 0.000052 seconds.
  path: Assets/EasyAssets/Korean_Style_Bar/BG/Textures/Bg_Te_Neon_001_001.png
  artifactKey: Guid(634378951ee9a144e9bcecffe6d6bb11) Importer(2089858483,0ecaa5967403d082aa24f35e1b516d23)
Start importing Assets/EasyAssets/Korean_Style_Bar/BG/Textures/Bg_Te_Neon_001_001.png using Guid(634378951ee9a144e9bcecffe6d6bb11) Importer(2089858483,0ecaa5967403d082aa24f35e1b516d23) Generated GUIDs only implemented for interfaces!
 -> (artifact id: '3a89e5e06f021a35808ce9209a7098e3') in 0.015117 seconds
Number of updated asset objects reloaded before import = 0
Number of asset objects unloaded after import = 1
========================================================================
Received Import Request.
  Time since last request: 5.000125 seconds.
  path: Assets/EasyAssets
  artifactKey: Guid(84c6688ffee598d419edb44b2f65bc0b) Importer(815301076,1909f56bfc062723c751e8b465ee728b)
Start importing Assets/EasyAssets using Guid(84c6688ffee598d419edb44b2f65bc0b) Importer(815301076,1909f56bfc062723c751e8b465ee728b)  -> (artifact id: '1db42f6f6bd98f73054a683827975ee1') in 0.000393 seconds
Number of updated asset objects reloaded before import = 0
Number of asset objects unloaded after import = 0
========================================================================
Received Import Request.
  Time since last request: 4.214439 seconds.
  path: Assets/Imported Assets/EasyAssets
  artifactKey: Guid(84c6688ffee598d419edb44b2f65bc0b) Importer(2089858483,0ecaa5967403d082aa24f35e1b516d23)
Start importing Assets/Imported Assets/EasyAssets using Guid(84c6688ffee598d419edb44b2f65bc0b) Importer(2089858483,0ecaa5967403d082aa24f35e1b516d23) Generated GUIDs only implemented for interfaces!
 -> (artifact id: 'addbfa67e4b371a3e15e872a6343764d') in 0.009253 seconds
Number of updated asset objects reloaded before import = 0
Number of asset objects unloaded after import = 1
========================================================================
Received Import Request.
  Time since last request: 0.000012 seconds.
  path: Assets/Imported Assets/EasyAssets/Korean_Style_Bar/BG/Prefabs
  artifactKey: Guid(6791bfdd53f46b74383e656c77e3ecda) Importer(2089858483,0ecaa5967403d082aa24f35e1b516d23)
Start importing Assets/Imported Assets/EasyAssets/Korean_Style_Bar/BG/Prefabs using Guid(6791bfdd53f46b74383e656c77e3ecda) Importer(2089858483,0ecaa5967403d082aa24f35e1b516d23) Generated GUIDs only implemented for interfaces!
 -> (artifact id: '380f8cb494364fee682175714b2a109e') in 0.005456 seconds
Number of updated asset objects reloaded before import = 0
Number of asset objects unloaded after import = 1
========================================================================
Received Import Request.
  Time since last request: 0.000064 seconds.
  path: Assets/Imported Assets/EasyAssets/Korean_Style_Bar/BG/Materials/Bg_Ma_Obj_002_001_Lit.mat
  artifactKey: Guid(066bb3164a55a9b4c8b4a4dd71cae22a) Importer(2089858483,0ecaa5967403d082aa24f35e1b516d23)
Start importing Assets/Imported Assets/EasyAssets/Korean_Style_Bar/BG/Materials/Bg_Ma_Obj_002_001_Lit.mat using Guid(066bb3164a55a9b4c8b4a4dd71cae22a) Importer(2089858483,0ecaa5967403d082aa24f35e1b516d23) Generated GUIDs only implemented for interfaces!
 -> (artifact id: '95ef1e4bb8f74b4753fb227f3d7d8740') in 0.008118 seconds
Number of updated asset objects reloaded before import = 0
Number of asset objects unloaded after import = 1
========================================================================
Received Import Request.
  Time since last request: 0.000030 seconds.
  path: Assets/Imported Assets/EasyAssets/Korean_Style_Bar/BG/Models/Bg_Mo_Neon_001_001.fbx
  artifactKey: Guid(c00370b8f1d6c8e4ab9576ab0bf9bb76) Importer(2089858483,0ecaa5967403d082aa24f35e1b516d23)
Start importing Assets/Imported Assets/EasyAssets/Korean_Style_Bar/BG/Models/Bg_Mo_Neon_001_001.fbx using Guid(c00370b8f1d6c8e4ab9576ab0bf9bb76) Importer(2089858483,0ecaa5967403d082aa24f35e1b516d23) Generated GUIDs only implemented for interfaces!
 -> (artifact id: '40382d41b69cdb1932f9b259e9c39bc5') in 0.010495 seconds
Number of updated asset objects reloaded before import = 0
Number of asset objects unloaded after import = 7
========================================================================
Received Import Request.
  Time since last request: 0.000044 seconds.
  path: Assets/Imported Assets/EasyAssets/Korean_Style_Bar/BG/Textures/Bg_Te_Bottle_002_001.png
  artifactKey: Guid(9d33c211030169b44814b28b7eefaba8) Importer(2089858483,0ecaa5967403d082aa24f35e1b516d23)
Start importing Assets/Imported Assets/EasyAssets/Korean_Style_Bar/BG/Textures/Bg_Te_Bottle_002_001.png using Guid(9d33c211030169b44814b28b7eefaba8) Importer(2089858483,0ecaa5967403d082aa24f35e1b516d23) Generated GUIDs only implemented for interfaces!
 -> (artifact id: '86c8b62ae7e4a6f703e6dd21c8959939') in 0.015562 seconds
Number of updated asset objects reloaded before import = 0
Number of asset objects unloaded after import = 1
========================================================================
Received Import Request.
  Time since last request: 0.000064 seconds.
  path: Assets/Imported Assets/EasyAssets/Korean_Style_Bar/BG/Textures/Bg_Te_Obj_001_001.png
  artifactKey: Guid(12e51a26534feb24aab0827cfa516842) Importer(2089858483,0ecaa5967403d082aa24f35e1b516d23)
Start importing Assets/Imported Assets/EasyAssets/Korean_Style_Bar/BG/Textures/Bg_Te_Obj_001_001.png using Guid(12e51a26534feb24aab0827cfa516842) Importer(2089858483,0ecaa5967403d082aa24f35e1b516d23) Generated GUIDs only implemented for interfaces!
 -> (artifact id: '41ee70302f39803f6df8e017ccc988ae') in 0.014967 seconds
Number of updated asset objects reloaded before import = 0
Number of asset objects unloaded after import = 1
========================================================================
Received Import Request.
  Time since last request: 0.000062 seconds.
  path: Assets/Imported Assets/EasyAssets/Korean_Style_Bar/BG/Prefabs/Bg_Mo_Shelf_001_001.prefab
  artifactKey: Guid(d381c97c36475d249becc722d5470568) Importer(2089858483,0ecaa5967403d082aa24f35e1b516d23)
Start importing Assets/Imported Assets/EasyAssets/Korean_Style_Bar/BG/Prefabs/Bg_Mo_Shelf_001_001.prefab using Guid(d381c97c36475d249becc722d5470568) Importer(2089858483,0ecaa5967403d082aa24f35e1b516d23) Generated GUIDs only implemented for interfaces!
 -> (artifact id: 'f2d08aab87406491490ed02423b5fccf') in 0.010278 seconds
Number of updated asset objects reloaded before import = 0
Number of asset objects unloaded after import = 22
========================================================================
Received Import Request.
  Time since last request: 0.000008 seconds.
  path: Assets/Imported Assets/EasyAssets/Korean_Style_Bar/BG/Materials/Bg_Ma_Room_001_002_Ref_Lit.mat
  artifactKey: Guid(74f7e6e8efc41b942b6c09990ebfa5f0) Importer(2089858483,0ecaa5967403d082aa24f35e1b516d23)
Start importing Assets/Imported Assets/EasyAssets/Korean_Style_Bar/BG/Materials/Bg_Ma_Room_001_002_Ref_Lit.mat using Guid(74f7e6e8efc41b942b6c09990ebfa5f0) Importer(2089858483,0ecaa5967403d082aa24f35e1b516d23) Generated GUIDs only implemented for interfaces!
 -> (artifact id: 'b191d70d89116dc8137da7a406896203') in 0.007467 seconds
Number of updated asset objects reloaded before import = 0
Number of asset objects unloaded after import = 1
========================================================================
Received Import Request.
  Time since last request: 0.000029 seconds.
  path: Assets/Imported Assets/EasyAssets/Korean_Style_Bar/readme_jp.pdf
  artifactKey: Guid(6f6a9ed1464684e42ab70f24148c0d69) Importer(2089858483,0ecaa5967403d082aa24f35e1b516d23)
Start importing Assets/Imported Assets/EasyAssets/Korean_Style_Bar/readme_jp.pdf using Guid(6f6a9ed1464684e42ab70f24148c0d69) Importer(2089858483,0ecaa5967403d082aa24f35e1b516d23) Generated GUIDs only implemented for interfaces!
 -> (artifact id: '0ddc9a97c182b417c5f5b76f43807430') in 0.005491 seconds
Number of updated asset objects reloaded before import = 0
Number of asset objects unloaded after import = 1
========================================================================
Received Import Request.
  Time since last request: 0.000098 seconds.
  path: Assets/Imported Assets/EasyAssets/Korean_Style_Bar/BG/Prefabs/Bg_Mo_Bottle_001_001.prefab
  artifactKey: Guid(22818281ec25cc14e9d982289b70ab6f) Importer(2089858483,0ecaa5967403d082aa24f35e1b516d23)
Start importing Assets/Imported Assets/EasyAssets/Korean_Style_Bar/BG/Prefabs/Bg_Mo_Bottle_001_001.prefab using Guid(22818281ec25cc14e9d982289b70ab6f) Importer(2089858483,0ecaa5967403d082aa24f35e1b516d23) Generated GUIDs only implemented for interfaces!
 -> (artifact id: '514d3cb8a7fe4c56d09954096c62e2fa') in 0.007120 seconds
Number of updated asset objects reloaded before import = 0
Number of asset objects unloaded after import = 35
========================================================================
Received Import Request.
  Time since last request: 0.000008 seconds.
  path: Assets/Imported Assets/EasyAssets/Korean_Style_Bar/BG/Prefabs/Bg_Mo_Counter_001_001.prefab
  artifactKey: Guid(59c0b835fc92a4a4aad3e7f381240b8a) Importer(2089858483,0ecaa5967403d082aa24f35e1b516d23)
Start importing Assets/Imported Assets/EasyAssets/Korean_Style_Bar/BG/Prefabs/Bg_Mo_Counter_001_001.prefab using Guid(59c0b835fc92a4a4aad3e7f381240b8a) Importer(2089858483,0ecaa5967403d082aa24f35e1b516d23) Generated GUIDs only implemented for interfaces!
 -> (artifact id: '160567d6623d50178112d665e1810c60') in 0.008523 seconds
Number of updated asset objects reloaded before import = 0
Number of asset objects unloaded after import = 13
========================================================================
Received Import Request.
  Time since last request: 0.000056 seconds.
  path: Assets/Imported Assets/EasyAssets/Korean_Style_Bar
  artifactKey: Guid(002df3c0c8d1b37449d24277e35d8d8f) Importer(2089858483,0ecaa5967403d082aa24f35e1b516d23)
Start importing Assets/Imported Assets/EasyAssets/Korean_Style_Bar using Guid(002df3c0c8d1b37449d24277e35d8d8f) Importer(2089858483,0ecaa5967403d082aa24f35e1b516d23) Generated GUIDs only implemented for interfaces!
 -> (artifact id: '739476cb336c18191071426916ecccff') in 0.005631 seconds
Number of updated asset objects reloaded before import = 0
Number of asset objects unloaded after import = 1
========================================================================
Received Import Request.
  Time since last request: 0.000009 seconds.
  path: Assets/Imported Assets/EasyAssets/Korean_Style_Bar/BG/Prefabs/Bg_Mo_Piller_001_001.prefab
  artifactKey: Guid(1826a16390b49a84a9ad5134abedc6fc) Importer(2089858483,0ecaa5967403d082aa24f35e1b516d23)
Start importing Assets/Imported Assets/EasyAssets/Korean_Style_Bar/BG/Prefabs/Bg_Mo_Piller_001_001.prefab using Guid(1826a16390b49a84a9ad5134abedc6fc) Importer(2089858483,0ecaa5967403d082aa24f35e1b516d23) Generated GUIDs only implemented for interfaces!
 -> (artifact id: '81b3f3a2c1ef0a8077347b84e6cf2596') in 0.008332 seconds
Number of updated asset objects reloaded before import = 0
Number of asset objects unloaded after import = 13
========================================================================
Received Import Request.
  Time since last request: 0.000008 seconds.
  path: Assets/Imported Assets/EasyAssets/Korean_Style_Bar/BG/Materials/Bg_Ma_Obj_001_001_Lit.mat
  artifactKey: Guid(945cbcf2a73822645985bde55e223d3f) Importer(2089858483,0ecaa5967403d082aa24f35e1b516d23)
Start importing Assets/Imported Assets/EasyAssets/Korean_Style_Bar/BG/Materials/Bg_Ma_Obj_001_001_Lit.mat using Guid(945cbcf2a73822645985bde55e223d3f) Importer(2089858483,0ecaa5967403d082aa24f35e1b516d23) Generated GUIDs only implemented for interfaces!
 -> (artifact id: 'd9df3e3baf3b5d73ef44737a4c2f5d56') in 0.008114 seconds
Number of updated asset objects reloaded before import = 0
Number of asset objects unloaded after import = 1
========================================================================
Received Import Request.
  Time since last request: 0.000052 seconds.
  path: Assets/Imported Assets/EasyAssets/Korean_Style_Bar/BG/Textures/Bg_Te_Bottle_001_001.png
  artifactKey: Guid(bb0d2bd14b87acb47b30ff8cc1a5e169) Importer(2089858483,0ecaa5967403d082aa24f35e1b516d23)
Start importing Assets/Imported Assets/EasyAssets/Korean_Style_Bar/BG/Textures/Bg_Te_Bottle_001_001.png using Guid(bb0d2bd14b87acb47b30ff8cc1a5e169) Importer(2089858483,0ecaa5967403d082aa24f35e1b516d23) Generated GUIDs only implemented for interfaces!
 -> (artifact id: '128b2f8e1a48d9826b1390152061f1d2') in 0.013147 seconds
Number of updated asset objects reloaded before import = 0
Number of asset objects unloaded after import = 1
========================================================================
Received Import Request.
  Time since last request: 0.000009 seconds.
  path: Assets/Imported Assets/EasyAssets/Korean_Style_Bar/BG/Models/Bg_Mo_Box_001_001.fbx
  artifactKey: Guid(80cfbbc7a926d964dabd89525ed44080) Importer(2089858483,0ecaa5967403d082aa24f35e1b516d23)
Start importing Assets/Imported Assets/EasyAssets/Korean_Style_Bar/BG/Models/Bg_Mo_Box_001_001.fbx using Guid(80cfbbc7a926d964dabd89525ed44080) Importer(2089858483,0ecaa5967403d082aa24f35e1b516d23) Generated GUIDs only implemented for interfaces!
 -> (artifact id: 'aed6457536d4a84207cf40c9062cf380') in 0.012068 seconds
Number of updated asset objects reloaded before import = 0
Number of asset objects unloaded after import = 7
========================================================================
Received Import Request.
  Time since last request: 0.000026 seconds.
  path: Assets/Imported Assets/EasyAssets/Korean_Style_Bar/BG/Textures/Bg_Te_Bottle_003_001.png
  artifactKey: Guid(bebbe8dee1361e4439ccb66b05c6867f) Importer(2089858483,0ecaa5967403d082aa24f35e1b516d23)
Start importing Assets/Imported Assets/EasyAssets/Korean_Style_Bar/BG/Textures/Bg_Te_Bottle_003_001.png using Guid(bebbe8dee1361e4439ccb66b05c6867f) Importer(2089858483,0ecaa5967403d082aa24f35e1b516d23) Generated GUIDs only implemented for interfaces!
 -> (artifact id: '91095b2ca02eaedb60fc46ba7d9d9710') in 0.016445 seconds
Number of updated asset objects reloaded before import = 0
Number of asset objects unloaded after import = 1
========================================================================
Received Import Request.
  Time since last request: 0.000055 seconds.
  path: Assets/Imported Assets/EasyAssets/Korean_Style_Bar/readme_en.pdf
  artifactKey: Guid(574e198150724f546b752cc090d8ef4e) Importer(2089858483,0ecaa5967403d082aa24f35e1b516d23)
Start importing Assets/Imported Assets/EasyAssets/Korean_Style_Bar/readme_en.pdf using Guid(574e198150724f546b752cc090d8ef4e) Importer(2089858483,0ecaa5967403d082aa24f35e1b516d23) Generated GUIDs only implemented for interfaces!
 -> (artifact id: '81a8bb03d9a7eace25fcfe5ce0a11345') in 0.006147 seconds
Number of updated asset objects reloaded before import = 0
Number of asset objects unloaded after import = 1
========================================================================
Received Import Request.
  Time since last request: 0.000055 seconds.
  path: Assets/Imported Assets/EasyAssets/Korean_Style_Bar/BG/Models/Bg_Mo_Chair_001_001.fbx
  artifactKey: Guid(7d4ddb50ceb02ff4fa98a1418f2deaec) Importer(2089858483,0ecaa5967403d082aa24f35e1b516d23)
Start importing Assets/Imported Assets/EasyAssets/Korean_Style_Bar/BG/Models/Bg_Mo_Chair_001_001.fbx using Guid(7d4ddb50ceb02ff4fa98a1418f2deaec) Importer(2089858483,0ecaa5967403d082aa24f35e1b516d23) Generated GUIDs only implemented for interfaces!
 -> (artifact id: '68fc332c2cf469edacbd8a7ccb693c0a') in 0.010812 seconds
Number of updated asset objects reloaded before import = 0
Number of asset objects unloaded after import = 7
========================================================================
Received Import Request.
  Time since last request: 0.000008 seconds.
  path: Assets/Imported Assets/EasyAssets/Korean_Style_Bar/BG/Prefabs/Bg_Mo_Box_001_001.prefab
  artifactKey: Guid(54e45b18cdf065b4db7996b53a6eea82) Importer(2089858483,0ecaa5967403d082aa24f35e1b516d23)
Start importing Assets/Imported Assets/EasyAssets/Korean_Style_Bar/BG/Prefabs/Bg_Mo_Box_001_001.prefab using Guid(54e45b18cdf065b4db7996b53a6eea82) Importer(2089858483,0ecaa5967403d082aa24f35e1b516d23) Generated GUIDs only implemented for interfaces!
 -> (artifact id: '7359af7b5a1e2b179febd46d4c24d5d5') in 0.007377 seconds
Number of updated asset objects reloaded before import = 0
Number of asset objects unloaded after import = 13
========================================================================
Received Import Request.
  Time since last request: 0.000041 seconds.
  path: Assets/Imported Assets/EasyAssets/Korean_Style_Bar/BG/Prefabs/Bg_Mo_Neon_001_001.prefab
  artifactKey: Guid(fa89ac115a9785c42928916eee6f1559) Importer(2089858483,0ecaa5967403d082aa24f35e1b516d23)
Start importing Assets/Imported Assets/EasyAssets/Korean_Style_Bar/BG/Prefabs/Bg_Mo_Neon_001_001.prefab using Guid(fa89ac115a9785c42928916eee6f1559) Importer(2089858483,0ecaa5967403d082aa24f35e1b516d23) Generated GUIDs only implemented for interfaces!
 -> (artifact id: '056506ae3d77ca72c325471457e1f7cd') in 0.007550 seconds
Number of updated asset objects reloaded before import = 0
Number of asset objects unloaded after import = 13
========================================================================
Received Import Request.
  Time since last request: 0.000008 seconds.
  path: Assets/Imported Assets/EasyAssets/Korean_Style_Bar/BG/Materials/Bg_Ma_Room_002_001_Lit.mat
  artifactKey: Guid(7a419d2a716c46d4497b98e2eaf0c245) Importer(2089858483,0ecaa5967403d082aa24f35e1b516d23)
Start importing Assets/Imported Assets/EasyAssets/Korean_Style_Bar/BG/Materials/Bg_Ma_Room_002_001_Lit.mat using Guid(7a419d2a716c46d4497b98e2eaf0c245) Importer(2089858483,0ecaa5967403d082aa24f35e1b516d23) Generated GUIDs only implemented for interfaces!
 -> (artifact id: '7e187ba1b2c9b7bc79eb8fc707edb594') in 0.007161 seconds
Number of updated asset objects reloaded before import = 0
Number of asset objects unloaded after import = 1
========================================================================
Received Import Request.
  Time since last request: 0.000049 seconds.
  path: Assets/Imported Assets/EasyAssets/Korean_Style_Bar/BG/Textures/Bg_Te_Room_002_001.png
  artifactKey: Guid(e28d736ed8dd19442be066d940095c7a) Importer(2089858483,0ecaa5967403d082aa24f35e1b516d23)
Start importing Assets/Imported Assets/EasyAssets/Korean_Style_Bar/BG/Textures/Bg_Te_Room_002_001.png using Guid(e28d736ed8dd19442be066d940095c7a) Importer(2089858483,0ecaa5967403d082aa24f35e1b516d23) Generated GUIDs only implemented for interfaces!
 -> (artifact id: 'd146bf3973e140ed12853b8a25bd121b') in 0.015591 seconds
Number of updated asset objects reloaded before import = 0
Number of asset objects unloaded after import = 1
========================================================================
Received Import Request.
  Time since last request: 0.000008 seconds.
  path: Assets/Imported Assets/EasyAssets/Korean_Style_Bar/BG/Models/Bg_Mo_Bottle_001_001.fbx
  artifactKey: Guid(1098208b9555e5e41b56ddef8dd20663) Importer(2089858483,0ecaa5967403d082aa24f35e1b516d23)
Start importing Assets/Imported Assets/EasyAssets/Korean_Style_Bar/BG/Models/Bg_Mo_Bottle_001_001.fbx using Guid(1098208b9555e5e41b56ddef8dd20663) Importer(2089858483,0ecaa5967403d082aa24f35e1b516d23) Generated GUIDs only implemented for interfaces!
 -> (artifact id: 'd9967543a88e6362cf8cc211366abf46') in 0.011536 seconds
Number of updated asset objects reloaded before import = 0
Number of asset objects unloaded after import = 19
========================================================================
Received Import Request.
  Time since last request: 0.000009 seconds.
  path: Assets/Imported Assets/EasyAssets/Korean_Style_Bar/BG/Materials/Bg_Ma_Bottle_002_001_Lit.mat
  artifactKey: Guid(eebaccdc3c120d54eb89db999c1c5c44) Importer(2089858483,0ecaa5967403d082aa24f35e1b516d23)
Start importing Assets/Imported Assets/EasyAssets/Korean_Style_Bar/BG/Materials/Bg_Ma_Bottle_002_001_Lit.mat using Guid(eebaccdc3c120d54eb89db999c1c5c44) Importer(2089858483,0ecaa5967403d082aa24f35e1b516d23) Generated GUIDs only implemented for interfaces!
 -> (artifact id: '5e3dbc5a356c739e80d5835d7073b306') in 0.006471 seconds
Number of updated asset objects reloaded before import = 0
Number of asset objects unloaded after import = 1
========================================================================
Received Import Request.
  Time since last request: 2.005760 seconds.
  path: Assets/Imported Assets/EasyAssets/Korean_Style_Bar
  artifactKey: Guid(002df3c0c8d1b37449d24277e35d8d8f) Importer(815301076,1909f56bfc062723c751e8b465ee728b)
Start importing Assets/Imported Assets/EasyAssets/Korean_Style_Bar using Guid(002df3c0c8d1b37449d24277e35d8d8f) Importer(815301076,1909f56bfc062723c751e8b465ee728b)  -> (artifact id: '96df0c7eec9ebd81f8e62874536f8351') in 0.000428 seconds
Number of updated asset objects reloaded before import = 0
Number of asset objects unloaded after import = 0
========================================================================
Received Import Request.
  Time since last request: 0.857562 seconds.
  path: Assets/Imported Assets/EasyAssets/Korean_Style_Bar/BG
  artifactKey: Guid(4b00a032cf687844b8a5645cf7b33191) Importer(815301076,1909f56bfc062723c751e8b465ee728b)
Start importing Assets/Imported Assets/EasyAssets/Korean_Style_Bar/BG using Guid(4b00a032cf687844b8a5645cf7b33191) Importer(815301076,1909f56bfc062723c751e8b465ee728b)  -> (artifact id: '61d69e1639c797d0d57e6433d068ed7f') in 0.000364 seconds
Number of updated asset objects reloaded before import = 0
Number of asset objects unloaded after import = 0
========================================================================
Received Import Request.
  Time since last request: 5.045711 seconds.
  path: Assets/Imported Assets/EasyAssets/Korean_Style_Bar/BG/Demo Scenes
  artifactKey: Guid(0246f213903b5754f801ba7bb45d7405) Importer(815301076,1909f56bfc062723c751e8b465ee728b)
Start importing Assets/Imported Assets/EasyAssets/Korean_Style_Bar/BG/Demo Scenes using Guid(0246f213903b5754f801ba7bb45d7405) Importer(815301076,1909f56bfc062723c751e8b465ee728b)  -> (artifact id: 'fd2a3e1ea4ca82b34564dbcc00c91cb6') in 0.000418 seconds
Number of updated asset objects reloaded before import = 0
Number of asset objects unloaded after import = 0
========================================================================
Received Import Request.
  Time since last request: 0.680449 seconds.
  path: Assets/Imported Assets/EasyAssets/Korean_Style_Bar/BG/Demo Scenes/demo_sample.unity
  artifactKey: Guid(2e946e8dbe57b7c479490f3627dabcea) Importer(815301076,1909f56bfc062723c751e8b465ee728b)
Start importing Assets/Imported Assets/EasyAssets/Korean_Style_Bar/BG/Demo Scenes/demo_sample.unity using Guid(2e946e8dbe57b7c479490f3627dabcea) Importer(815301076,1909f56bfc062723c751e8b465ee728b)  -> (artifact id: 'da209d09c8e59fa08bd57b4c453edb58') in 0.000447 seconds
Number of updated asset objects reloaded before import = 0
Number of asset objects unloaded after import = 0
========================================================================
Received Import Request.
  Time since last request: 2.375898 seconds.
  path: Assets/Scenes/Neutralized.unity
  artifactKey: Guid(142409b6a65365641ae88de964598f57) Importer(2089858483,0ecaa5967403d082aa24f35e1b516d23)
Start importing Assets/Scenes/Neutralized.unity using Guid(142409b6a65365641ae88de964598f57) Importer(2089858483,0ecaa5967403d082aa24f35e1b516d23) Generated GUIDs only implemented for interfaces!
 -> (artifact id: 'b612afc493b2a27c14545fac659b77aa') in 0.009222 seconds
Number of updated asset objects reloaded before import = 0
Number of asset objects unloaded after import = 1
========================================================================
Received Import Request.
  Time since last request: 70.143035 seconds.
  path: Assets/Imported Assets/EasyAssets/Korean_Style_Bar/BG/Materials
  artifactKey: Guid(c9c7429b953a5fa48987409e37ed0c79) Importer(815301076,1909f56bfc062723c751e8b465ee728b)
Start importing Assets/Imported Assets/EasyAssets/Korean_Style_Bar/BG/Materials using Guid(c9c7429b953a5fa48987409e37ed0c79) Importer(815301076,1909f56bfc062723c751e8b465ee728b)  -> (artifact id: 'fa27a385f1bb8a981d15e0e2f604a071') in 0.000402 seconds
Number of updated asset objects reloaded before import = 0
Number of asset objects unloaded after import = 0
========================================================================
Received Import Request.
  Time since last request: 150.540553 seconds.
  path: Assets/Imported Assets/EasyAssets/Korean_Style_Bar/BG/Textures/Bg_Te_Bottle_001_001.png
  artifactKey: Guid(bb0d2bd14b87acb47b30ff8cc1a5e169) Importer(815301076,1909f56bfc062723c751e8b465ee728b)
Start importing Assets/Imported Assets/EasyAssets/Korean_Style_Bar/BG/Textures/Bg_Te_Bottle_001_001.png using Guid(bb0d2bd14b87acb47b30ff8cc1a5e169) Importer(815301076,1909f56bfc062723c751e8b465ee728b)  -> (artifact id: 'b780520de7a8a0f01d96b0ab471de9e9') in 0.033015 seconds
Number of updated asset objects reloaded before import = 0
Number of asset objects unloaded after import = 2
========================================================================
Received Import Request.
  Time since last request: 65.829580 seconds.
  path: Assets/Imported Assets/EasyAssets/Korean_Style_Bar/BG/Textures/Bg_Te_Neon_001_001.png
  artifactKey: Guid(634378951ee9a144e9bcecffe6d6bb11) Importer(815301076,1909f56bfc062723c751e8b465ee728b)
Start importing Assets/Imported Assets/EasyAssets/Korean_Style_Bar/BG/Textures/Bg_Te_Neon_001_001.png using Guid(634378951ee9a144e9bcecffe6d6bb11) Importer(815301076,1909f56bfc062723c751e8b465ee728b)  -> (artifact id: '3a20235abc1f1d001721c951c6839d2b') in 0.014356 seconds
Number of updated asset objects reloaded before import = 0
Number of asset objects unloaded after import = 2
========================================================================
Received Import Request.
  Time since last request: 151.735692 seconds.
  path: Assets/Scenes/Neutralized.unity
  artifactKey: Guid(142409b6a65365641ae88de964598f57) Importer(815301076,1909f56bfc062723c751e8b465ee728b)
Start importing Assets/Scenes/Neutralized.unity using Guid(142409b6a65365641ae88de964598f57) Importer(815301076,1909f56bfc062723c751e8b465ee728b)  -> (artifact id: 'dbe2503e324607bbaea482cd0a0ef5a5') in 0.000582 seconds
Number of updated asset objects reloaded before import = 0
Number of asset objects unloaded after import = 0
========================================================================
Received Prepare
Begin MonoManager ReloadAssembly
- Loaded All Assemblies, in  0.249 seconds
Refreshing native plugins compatible for Editor in 2.47 ms, found 3 plugins.
Native extension for WindowsStandalone target not found
Mono: successfully reloaded assembly
- Finished resetting the current domain, in  0.677 seconds
Domain Reload Profiling: 924ms
	BeginReloadAssembly (93ms)
		ExecutionOrderSort (0ms)
		DisableScriptedObjects (2ms)
		BackupInstance (0ms)
		ReleaseScriptingObjects (0ms)
		CreateAndSetChildDomain (28ms)
	RebuildCommonClasses (16ms)
	RebuildNativeTypeToScriptingClass (6ms)
	initialDomainReloadingComplete (17ms)
	LoadAllAssembliesAndSetupDomain (116ms)
		LoadAssemblies (148ms)
		RebuildTransferFunctionScriptingTraits (0ms)
		AnalyzeDomain (8ms)
			TypeCache.Refresh (3ms)
				TypeCache.ScanAssembly (0ms)
			ScanForSourceGeneratedMonoScriptInfo (0ms)
			ResolveRequiredComponents (3ms)
	FinalizeReload (678ms)
		ReleaseScriptCaches (0ms)
		RebuildScriptCaches (0ms)
		SetupLoadedEditorAssemblies (290ms)
			LogAssemblyErrors (0ms)
			InitializePlatformSupportModulesInManaged (4ms)
			SetLoadedEditorAssemblies (2ms)
			RefreshPlugins (0ms)
			BeforeProcessingInitializeOnLoad (39ms)
			ProcessInitializeOnLoadAttributes (226ms)
			ProcessInitializeOnLoadMethodAttributes (14ms)
			AfterProcessingInitializeOnLoad (5ms)
			EditorAssembliesLoaded (0ms)
		ExecutionOrderSort2 (0ms)
		AwakeInstancesAfterBackupRestoration (4ms)
Refreshing native plugins compatible for Editor in 3.51 ms, found 3 plugins.
Preloading 0 native plugins for Editor in 0.00 ms.
Unloading 3857 Unused Serialized files (Serialized files now loaded: 0)
Unloading 28 unused Assets / (227.2 KB). Loaded Objects now: 4384.
Memory consumption went from 148.5 MB to 148.3 MB.
Total: 2.218900 ms (FindLiveObjects: 0.211800 ms CreateObjectMapping: 0.139900 ms MarkObjects: 1.758400 ms  DeleteObjects: 0.108200 ms)

Prepare: number of updated asset objects reloaded= 0
AssetImportParameters requested are different than current active one (requested -> active):
  custom:container-demuxer-ogg: 62fdf1f143b41e24485cea50d1cbac27 -> 
  custom:video-codec-MediaFoundation-h265: 746d11721c4dcdbdad8f713fa42b33f4 -> 
  custom:video-decoder-ogg-theora: a1e56fd34408186e4bbccfd4996cb3dc -> 
  custom:framework-win-MediaFoundation: 216162199b28c13a410421893ffa2e32 -> 
  custom:CustomObjectIndexerAttribute: 6d391050e5a25f67b0a2c618074f2cd9 -> 
  custom:container-demuxer-webm: 4f35f7cbe854078d1ac9338744f61a02 -> 
  custom:container-muxer-webm: aa71ff27fc2769a1b78a27578f13a17b -> 
  custom:video-decoder-webm-vp8: 9c59270c3fd7afecdb556c50c9e8de78 -> 
  custom:SearchIndexIgnoredProperties: e643bd26f0fe6173181afceb89e7c659 -> 
  custom:AudioImporter_EditorPlatform: d09bf68614088b80899f8185d706f6e7 -> 
  custom:video-encoder-webm-vp8: eb34c28f22e8b96e1ab97ce403110664 -> 
  custom:audio-decoder-ogg-vorbis: bf7c407c2cedff20999df2af8eb42d56 -> 
  custom:audio-encoder-webm-vorbis: bf7c407c2cedff20999df2af8eb42d56 -> 
========================================================================
Received Prepare
Begin MonoManager ReloadAssembly
- Loaded All Assemblies, in  0.235 seconds
Refreshing native plugins compatible for Editor in 2.61 ms, found 3 plugins.
Native extension for WindowsStandalone target not found
Mono: successfully reloaded assembly
- Finished resetting the current domain, in  0.633 seconds
Domain Reload Profiling: 866ms
	BeginReloadAssembly (89ms)
		ExecutionOrderSort (0ms)
		DisableScriptedObjects (4ms)
		BackupInstance (0ms)
		ReleaseScriptingObjects (0ms)
		CreateAndSetChildDomain (22ms)
	RebuildCommonClasses (16ms)
	RebuildNativeTypeToScriptingClass (5ms)
	initialDomainReloadingComplete (17ms)
	LoadAllAssembliesAndSetupDomain (107ms)
		LoadAssemblies (140ms)
		RebuildTransferFunctionScriptingTraits (0ms)
		AnalyzeDomain (7ms)
			TypeCache.Refresh (3ms)
				TypeCache.ScanAssembly (0ms)
			ScanForSourceGeneratedMonoScriptInfo (0ms)
			ResolveRequiredComponents (3ms)
	FinalizeReload (633ms)
		ReleaseScriptCaches (0ms)
		RebuildScriptCaches (0ms)
		SetupLoadedEditorAssemblies (284ms)
			LogAssemblyErrors (0ms)
			InitializePlatformSupportModulesInManaged (4ms)
			SetLoadedEditorAssemblies (2ms)
			RefreshPlugins (0ms)
			BeforeProcessingInitializeOnLoad (39ms)
			ProcessInitializeOnLoadAttributes (218ms)
			ProcessInitializeOnLoadMethodAttributes (14ms)
			AfterProcessingInitializeOnLoad (6ms)
			EditorAssembliesLoaded (0ms)
		ExecutionOrderSort2 (0ms)
		AwakeInstancesAfterBackupRestoration (5ms)
Refreshing native plugins compatible for Editor in 2.73 ms, found 3 plugins.
Preloading 0 native plugins for Editor in 0.00 ms.
Unloading 3858 Unused Serialized files (Serialized files now loaded: 0)
Unloading 27 unused Assets / (102.9 KB). Loaded Objects now: 4400.
Memory consumption went from 150.6 MB to 150.5 MB.
Total: 2.118500 ms (FindLiveObjects: 0.187700 ms CreateObjectMapping: 0.045500 ms MarkObjects: 1.836500 ms  DeleteObjects: 0.048300 ms)

Prepare: number of updated asset objects reloaded= 0
AssetImportParameters requested are different than current active one (requested -> active):
  custom:container-demuxer-ogg: 62fdf1f143b41e24485cea50d1cbac27 -> 
  custom:video-codec-MediaFoundation-h265: 746d11721c4dcdbdad8f713fa42b33f4 -> 
  custom:video-decoder-ogg-theora: a1e56fd34408186e4bbccfd4996cb3dc -> 
  custom:framework-win-MediaFoundation: 216162199b28c13a410421893ffa2e32 -> 
  custom:CustomObjectIndexerAttribute: 6d391050e5a25f67b0a2c618074f2cd9 -> 
  custom:container-demuxer-webm: 4f35f7cbe854078d1ac9338744f61a02 -> 
  custom:container-muxer-webm: aa71ff27fc2769a1b78a27578f13a17b -> 
  custom:video-decoder-webm-vp8: 9c59270c3fd7afecdb556c50c9e8de78 -> 
  custom:SearchIndexIgnoredProperties: e643bd26f0fe6173181afceb89e7c659 -> 
  custom:AudioImporter_EditorPlatform: d09bf68614088b80899f8185d706f6e7 -> 
  custom:video-encoder-webm-vp8: eb34c28f22e8b96e1ab97ce403110664 -> 
  custom:audio-decoder-ogg-vorbis: bf7c407c2cedff20999df2af8eb42d56 -> 
  custom:audio-encoder-webm-vorbis: bf7c407c2cedff20999df2af8eb42d56 -> 
========================================================================
Received Prepare
Begin MonoManager ReloadAssembly
- Loaded All Assemblies, in  0.237 seconds
Refreshing native plugins compatible for Editor in 2.40 ms, found 3 plugins.
Native extension for WindowsStandalone target not found
Mono: successfully reloaded assembly
- Finished resetting the current domain, in  0.665 seconds
Domain Reload Profiling: 900ms
	BeginReloadAssembly (89ms)
		ExecutionOrderSort (0ms)
		DisableScriptedObjects (2ms)
		BackupInstance (0ms)
		ReleaseScriptingObjects (0ms)
		CreateAndSetChildDomain (24ms)
	RebuildCommonClasses (16ms)
	RebuildNativeTypeToScriptingClass (5ms)
	initialDomainReloadingComplete (15ms)
	LoadAllAssembliesAndSetupDomain (108ms)
		LoadAssemblies (143ms)
		RebuildTransferFunctionScriptingTraits (0ms)
		AnalyzeDomain (7ms)
			TypeCache.Refresh (3ms)
				TypeCache.ScanAssembly (0ms)
			ScanForSourceGeneratedMonoScriptInfo (0ms)
			ResolveRequiredComponents (3ms)
	FinalizeReload (665ms)
		ReleaseScriptCaches (0ms)
		RebuildScriptCaches (0ms)
		SetupLoadedEditorAssemblies (293ms)
			LogAssemblyErrors (0ms)
			InitializePlatformSupportModulesInManaged (4ms)
			SetLoadedEditorAssemblies (2ms)
			RefreshPlugins (0ms)
			BeforeProcessingInitializeOnLoad (40ms)
			ProcessInitializeOnLoadAttributes (226ms)
			ProcessInitializeOnLoadMethodAttributes (14ms)
			AfterProcessingInitializeOnLoad (7ms)
			EditorAssembliesLoaded (0ms)
		ExecutionOrderSort2 (0ms)
		AwakeInstancesAfterBackupRestoration (4ms)
Refreshing native plugins compatible for Editor in 3.35 ms, found 3 plugins.
Preloading 0 native plugins for Editor in 0.00 ms.
Unloading 3858 Unused Serialized files (Serialized files now loaded: 0)
Unloading 27 unused Assets / (102.9 KB). Loaded Objects now: 4416.
Memory consumption went from 152.5 MB to 152.4 MB.
Total: 2.251800 ms (FindLiveObjects: 0.294900 ms CreateObjectMapping: 0.110000 ms MarkObjects: 1.793900 ms  DeleteObjects: 0.052300 ms)

Prepare: number of updated asset objects reloaded= 0
AssetImportParameters requested are different than current active one (requested -> active):
  custom:container-demuxer-ogg: 62fdf1f143b41e24485cea50d1cbac27 -> 
  custom:video-codec-MediaFoundation-h265: 746d11721c4dcdbdad8f713fa42b33f4 -> 
  custom:video-decoder-ogg-theora: a1e56fd34408186e4bbccfd4996cb3dc -> 
  custom:framework-win-MediaFoundation: 216162199b28c13a410421893ffa2e32 -> 
  custom:CustomObjectIndexerAttribute: 6d391050e5a25f67b0a2c618074f2cd9 -> 
  custom:container-demuxer-webm: 4f35f7cbe854078d1ac9338744f61a02 -> 
  custom:container-muxer-webm: aa71ff27fc2769a1b78a27578f13a17b -> 
  custom:video-decoder-webm-vp8: 9c59270c3fd7afecdb556c50c9e8de78 -> 
  custom:SearchIndexIgnoredProperties: e643bd26f0fe6173181afceb89e7c659 -> 
  custom:AudioImporter_EditorPlatform: d09bf68614088b80899f8185d706f6e7 -> 
  custom:video-encoder-webm-vp8: eb34c28f22e8b96e1ab97ce403110664 -> 
  custom:audio-decoder-ogg-vorbis: bf7c407c2cedff20999df2af8eb42d56 -> 
  custom:audio-encoder-webm-vorbis: bf7c407c2cedff20999df2af8eb42d56 -> 
========================================================================
Received Prepare
Begin MonoManager ReloadAssembly
- Loaded All Assemblies, in  0.235 seconds
Refreshing native plugins compatible for Editor in 2.37 ms, found 3 plugins.
Native extension for WindowsStandalone target not found
Mono: successfully reloaded assembly
- Finished resetting the current domain, in  0.652 seconds
Domain Reload Profiling: 885ms
	BeginReloadAssembly (87ms)
		ExecutionOrderSort (0ms)
		DisableScriptedObjects (2ms)
		BackupInstance (0ms)
		ReleaseScriptingObjects (0ms)
		CreateAndSetChildDomain (24ms)
	RebuildCommonClasses (17ms)
	RebuildNativeTypeToScriptingClass (5ms)
	initialDomainReloadingComplete (15ms)
	LoadAllAssembliesAndSetupDomain (108ms)
		LoadAssemblies (140ms)
		RebuildTransferFunctionScriptingTraits (0ms)
		AnalyzeDomain (7ms)
			TypeCache.Refresh (3ms)
				TypeCache.ScanAssembly (0ms)
			ScanForSourceGeneratedMonoScriptInfo (0ms)
			ResolveRequiredComponents (3ms)
	FinalizeReload (652ms)
		ReleaseScriptCaches (0ms)
		RebuildScriptCaches (0ms)
		SetupLoadedEditorAssemblies (287ms)
			LogAssemblyErrors (0ms)
			InitializePlatformSupportModulesInManaged (4ms)
			SetLoadedEditorAssemblies (2ms)
			RefreshPlugins (0ms)
			BeforeProcessingInitializeOnLoad (40ms)
			ProcessInitializeOnLoadAttributes (222ms)
			ProcessInitializeOnLoadMethodAttributes (14ms)
			AfterProcessingInitializeOnLoad (6ms)
			EditorAssembliesLoaded (0ms)
		ExecutionOrderSort2 (0ms)
		AwakeInstancesAfterBackupRestoration (4ms)
Refreshing native plugins compatible for Editor in 2.01 ms, found 3 plugins.
Preloading 0 native plugins for Editor in 0.00 ms.
Unloading 3858 Unused Serialized files (Serialized files now loaded: 0)
Unloading 27 unused Assets / (102.9 KB). Loaded Objects now: 4432.
Memory consumption went from 154.5 MB to 154.4 MB.
Total: 2.071800 ms (FindLiveObjects: 0.205000 ms CreateObjectMapping: 0.043600 ms MarkObjects: 1.775800 ms  DeleteObjects: 0.046900 ms)

Prepare: number of updated asset objects reloaded= 0
AssetImportParameters requested are different than current active one (requested -> active):
  custom:container-demuxer-ogg: 62fdf1f143b41e24485cea50d1cbac27 -> 
  custom:video-codec-MediaFoundation-h265: 746d11721c4dcdbdad8f713fa42b33f4 -> 
  custom:video-decoder-ogg-theora: a1e56fd34408186e4bbccfd4996cb3dc -> 
  custom:framework-win-MediaFoundation: 216162199b28c13a410421893ffa2e32 -> 
  custom:CustomObjectIndexerAttribute: 6d391050e5a25f67b0a2c618074f2cd9 -> 
  custom:container-demuxer-webm: 4f35f7cbe854078d1ac9338744f61a02 -> 
  custom:container-muxer-webm: aa71ff27fc2769a1b78a27578f13a17b -> 
  custom:video-decoder-webm-vp8: 9c59270c3fd7afecdb556c50c9e8de78 -> 
  custom:SearchIndexIgnoredProperties: e643bd26f0fe6173181afceb89e7c659 -> 
  custom:AudioImporter_EditorPlatform: d09bf68614088b80899f8185d706f6e7 -> 
  custom:video-encoder-webm-vp8: eb34c28f22e8b96e1ab97ce403110664 -> 
  custom:audio-decoder-ogg-vorbis: bf7c407c2cedff20999df2af8eb42d56 -> 
  custom:audio-encoder-webm-vorbis: bf7c407c2cedff20999df2af8eb42d56 -> 
========================================================================
Received Import Request.
  Time since last request: 1343.929389 seconds.
  path: Assets/Ch18_nonPBR (1).fbx
  artifactKey: Guid(e8767724775de7c4a8a6242983ed0505) Importer(815301076,1909f56bfc062723c751e8b465ee728b)
Start importing Assets/Ch18_nonPBR (1).fbx using Guid(e8767724775de7c4a8a6242983ed0505) Importer(815301076,1909f56bfc062723c751e8b465ee728b)  -> (artifact id: '71d815a85018c88c847a63afedbca392') in 0.093448 seconds
Number of updated asset objects reloaded before import = 0
Number of asset objects unloaded after import = 140
========================================================================
Received Import Request.
  Time since last request: 74.113973 seconds.
  path: Assets/Imported Assets/Simple Vehicle Pack/Prefabs/Car_3.prefab
  artifactKey: Guid(512151c1530b99343a884b12ee9c5e1e) Importer(815301076,1909f56bfc062723c751e8b465ee728b)
Start importing Assets/Imported Assets/Simple Vehicle Pack/Prefabs/Car_3.prefab using Guid(512151c1530b99343a884b12ee9c5e1e) Importer(815301076,1909f56bfc062723c751e8b465ee728b)  -> (artifact id: '12701c928339a3f65a1f606a802899a2') in 0.122201 seconds
Number of updated asset objects reloaded before import = 0
Number of asset objects unloaded after import = 33
========================================================================
Received Import Request.
  Time since last request: 0.000018 seconds.
  path: Assets/Imported Assets/Mess Maker Free/Prefabs/Low Poly/Food/Chicken Bone.prefab
  artifactKey: Guid(95ba25c767eeddc46899aa0fd76f63be) Importer(815301076,1909f56bfc062723c751e8b465ee728b)
Start importing Assets/Imported Assets/Mess Maker Free/Prefabs/Low Poly/Food/Chicken Bone.prefab using Guid(95ba25c767eeddc46899aa0fd76f63be) Importer(815301076,1909f56bfc062723c751e8b465ee728b)  -> (artifact id: '8a2a95757b90236c758c333027c4f4b9') in 0.011048 seconds
Number of updated asset objects reloaded before import = 0
Number of asset objects unloaded after import = 12
========================================================================
Received Import Request.
  Time since last request: 0.000018 seconds.
  path: Assets/Imported Assets/Simple Vehicle Pack/Prefabs/Car_4.prefab
  artifactKey: Guid(ab26596a331d7ee43a3e9d29e2be9f84) Importer(815301076,1909f56bfc062723c751e8b465ee728b)
Start importing Assets/Imported Assets/Simple Vehicle Pack/Prefabs/Car_4.prefab using Guid(ab26596a331d7ee43a3e9d29e2be9f84) Importer(815301076,1909f56bfc062723c751e8b465ee728b)  -> (artifact id: '69f22bffa4347da803c063fa59d0442c') in 0.012267 seconds
Number of updated asset objects reloaded before import = 0
Number of asset objects unloaded after import = 33
========================================================================
Received Import Request.
  Time since last request: 0.000012 seconds.
  path: Assets/Imported Assets/Simple Vehicle Pack/Prefabs/Mobile/Car_4.prefab
  artifactKey: Guid(558e73634b44f39458a7ea4a8a56976a) Importer(815301076,1909f56bfc062723c751e8b465ee728b)
Start importing Assets/Imported Assets/Simple Vehicle Pack/Prefabs/Mobile/Car_4.prefab using Guid(558e73634b44f39458a7ea4a8a56976a) Importer(815301076,1909f56bfc062723c751e8b465ee728b)  -> (artifact id: '45e4f0ace4dd694cce840ec182e6a6ea') in 0.041758 seconds
Number of updated asset objects reloaded before import = 0
Number of asset objects unloaded after import = 31
========================================================================
Received Prepare
Begin MonoManager ReloadAssembly
- Loaded All Assemblies, in  0.246 seconds
Refreshing native plugins compatible for Editor in 2.35 ms, found 3 plugins.
Native extension for WindowsStandalone target not found
Mono: successfully reloaded assembly
- Finished resetting the current domain, in  0.643 seconds
Domain Reload Profiling: 887ms
	BeginReloadAssembly (90ms)
		ExecutionOrderSort (0ms)
		DisableScriptedObjects (2ms)
		BackupInstance (0ms)
		ReleaseScriptingObjects (0ms)
		CreateAndSetChildDomain (24ms)
	RebuildCommonClasses (17ms)
	RebuildNativeTypeToScriptingClass (5ms)
	initialDomainReloadingComplete (17ms)
	LoadAllAssembliesAndSetupDomain (114ms)
		LoadAssemblies (148ms)
		RebuildTransferFunctionScriptingTraits (0ms)
		AnalyzeDomain (8ms)
			TypeCache.Refresh (3ms)
				TypeCache.ScanAssembly (0ms)
			ScanForSourceGeneratedMonoScriptInfo (0ms)
			ResolveRequiredComponents (3ms)
	FinalizeReload (643ms)
		ReleaseScriptCaches (0ms)
		RebuildScriptCaches (0ms)
		SetupLoadedEditorAssemblies (284ms)
			LogAssemblyErrors (0ms)
			InitializePlatformSupportModulesInManaged (4ms)
			SetLoadedEditorAssemblies (2ms)
			RefreshPlugins (0ms)
			BeforeProcessingInitializeOnLoad (40ms)
			ProcessInitializeOnLoadAttributes (220ms)
			ProcessInitializeOnLoadMethodAttributes (13ms)
			AfterProcessingInitializeOnLoad (5ms)
			EditorAssembliesLoaded (0ms)
		ExecutionOrderSort2 (0ms)
		AwakeInstancesAfterBackupRestoration (4ms)
Refreshing native plugins compatible for Editor in 2.68 ms, found 3 plugins.
Preloading 0 native plugins for Editor in 0.00 ms.
Unloading 3857 Unused Serialized files (Serialized files now loaded: 0)
Unloading 27 unused Assets / (102.9 KB). Loaded Objects now: 4491.
Memory consumption went from 162.8 MB to 162.7 MB.
Total: 2.035600 ms (FindLiveObjects: 0.192400 ms CreateObjectMapping: 0.045300 ms MarkObjects: 1.748800 ms  DeleteObjects: 0.048400 ms)

Prepare: number of updated asset objects reloaded= 0
AssetImportParameters requested are different than current active one (requested -> active):
  custom:container-demuxer-ogg: 62fdf1f143b41e24485cea50d1cbac27 -> 
  custom:video-codec-MediaFoundation-h265: 746d11721c4dcdbdad8f713fa42b33f4 -> 
  custom:video-decoder-ogg-theora: a1e56fd34408186e4bbccfd4996cb3dc -> 
  custom:framework-win-MediaFoundation: 216162199b28c13a410421893ffa2e32 -> 
  custom:CustomObjectIndexerAttribute: 6d391050e5a25f67b0a2c618074f2cd9 -> 
  custom:container-demuxer-webm: 4f35f7cbe854078d1ac9338744f61a02 -> 
  custom:container-muxer-webm: aa71ff27fc2769a1b78a27578f13a17b -> 
  custom:video-decoder-webm-vp8: 9c59270c3fd7afecdb556c50c9e8de78 -> 
  custom:SearchIndexIgnoredProperties: e643bd26f0fe6173181afceb89e7c659 -> 
  custom:AudioImporter_EditorPlatform: d09bf68614088b80899f8185d706f6e7 -> 
  custom:video-encoder-webm-vp8: eb34c28f22e8b96e1ab97ce403110664 -> 
  custom:audio-decoder-ogg-vorbis: bf7c407c2cedff20999df2af8eb42d56 -> 
  custom:audio-encoder-webm-vorbis: bf7c407c2cedff20999df2af8eb42d56 -> 
========================================================================
Received Prepare
Begin MonoManager ReloadAssembly
- Loaded All Assemblies, in  0.245 seconds
Refreshing native plugins compatible for Editor in 2.09 ms, found 3 plugins.
Native extension for WindowsStandalone target not found
Mono: successfully reloaded assembly
- Finished resetting the current domain, in  0.686 seconds
Domain Reload Profiling: 930ms
	BeginReloadAssembly (94ms)
		ExecutionOrderSort (0ms)
		DisableScriptedObjects (3ms)
		BackupInstance (0ms)
		ReleaseScriptingObjects (0ms)
		CreateAndSetChildDomain (24ms)
	RebuildCommonClasses (17ms)
	RebuildNativeTypeToScriptingClass (5ms)
	initialDomainReloadingComplete (16ms)
	LoadAllAssembliesAndSetupDomain (112ms)
		LoadAssemblies (147ms)
		RebuildTransferFunctionScriptingTraits (0ms)
		AnalyzeDomain (8ms)
			TypeCache.Refresh (3ms)
				TypeCache.ScanAssembly (0ms)
			ScanForSourceGeneratedMonoScriptInfo (0ms)
			ResolveRequiredComponents (3ms)
	FinalizeReload (686ms)
		ReleaseScriptCaches (0ms)
		RebuildScriptCaches (0ms)
		SetupLoadedEditorAssemblies (292ms)
			LogAssemblyErrors (0ms)
			InitializePlatformSupportModulesInManaged (4ms)
			SetLoadedEditorAssemblies (3ms)
			RefreshPlugins (0ms)
			BeforeProcessingInitializeOnLoad (40ms)
			ProcessInitializeOnLoadAttributes (228ms)
			ProcessInitializeOnLoadMethodAttributes (13ms)
			AfterProcessingInitializeOnLoad (5ms)
			EditorAssembliesLoaded (0ms)
		ExecutionOrderSort2 (0ms)
		AwakeInstancesAfterBackupRestoration (5ms)
Refreshing native plugins compatible for Editor in 2.16 ms, found 3 plugins.
Preloading 0 native plugins for Editor in 0.00 ms.
Unloading 3858 Unused Serialized files (Serialized files now loaded: 0)
Unloading 27 unused Assets / (102.9 KB). Loaded Objects now: 4507.
Memory consumption went from 164.9 MB to 164.8 MB.
Total: 2.209200 ms (FindLiveObjects: 0.196200 ms CreateObjectMapping: 0.043600 ms MarkObjects: 1.921700 ms  DeleteObjects: 0.047000 ms)

Prepare: number of updated asset objects reloaded= 0
AssetImportParameters requested are different than current active one (requested -> active):
  custom:container-demuxer-ogg: 62fdf1f143b41e24485cea50d1cbac27 -> 
  custom:video-codec-MediaFoundation-h265: 746d11721c4dcdbdad8f713fa42b33f4 -> 
  custom:video-decoder-ogg-theora: a1e56fd34408186e4bbccfd4996cb3dc -> 
  custom:framework-win-MediaFoundation: 216162199b28c13a410421893ffa2e32 -> 
  custom:CustomObjectIndexerAttribute: 6d391050e5a25f67b0a2c618074f2cd9 -> 
  custom:container-demuxer-webm: 4f35f7cbe854078d1ac9338744f61a02 -> 
  custom:container-muxer-webm: aa71ff27fc2769a1b78a27578f13a17b -> 
  custom:video-decoder-webm-vp8: 9c59270c3fd7afecdb556c50c9e8de78 -> 
  custom:SearchIndexIgnoredProperties: e643bd26f0fe6173181afceb89e7c659 -> 
  custom:AudioImporter_EditorPlatform: d09bf68614088b80899f8185d706f6e7 -> 
  custom:video-encoder-webm-vp8: eb34c28f22e8b96e1ab97ce403110664 -> 
  custom:audio-decoder-ogg-vorbis: bf7c407c2cedff20999df2af8eb42d56 -> 
  custom:audio-encoder-webm-vorbis: bf7c407c2cedff20999df2af8eb42d56 -> 
========================================================================
Received Prepare
Begin MonoManager ReloadAssembly
- Loaded All Assemblies, in  0.248 seconds
Refreshing native plugins compatible for Editor in 2.18 ms, found 3 plugins.
Native extension for WindowsStandalone target not found
Mono: successfully reloaded assembly
- Finished resetting the current domain, in  0.710 seconds
Domain Reload Profiling: 955ms
	BeginReloadAssembly (91ms)
		ExecutionOrderSort (0ms)
		DisableScriptedObjects (3ms)
		BackupInstance (0ms)
		ReleaseScriptingObjects (0ms)
		CreateAndSetChildDomain (24ms)
	RebuildCommonClasses (21ms)
	RebuildNativeTypeToScriptingClass (6ms)
	initialDomainReloadingComplete (17ms)
	LoadAllAssembliesAndSetupDomain (110ms)
		LoadAssemblies (144ms)
		RebuildTransferFunctionScriptingTraits (0ms)
		AnalyzeDomain (7ms)
			TypeCache.Refresh (3ms)
				TypeCache.ScanAssembly (0ms)
			ScanForSourceGeneratedMonoScriptInfo (0ms)
			ResolveRequiredComponents (3ms)
	FinalizeReload (710ms)
		ReleaseScriptCaches (0ms)
		RebuildScriptCaches (0ms)
		SetupLoadedEditorAssemblies (311ms)
			LogAssemblyErrors (0ms)
			InitializePlatformSupportModulesInManaged (4ms)
			SetLoadedEditorAssemblies (2ms)
			RefreshPlugins (0ms)
			BeforeProcessingInitializeOnLoad (44ms)
			ProcessInitializeOnLoadAttributes (240ms)
			ProcessInitializeOnLoadMethodAttributes (15ms)
			AfterProcessingInitializeOnLoad (6ms)
			EditorAssembliesLoaded (0ms)
		ExecutionOrderSort2 (0ms)
		AwakeInstancesAfterBackupRestoration (5ms)
Refreshing native plugins compatible for Editor in 3.69 ms, found 3 plugins.
Preloading 0 native plugins for Editor in 0.00 ms.
Unloading 3858 Unused Serialized files (Serialized files now loaded: 0)
Unloading 27 unused Assets / (102.9 KB). Loaded Objects now: 4523.
Memory consumption went from 166.9 MB to 166.8 MB.
Total: 2.298000 ms (FindLiveObjects: 0.228700 ms CreateObjectMapping: 0.137600 ms MarkObjects: 1.883800 ms  DeleteObjects: 0.047200 ms)

Prepare: number of updated asset objects reloaded= 0
AssetImportParameters requested are different than current active one (requested -> active):
  custom:container-demuxer-ogg: 62fdf1f143b41e24485cea50d1cbac27 -> 
  custom:video-codec-MediaFoundation-h265: 746d11721c4dcdbdad8f713fa42b33f4 -> 
  custom:video-decoder-ogg-theora: a1e56fd34408186e4bbccfd4996cb3dc -> 
  custom:framework-win-MediaFoundation: 216162199b28c13a410421893ffa2e32 -> 
  custom:CustomObjectIndexerAttribute: 6d391050e5a25f67b0a2c618074f2cd9 -> 
  custom:container-demuxer-webm: 4f35f7cbe854078d1ac9338744f61a02 -> 
  custom:container-muxer-webm: aa71ff27fc2769a1b78a27578f13a17b -> 
  custom:video-decoder-webm-vp8: 9c59270c3fd7afecdb556c50c9e8de78 -> 
  custom:SearchIndexIgnoredProperties: e643bd26f0fe6173181afceb89e7c659 -> 
  custom:AudioImporter_EditorPlatform: d09bf68614088b80899f8185d706f6e7 -> 
  custom:video-encoder-webm-vp8: eb34c28f22e8b96e1ab97ce403110664 -> 
  custom:audio-decoder-ogg-vorbis: bf7c407c2cedff20999df2af8eb42d56 -> 
  custom:audio-encoder-webm-vorbis: bf7c407c2cedff20999df2af8eb42d56 -> 
